ds,yhat,yhat_lower,yhat_upper,y,cutoff
1997-07-04,7.444478840525189,6.555747613911289,8.376331440570768,7.249742,1997-07-03
1997-07-06,7.508300659618146,6.6623791299701445,8.364585279722123,7.243448,1997-07-03
1997-07-07,7.461168251656355,6.519214744583669,8.386821557080367,7.684971,1997-07-03
1997-07-08,7.595962173021556,6.656085726692915,8.510118355609672,7.678639,1997-07-03
1997-07-09,7.549231402338788,6.693960111760218,8.439201681464855,7.009588,1997-07-03
1997-07-10,7.468093535392317,6.575259288324701,8.3602464246096,7.068498,1997-07-03
1997-07-11,7.6405424201450955,6.759830070450823,8.576966145915316,6.992977,1997-07-03
1997-07-12,7.797103816055523,6.864568458862254,8.725404089141513,7.52292,1997-07-03
1997-07-13,7.810030318326266,6.888082780261644,8.691771252495645,7.225186,1997-07-03
1997-07-14,7.804640825510145,6.853893754528108,8.728728698848002,7.181481,1997-07-03
1997-07-15,7.863533958426078,6.939152184712809,8.797311136348117,7.453522,1997-07-03
1997-07-16,7.873893560837872,7.005323635299607,8.735286756681429,7.660136,1997-07-03
1997-07-17,7.970938761055013,7.0535779580439195,8.844474913610354,8.161829,1997-07-03
1997-08-01,8.060595670204938,7.210648256928867,8.925365922588627,7.930473,1997-07-31
1997-08-02,7.968935699644941,7.228135684296883,8.79117343991016,7.823395,1997-07-31
1997-08-03,7.875243875171023,7.099800506903447,8.639204515826545,7.977561,1997-07-31
1997-08-04,7.8083742450715805,7.043128732471857,8.618251327842291,8.176931,1997-07-31
1997-08-05,7.848100799824469,7.088805172676966,8.698858477507407,8.358644,1997-07-31
1997-08-06,7.710992146286608,6.8887356749202775,8.501053137462794,8.827653,1997-07-31
1997-08-07,7.794416791317438,7.004648033286472,8.641438896016963,9.047479,1997-07-31
1997-08-08,7.61951424938214,6.775506405942233,8.413569995471807,8.936785,1997-07-31
1997-08-09,7.524363057022117,6.74021270815075,8.338725200466316,8.489121,1997-07-31
1997-08-10,7.603931143006191,6.784300415919431,8.400934060626573,8.651658,1997-07-31
1997-08-11,7.353977416280191,6.532621785009477,8.112536372804863,8.353342,1997-07-31
1997-08-12,7.360935368429603,6.526868848461011,8.157922090355067,7.682255,1997-07-31
1997-08-13,7.407498928582363,6.612021839243867,8.244946911908322,7.788331,1997-07-31
1997-08-14,7.23821698285093,6.4137638776022445,8.078111301138138,8.018776,1997-07-31
1997-08-29,8.51118467199316,7.671973696822502,9.333273234799442,8.2938,1997-08-28
1997-08-30,8.59113038748829,7.746733245266874,9.404942574772441,9.019098,1997-08-28
1997-08-31,8.604896308840674,7.8515778045744895,9.431443982702879,8.641068,1997-08-28
1997-09-01,8.34516157759864,7.551983610018929,9.204667443413864,8.361063,1997-08-28
1997-09-02,8.43568672003222,7.622495011619567,9.305000847856295,8.461501,1997-08-28
1997-09-03,8.443510306167111,7.660315305469911,9.282626315195749,8.446485,1997-08-28
1997-09-04,8.607418371927404,7.776359360453969,9.468019355571187,9.128878,1997-08-28
1997-09-05,8.755406460895403,7.892850590120222,9.568477964084353,9.138703,1997-08-28
1997-09-06,8.749010496612557,7.919321629808375,9.56563231459211,9.469073,1997-08-28
1997-09-07,8.614740032596389,7.80604505829863,9.482736406583966,9.575142,1997-08-28
1997-09-08,8.564340717624763,7.7129639891390305,9.396597253102366,9.097286,1997-08-28
1997-09-09,8.631190992206054,7.779998577386075,9.43020964515942,9.008598,1997-08-28
1997-09-10,8.677408718732515,7.849736049242832,9.54893649077006,9.587526,1997-08-28
1997-09-11,8.632781238132232,7.837179328548538,9.466736506629617,9.702221,1997-08-28
1997-09-26,8.728053845478412,7.889116637854884,9.515934605249633,9.04029,1997-09-25
1997-09-27,9.069466536412856,8.27355167584055,9.87217910248579,8.754754,1997-09-25
1997-09-28,9.111896010716658,8.322225982600797,9.939609871422643,9.187431,1997-09-25
1997-09-29,8.949339479405685,8.15403881866991,9.750462360566427,9.265652,1997-09-25
1997-09-30,8.879346821983283,8.079238209972845,9.628879186755197,8.786924,1997-09-25
1997-10-01,8.686080596338691,7.889240264647574,9.522009359768116,8.907084,1997-09-25
1997-10-02,8.643407919927268,7.811878521288307,9.449102687183101,9.074681,1997-09-25
1997-10-03,8.503914971396544,7.648335054275638,9.2920436286685,8.258095,1997-09-25
1997-10-04,8.356582885107533,7.536136583028661,9.197235973119515,8.049989,1997-09-25
1997-10-05,8.267404375368296,7.388297886225791,9.169296309773024,7.512534,1997-09-25
1997-10-06,8.1697924311448,7.368685604156154,8.93252715820801,7.741645,1997-09-25
1997-10-07,8.273855398761008,7.468197571974583,9.068848518734303,7.856588,1997-09-25
1997-10-08,8.305430495536195,7.468329328973203,9.14992582436276,8.3268,1997-09-25
1997-10-09,8.430976755862932,7.667850853643101,9.257282700327277,9.255207,1997-09-25
1997-10-24,9.370696207121915,8.607676747554928,10.226634787916954,10.006163,1997-10-23
1997-10-25,9.457819963714918,8.641600423174706,10.223692714563578,10.049567,1997-10-23
1997-10-26,9.480455383685992,8.730341794507455,10.318821436318702,8.882013,1997-10-23
1997-10-27,9.512038550765975,8.715947335404177,10.35055836216247,8.609326,1997-10-23
1997-10-28,9.736340968871238,8.942207875824066,10.542433069014683,8.090751,1997-10-23
1997-10-29,9.685463225711478,8.918222539965335,10.481338056621784,8.49463,1997-10-23
1997-10-30,9.639312187310221,8.830930356935637,10.428834729930283,8.862882,1997-10-23
1997-10-31,9.714010282224441,8.90499088291919,10.539400828547372,8.749641,1997-10-23
1997-11-01,9.557778302131558,8.738409540081998,10.369647487765233,8.739068,1997-10-23
1997-11-02,9.507278822624889,8.727507492861225,10.307720626932486,8.364621,1997-10-23
1997-11-03,9.420156568468244,8.647486737878326,10.18085564763023,8.344234,1997-10-23
1997-11-04,9.46202846295876,8.685425328269345,10.279749466595996,8.912081,1997-10-23
1997-11-05,9.268383178419935,8.448779129015293,10.07219588398595,9.127317,1997-10-23
1997-11-06,9.143764846720858,8.305093480993424,9.937488257130155,9.588053,1997-10-23
1997-11-21,8.568627635507267,7.710407147319091,9.472693987940449,7.799309,1997-11-20
1997-11-23,8.277313291238919,7.317283690118702,9.208858162293467,7.878647,1997-11-20
1997-11-24,8.351415955336359,7.489967311416084,9.29744560351111,8.069234,1997-11-20
1997-11-25,8.609522900428482,7.7166424646622005,9.505728616837226,7.840137,1997-11-20
1997-11-26,8.844829070166375,7.956810508496374,9.701638968243167,7.735873,1997-11-20
1997-11-27,8.807730120483058,7.887409684915042,9.729720431654432,7.450316,1997-11-20
1997-11-29,9.045476608541549,8.187343919445635,9.93873634488865,7.949922,1997-11-20
1997-11-30,9.115531220757351,8.221171508422806,9.973953802339619,8.069707,1997-11-20
1997-12-01,9.215312350280902,8.302701845739646,10.024688241889628,8.234987,1997-11-20
1997-12-02,9.270799491908589,8.365869848101354,10.208445769827422,8.190788,1997-11-20
1997-12-03,9.427582910771152,8.494889408977343,10.297967036733711,8.884077,1997-11-20
1997-12-04,9.550398926614521,8.598381987350749,10.4710282974736,8.317272,1997-11-20
1997-12-19,10.39260216001384,9.5682675905062,11.196417885127264,10.22339,1997-12-18
1997-12-20,10.24045666669904,9.430186688056114,11.186978995993448,10.582165,1997-12-18
1997-12-21,10.28146099179098,9.44073726445061,11.173108040949904,10.054161,1997-12-18
1997-12-23,10.120183395928501,9.249411200337988,11.032189107329796,9.343192,1997-12-18
1997-12-24,10.08632550278509,9.189674327472867,10.971187479439857,9.572783,1997-12-18
1997-12-25,9.834749774339455,8.928590632397075,10.744259085936468,8.86625,1997-12-18
1997-12-26,9.822290795737805,8.876508119470753,10.679932299680376,7.970063,1997-12-18
1997-12-27,9.731821472044718,8.91332990694993,10.599134107954416,9.021662,1997-12-18
1997-12-28,9.76864409954685,8.896570341891717,10.643429722023086,7.579285,1997-12-18
1997-12-29,9.750687141980405,8.886157039735046,10.597975525569336,8.588435,1997-12-18
1997-12-30,9.955737687923484,9.141536177421749,10.843795044637215,9.732904,1997-12-18
1997-12-31,10.079163635113348,9.126013980859199,10.927926061440978,9.596456,1997-12-18
1998-01-01,9.99128102762062,9.133465652482165,10.908913478806912,10.345094,1997-12-18
1998-01-16,10.833612462686471,9.97598989970803,11.730881708684445,9.925634,1998-01-15
1998-01-17,10.839523245447394,10.019226980820724,11.747087978058055,9.206506,1998-01-15
1998-01-18,10.8402708795516,9.983195022996025,11.772401448120394,8.10909,1998-01-15
1998-01-19,10.858836328846975,9.966803167620478,11.703253630581216,8.061464,1998-01-15
1998-01-20,10.915825485673428,10.00721478141715,11.791415592808297,8.1222,1998-01-15
1998-01-21,10.842726105995355,9.933728073779234,11.727388000485929,8.061418,1998-01-15
1998-01-22,10.841092162606484,9.933700132696385,11.707831233937515,8.49187,1998-01-15
1998-01-23,10.922289929054065,10.063384498240374,11.914184185542343,7.979961,1998-01-15
1998-01-24,10.800915314889258,9.928605972168612,11.66653680372394,7.832175,1998-01-15
1998-01-25,10.681991449799739,9.823681459459909,11.581053598911874,9.096199,1998-01-15
1998-01-26,10.636242654673392,9.680648891224054,11.542093069694909,9.014403,1998-01-15
1998-01-27,10.538812241114908,9.72586525747943,11.469647924718286,10.646957,1998-01-15
1998-01-28,10.331063663514378,9.416623760674081,11.272430703055075,10.01073,1998-01-15
1998-01-29,10.411266589611616,9.491416248941862,11.231824889103759,10.170128,1998-01-15
1998-02-13,9.952545519806945,8.992676416663702,10.853517856944029,10.497734,1998-02-12
1998-02-14,9.949919901250219,8.994012142951863,10.878820813041543,10.463542,1998-02-12
1998-02-15,9.95399580923487,9.019570055358036,10.914323804498979,10.931058,1998-02-12
1998-02-16,9.991456684388442,9.010535370800767,10.93708634267639,10.627415,1998-02-12
1998-02-17,10.175007462583636,9.20744601365183,11.17132960158107,11.044539,1998-02-12
1998-02-18,10.166014771894243,9.226547247355265,11.101888546099211,11.110239,1998-02-12
1998-02-19,10.12693337909834,9.176775802517504,11.095309672120722,10.689882,1998-02-12
1998-02-20,10.36958282660255,9.461851836907597,11.329174567097652,11.538487,1998-02-12
1998-02-21,10.344608132030396,9.335924438597022,11.270270399345309,10.63413,1998-02-12
1998-02-22,10.293091511107225,9.34465579813249,11.256795021169292,9.972529,1998-02-12
1998-02-23,10.286033112400059,9.372844859904053,11.224966839968042,9.809991,1998-02-12
1998-02-24,10.507738787301076,9.566179130059309,11.518014901882797,11.004577,1998-02-12
1998-02-25,10.55459477682623,9.561655774225299,11.480003661686807,11.145044,1998-02-12
1998-03-13,11.033077363332927,10.131853288359371,11.96300254559574,8.622254,1998-03-12
1998-03-14,11.094995928488414,10.193048811743163,12.049651707831991,8.686032,1998-03-12
1998-03-15,11.017250807434953,10.070615351539464,11.856615379278248,9.19909,1998-03-12
1998-03-16,10.998232697785003,10.030944253704119,11.908864777494381,9.127812,1998-03-12
1998-03-17,10.960074840937532,10.04619336192057,11.897278087223647,9.878808,1998-03-12
1998-03-18,10.90703046758531,9.941340913564394,11.824494105720188,10.142536,1998-03-12
1998-03-20,11.05138900416067,10.120611642935964,11.953776878319196,10.902115,1998-03-12
1998-03-21,11.124339956099574,10.176963658759085,12.050042317999834,11.365367,1998-03-12
1998-03-22,11.02578093285685,10.154380705684462,11.996019104171864,11.220214,1998-03-12
1998-03-23,10.910117527966893,10.029817177254179,11.829417511351737,10.600644,1998-03-12
1998-03-24,10.875736931540107,9.95517545239959,11.810825608287365,9.845575,1998-03-12
1998-03-25,10.793926550935113,9.816021302579452,11.684616446811175,8.88934,1998-03-12
1998-03-26,10.84061827915785,9.862913126290545,11.8308119825687,9.207048,1998-03-12
1998-04-10,9.981534859362199,9.044299744370742,10.967829800549922,10.386367,1998-04-09
1998-04-11,9.85190782522512,8.88992358487407,10.82343344658457,10.258782,1998-04-09
1998-04-12,9.687187230099001,8.713705795678388,10.620256736741132,9.813836,1998-04-09
1998-04-13,9.68425629702948,8.7339641756652,10.61348955890855,9.511328,1998-04-09
1998-04-14,9.695283003621967,8.699741504186818,10.615560006597354,9.388594,1998-04-09
1998-04-15,9.564383139887894,8.58874107677952,10.511470979702258,9.889731,1998-04-09
1998-04-16,9.587632739856046,8.670512488197401,10.533866289648877,9.371287,1998-04-09
1998-04-17,9.758562138575643,8.781833559053359,10.72310018851343,9.090598,1998-04-09
1998-04-18,9.667030437039129,8.733119264475034,10.594077970234196,8.972969,1998-04-09
1998-04-19,9.529627118419455,8.613910212097537,10.49979118189573,8.3559,1998-04-09
1998-04-20,9.2169576841305,8.36807138458872,10.19558826257231,8.052552,1998-04-09
1998-04-21,9.079541496363188,8.126119547151262,10.034446581198877,7.926778,1998-04-09
1998-04-22,8.986804806777847,8.083860147550848,9.999419424450748,7.65288,1998-04-09
1998-04-23,8.846742597446633,7.889400884400204,9.796549037790998,7.601343,1998-04-09
1998-05-08,9.62253128671149,8.802876073881862,10.458903475533969,10.490454,1998-05-07
1998-05-09,9.740502775538008,8.886533350540386,10.65068641488759,9.858185,1998-05-07
1998-05-10,9.555551423055906,8.768474815691613,10.432365696050901,9.627584,1998-05-07
1998-05-11,9.602777662873738,8.834070881334558,10.419991536459673,10.403518,1998-05-07
1998-05-12,9.603815030857117,8.732569497974888,10.466018103927016,10.746467,1998-05-07
1998-05-13,9.464407397834833,8.614656804534341,10.326030356226958,9.945273,1998-05-07
1998-05-14,9.357967385203084,8.518752126083474,10.248246576613962,9.820318,1998-05-07
1998-05-15,9.34934135664447,8.556422269399302,10.139653605501113,9.851646,1998-05-07
1998-05-16,9.310596854810989,8.467473828357738,10.100283586625116,10.4504,1998-05-07
1998-05-17,9.141796259944057,8.347559203447565,9.97456404184535,9.769636,1998-05-07
1998-05-18,9.01806865523561,8.143376495000899,9.807216322914742,9.695438,1998-05-07
1998-05-19,8.931082931184932,8.095777307267781,9.761133494192665,9.874643,1998-05-07
1998-05-20,8.897682437072955,8.036842967129564,9.75503031402441,9.84804,1998-05-07
1998-05-21,8.72398016346277,7.84823624344604,9.56397743562539,9.776203,1998-05-07
1998-06-05,8.285425708651283,7.3266122704172165,9.315052201698311,7.601757,1998-06-04
1998-06-06,8.369178217679101,7.44312293872317,9.338772263646407,7.132899,1998-06-04
1998-06-07,8.33406869102912,7.41191181483977,9.256425623515073,6.916115,1998-06-04
1998-06-08,8.360679470209568,7.39585523112632,9.31411271989585,7.255734,1998-06-04
1998-06-09,8.372215358184024,7.372417621558306,9.257529326923548,7.973586,1998-06-04
1998-06-10,8.374152061672387,7.420832625714086,9.291919104891619,7.902462,1998-06-04
1998-06-11,8.379620898900011,7.401524003528261,9.320183200108358,7.543854,1998-06-04
1998-06-12,8.440006232146205,7.4424654869998825,9.406992597829857,7.602271,1998-06-04
1998-06-13,8.554604757680393,7.577657808639666,9.44832740519082,7.609687,1998-06-04
1998-06-14,8.737678046744401,7.789966856290453,9.647785761543252,7.635219,1998-06-04
1998-06-15,8.691792360592771,7.779132557290586,9.622881421204236,7.927222,1998-06-04
1998-06-16,8.761119859252883,7.836631771378609,9.785523244056629,7.713627,1998-06-04
1998-06-17,8.753251099647118,7.837400224320007,9.684704195092229,8.038803,1998-06-04
1998-06-18,8.726100244862511,7.812397084154014,9.649593146155652,8.052122,1998-06-04
1998-07-03,8.313338518325324,7.379274004081247,9.177577743801473,8.163696,1998-07-02
1998-07-04,8.333673909680622,7.5099425092139045,9.258613615191308,7.977236,1998-07-02
1998-07-05,8.227092275006507,7.354730607876433,9.167971371569136,7.823548,1998-07-02
1998-07-06,8.184574952612852,7.361415073555595,9.112348366314048,7.31047,1998-07-02
1998-07-07,8.15025199671915,7.233470764973489,9.083459846662786,7.765644,1998-07-02
1998-07-08,8.050652610830037,7.141063624147169,8.917375098293007,7.170579,1998-07-02
1998-07-09,8.033820011317264,7.1546678442685865,8.96308470055388,7.256794,1998-07-02
1998-07-10,8.13733791403982,7.351357264836298,8.975204387506869,7.06312,1998-07-02
1998-07-11,8.043664741109291,7.151314009845367,8.877662451260035,7.345368,1998-07-02
1998-07-12,7.899646687431875,6.966604303018761,8.810782451870594,7.54972,1998-07-02
1998-07-13,8.000765027759712,7.078648523815161,8.880792790280378,7.377028,1998-07-02
1998-07-14,8.164052129942887,7.241438837266459,8.992059196224165,6.94561,1998-07-02
1998-07-15,8.22563279574679,7.240335850472964,9.055434978806755,6.947139,1998-07-02
1998-07-16,8.333163679616227,7.43943365174708,9.208228561833947,6.617056,1998-07-02
1998-07-31,8.356901055735424,7.4267067613248985,9.305073451827019,7.721498,1998-07-30
1998-08-01,8.404272179271363,7.494013478859634,9.354059242179957,7.909548,1998-07-30
1998-08-02,8.371122842072223,7.383790290453636,9.329009557614773,8.179155,1998-07-30
1998-08-03,8.27144816924428,7.319317304001796,9.235437881389354,8.191202,1998-07-30
1998-08-04,8.263809601865724,7.330791214061456,9.279425615014427,7.656003,1998-07-30
1998-08-05,8.155038189967328,7.168569970512362,9.086180402392284,7.454674,1998-07-30
1998-08-06,8.262226396961863,7.269669525681506,9.18577283535673,7.727827,1998-07-30
1998-08-07,8.325197330267537,7.261072438937145,9.21978873630805,8.855589,1998-07-30
1998-08-08,8.140198948088944,7.158963668658888,9.06789027474975,8.697397,1998-07-30
1998-08-09,8.203700599894649,7.197687678973425,9.123891255692694,8.305511,1998-07-30
1998-08-10,8.210923539261794,7.248432552314322,9.176800208546952,8.444985,1998-07-30
1998-08-11,8.270350543671965,7.333577369071168,9.200307608931961,8.810502,1998-07-30
1998-08-12,8.207847423792783,7.142419516405851,9.121211900254506,8.690449,1998-07-30
1998-08-13,8.164992379325394,7.248097915455075,9.172200333000145,8.143838,1998-07-30
1998-08-28,8.288355012177053,7.352178721299171,9.177020516457333,7.589756,1998-08-27
1998-08-29,8.229943750242104,7.256962956872435,9.148980517280762,7.288163,1998-08-27
1998-08-30,8.30853539813605,7.28925434233873,9.282188061328856,7.072387,1998-08-27
1998-08-31,8.301696906366494,7.366149727297422,9.2599307425882,7.458726,1998-08-27
1998-09-01,8.374767061244512,7.372349849973054,9.265253280583782,7.432702,1998-08-27
1998-09-02,8.293350385118016,7.368544254403679,9.278603979937264,6.89624,1998-08-27
1998-09-03,8.474323151600638,7.512781760384585,9.421750197452035,7.076232,1998-08-27
1998-09-04,8.666833294294536,7.728056326494224,9.571517872362564,7.210375,1998-08-27
1998-09-05,8.83525517508226,7.8189237341880204,9.832576450222508,7.556983,1998-08-27
1998-09-06,8.796786545567862,7.820271805287341,9.811635845075953,7.303266,1998-08-27
1998-09-07,8.746330814670365,7.726989783896631,9.711712704352289,7.398422,1998-08-27
1998-09-08,8.82548426012852,7.8265453151083735,9.807141532153882,7.563211,1998-08-27
1998-09-09,8.796138792634885,7.828581287501228,9.698219613110693,8.383896,1998-08-27
1998-09-10,8.770637177175963,7.786027615300691,9.67834428396088,7.982393,1998-08-27
1998-09-25,8.739355059593082,7.81248743294563,9.733144228297546,7.930948,1998-09-24
1998-09-26,8.79763374264274,7.806090448235249,9.693887217119089,7.872934,1998-09-24
1998-09-27,8.819052880406792,7.806882655036207,9.738204155417884,8.337146,1998-09-24
1998-09-28,8.664473652456298,7.803322324258485,9.642925604615735,8.227324,1998-09-24
1998-09-29,8.592486599440903,7.6258725918913965,9.489658251985283,8.575105,1998-09-24
1998-09-30,8.47015894992084,7.548171364240022,9.390688418805878,7.916758,1998-09-24
1998-10-01,8.38786622083828,7.537278189116037,9.248133873413131,7.629095,1998-09-24
1998-10-02,8.576836980268316,7.596557448390539,9.565968447286814,7.914989,1998-09-24
1998-10-03,8.57757994278281,7.623278369646207,9.539746326616598,7.929098,1998-09-24
1998-10-04,8.540356722583995,7.593205230716037,9.511214373064632,8.560111,1998-09-24
1998-10-05,8.6371251561933,7.731059321412906,9.549838950766027,8.638304,1998-09-24
1998-10-06,8.639329594398577,7.757208371203758,9.613333247823824,7.950547,1998-09-24
1998-10-07,8.531324781262539,7.589151437174233,9.399655797222879,8.005045,1998-09-24
1998-10-08,8.543864391642737,7.619524156948457,9.561541714443829,8.506263,1998-09-24
1998-10-23,8.932326846671904,7.938927180170654,10.005739821137466,9.056739,1998-10-22
1998-10-24,9.025135712841823,8.02072243547361,9.975363466215372,8.543199,1998-10-22
1998-10-25,9.089347120994058,8.0820377008408,10.158515105232668,7.921073,1998-10-22
1998-10-26,9.053788525284213,7.963585926642119,10.081598352840015,7.386986,1998-10-22
1998-10-27,9.146349372715418,8.05801030922307,10.21688852279405,7.075646,1998-10-22
1998-10-28,9.203124272478362,8.174570761667534,10.196900648427583,6.896758,1998-10-22
1998-10-29,9.044404797991659,8.08336620240092,10.069236826105477,7.634113,1998-10-22
1998-10-30,9.150780707039011,8.128471035871788,10.186056572496803,7.690674,1998-10-22
1998-10-31,9.116655378300884,8.064850936776331,10.19999314386999,7.336424,1998-10-22
1998-11-01,9.223930680103786,8.198459487670652,10.281617880064701,7.430991,1998-10-22
1998-11-02,9.151914290398787,8.157054924734581,10.252230968958626,7.494159,1998-10-22
1998-11-03,9.109214972263116,8.083242775719617,10.196583045529776,7.53597,1998-10-22
1998-11-04,9.127863795627338,8.135638662576905,10.180339374735492,7.520556,1998-10-22
1998-11-05,9.111058343151853,8.057626096658838,10.094701139581879,7.547863,1998-10-22
1998-11-20,8.164608183017975,7.071424278683774,9.185893407263626,8.570425,1998-11-19
1998-11-21,8.17237373895293,7.062036178202002,9.239471688933316,8.10956,1998-11-19
1998-11-22,8.16190342352658,7.0092774149573565,9.22684696637946,7.204549,1998-11-19
1998-11-23,8.197250522425804,7.174765772103797,9.230580122129053,8.203447,1998-11-19
1998-11-24,8.190348159177594,7.093018720234176,9.25304356378673,7.232278,1998-11-19
1998-11-25,8.167385460359492,7.123906690821462,9.227923629066979,7.921127,1998-11-19
1998-11-26,8.258319636531478,7.2241393027199985,9.205938730963902,8.839019,1998-11-19
1998-11-27,8.44688991662426,7.386228911251086,9.480496848367743,8.57356,1998-11-19
1998-11-28,8.458063272354911,7.467508222116046,9.505111860925716,7.850715,1998-11-19
1998-11-29,8.583009312254976,7.555973450176191,9.636224725844087,7.81871,1998-11-19
1998-11-30,8.591880076103044,7.520321150791173,9.700054958114666,8.159691,1998-11-19
1998-12-01,8.777944426875681,7.817583671783179,9.824770372500577,8.659123,1998-11-19
1998-12-02,8.811967956622194,7.754514701099455,9.908683868949796,8.038381,1998-11-19
1998-12-03,8.942345938519589,7.793687843518447,9.978262367588195,8.291373,1998-11-19
1998-12-18,9.695475887328431,8.661756920252156,10.660055550109668,10.679549,1998-12-17
1998-12-19,9.773399354124853,8.68434018660776,10.78785816661007,10.988668,1998-12-17
1998-12-20,9.831402035068301,8.745033963375493,10.862417215734732,11.562039,1998-12-17
1998-12-21,9.854651688806129,8.874180259492872,10.902268772680042,11.099578,1998-12-17
1998-12-22,9.812377098580754,8.768418549558072,10.795015384220099,11.32202,1998-12-17
1998-12-23,9.826969004571875,8.877510930307778,10.86088866005926,11.961868,1998-12-17
1998-12-24,9.896008065756835,8.848449941876126,10.883630459270828,11.625576,1998-12-17
1998-12-25,9.857157781734966,8.803288319883798,10.861074835927695,11.945862,1998-12-17
1998-12-26,9.786537102254096,8.799373529787573,10.798005175953497,11.823109,1998-12-17
1998-12-28,9.636119059788472,8.588475475150952,10.70328308854758,12.604539,1998-12-17
1998-12-29,9.720649834304242,8.68358763455772,10.737529893193829,12.018744,1998-12-17
1998-12-30,9.738153788269255,8.718705125314148,10.796110824852189,12.226241,1998-12-17
1998-12-31,9.72601365856942,8.71849711180128,10.753764875396211,12.338518,1998-12-17
1999-01-15,10.245982723840182,9.38388587092465,11.062741553765555,10.761006,1999-01-14
1999-01-16,10.23445647876652,9.379273924410994,11.092053605701443,11.638867,1999-01-14
1999-01-17,10.233484871919856,9.424287354818139,11.092042295942777,12.320869,1999-01-14
1999-01-18,10.348214945588817,9.48793094447131,11.134305977508296,10.893877,1999-01-14
1999-01-19,10.482542712948716,9.636878077082349,11.348754614978409,10.385097,1999-01-14
1999-01-20,10.491200911485453,9.605355479860235,11.406763989893953,10.561676,1999-01-14
1999-01-21,10.6326381285608,9.759181610752774,11.500133962241112,11.076669,1999-01-14
1999-01-22,10.680580351557579,9.820173956661609,11.59445278298903,10.150206,1999-01-14
1999-01-23,10.725499507466745,9.843701099796883,11.549100794380756,11.660944,1999-01-14
1999-01-24,10.654113024883276,9.728803821379438,11.458794065461097,11.360698,1999-01-14
1999-01-25,10.620734551219728,9.7018537953909,11.435499179754776,11.997482,1999-01-14
1999-01-26,10.758303701757441,9.910130299445212,11.704427064563344,11.248522,1999-01-14
1999-01-27,10.664189871934742,9.816748860006928,11.615621202142348,11.34008,1999-01-14
1999-01-28,10.821226895043685,9.991500763201808,11.68424967011105,11.522832,1999-01-14
1999-02-12,10.44762300088454,9.502389435901863,11.423719939651617,11.183046,1999-02-11
1999-02-13,10.354416750947411,9.463794639803465,11.338905205165032,11.509328,1999-02-11
1999-02-14,10.39087025988256,9.369544588892369,11.327631135532135,11.834638,1999-02-11
1999-02-15,10.461997742899182,9.519796563622656,11.475462884975181,11.708092,1999-02-11
1999-02-16,10.338885849854844,9.34114648931062,11.290202705943146,11.90849,1999-02-11
1999-02-17,10.388399020986684,9.443860802385805,11.41563221729887,12.275138,1999-02-11
1999-02-18,10.442768955626683,9.436532861543519,11.426395308254778,12.11034,1999-02-11
1999-02-19,10.57832377041119,9.63577748488352,11.566941400089735,12.437155,1999-02-11
1999-02-20,10.802007444328751,9.765772418701674,11.772868142293401,13.297658,1999-02-11
1999-02-21,10.821343447139649,9.809156467149158,11.738185264244255,13.806328,1999-02-11
1999-02-22,10.765918198597635,9.75863185931082,11.78001175749212,12.377917,1999-02-11
1999-02-23,10.835225432831848,9.771921864395415,11.874769505302025,12.672962,1999-02-11
1999-02-24,10.784920737414549,9.79523346422337,11.702666113124751,12.812038,1999-02-11
1999-02-25,10.820276890898192,9.878576560743497,11.910073763673696,13.292037,1999-02-11
1999-03-12,10.62804824282438,9.552997938013021,11.669352996989964,10.304761,1999-03-11
1999-03-13,10.654577403409911,9.614977151170772,11.735990952409916,10.545659,1999-03-11
1999-03-14,10.602419974924551,9.536433295227823,11.679062147172504,10.962965,1999-03-11
1999-03-15,10.507491581842185,9.457133919380164,11.55393249916855,11.206321,1999-03-11
1999-03-16,10.533612176534573,9.44305485308691,11.563110413503349,11.033202,1999-03-11
1999-03-17,10.617835341383536,9.557907464088593,11.652296267484985,11.253245,1999-03-11
1999-03-18,10.582652211720603,9.492747908923745,11.569708100842215,11.312643,1999-03-11
1999-03-19,10.597360569813155,9.609584280205501,11.619687620504207,10.624475,1999-03-11
1999-03-20,10.714403304893542,9.666264010021381,11.815160172920123,10.386659,1999-03-11
1999-03-21,10.744552395757866,9.747166213842824,11.74310911718228,10.105898,1999-03-11
1999-03-22,10.661468577730895,9.589034855385318,11.71228372754903,10.16825,1999-03-11
1999-03-23,10.65861089779554,9.601330026307453,11.650223083622015,10.812347,1999-03-11
1999-03-24,10.86247655184324,9.80485429403512,11.905164092646192,10.909655,1999-03-11
1999-03-25,10.856709482263735,9.75205575787712,11.88527430039952,11.249224,1999-03-11
1999-04-09,10.205899745118026,9.195346247221313,11.200336955870903,8.926777,1999-04-08
1999-04-10,10.341287074498883,9.354610072025434,11.365960574146536,8.755574,1999-04-08
1999-04-11,10.167517885464495,9.147018129767117,11.209413558429404,9.375911,1999-04-08
1999-04-12,10.157579406081332,9.135580859217775,11.225727689399339,9.817776,1999-04-08
1999-04-13,10.002835328668809,8.950671404137081,11.054431627462506,9.676071,1999-04-08
1999-04-14,9.920297324717742,8.899345427737657,10.927383718917605,9.605833,1999-04-08
1999-04-15,9.844047435970626,8.886334489697886,10.84383461613562,9.686825,1999-04-08
1999-04-16,9.785492010448642,8.696048293511192,10.868087653024684,10.576356,1999-04-08
1999-04-17,9.842634989035249,8.806843808209656,10.883537824557397,10.58961,1999-04-08
1999-04-18,9.561875258632005,8.464012737140392,10.610769537378044,9.987842,1999-04-08
1999-04-19,9.393677375736237,8.447672331101066,10.419790511314954,9.998346,1999-04-08
1999-04-20,9.196289207849434,8.12753938919448,10.187572811579464,9.53649,1999-04-08
1999-04-21,9.154647323112856,8.097119160937366,10.206943079055572,9.541563,1999-04-08
1999-04-22,8.923279149721665,7.918052868820069,9.98356850962118,9.162385,1999-04-08
1999-05-07,8.890133766676,7.6899244701495215,9.935250748425442,7.431379,1999-05-06
1999-05-08,8.813101917849082,7.723752054155805,9.910092293915813,7.083818,1999-05-06
1999-05-09,8.802427797633653,7.649421251961598,9.831697567917214,7.097418,1999-05-06
1999-05-10,8.639434245896975,7.4582166751556,9.696142318975953,7.189481,1999-05-06
1999-05-11,8.642865585489716,7.547840776423015,9.846000435957563,6.979975,1999-05-06
1999-05-12,8.62800621460504,7.449254387300867,9.659481471693825,7.436884,1999-05-06
1999-05-13,8.471631146591058,7.360441524196944,9.639172506741525,7.304397,1999-05-06
1999-05-14,8.586349681086904,7.437744929547881,9.768405953875492,7.827501,1999-05-06
1999-05-15,8.454619534680576,7.398849929608073,9.61075260287845,7.115746,1999-05-06
1999-05-16,8.349520626215321,7.210939236400829,9.419565613856916,8.047593,1999-05-06
1999-05-17,8.130422455283686,6.939159434147755,9.24608265022814,7.697895,1999-05-06
1999-05-18,8.117776187084903,7.011593986454069,9.273568968797369,8.032931,1999-05-06
1999-05-19,8.147765547698734,7.072329004373816,9.232864103506959,7.800136,1999-05-06
1999-05-20,8.068895661236677,6.968527847038551,9.1786248241842,7.826534,1999-05-06
1999-06-04,7.423877034213643,6.342082736001008,8.556737451571612,7.085302,1999-06-03
1999-06-05,7.497564810845274,6.502133843883168,8.528607032906908,7.101848,1999-06-03
1999-06-06,7.515864170356936,6.447519392032534,8.465421822787127,7.480928,1999-06-03
1999-06-07,7.622166413725885,6.524890295587706,8.638146409974548,7.532809,1999-06-03
1999-06-08,7.531697780369323,6.401397210276956,8.54297827788398,7.13365,1999-06-03
1999-06-09,7.490082822752004,6.438473477657815,8.5960018458284,7.161826,1999-06-03
1999-06-10,7.609174994840822,6.572445326287331,8.749529349171056,7.769065,1999-06-03
1999-06-11,7.60184374442567,6.588023432874747,8.66872030314695,7.641858,1999-06-03
1999-06-12,7.6928017354743545,6.561761156413538,8.772735469154547,7.812554,1999-06-03
1999-06-13,7.6860886606198,6.5841216290155,8.828568408447548,7.678203,1999-06-03
1999-06-14,7.539449477119819,6.443985317076861,8.560755174664079,7.317763,1999-06-03
1999-06-15,7.533891674124645,6.461853707479128,8.580527596725402,7.717439,1999-06-03
1999-06-16,7.37006161350522,6.316363531198707,8.485952392061334,8.064462,1999-06-03
1999-07-08,7.498861490352043,6.5275287705342215,8.447748456261085,8.306598,1999-07-01
1999-07-09,7.615015887187238,6.629581054314419,8.514398539121197,8.721586,1999-07-01
1999-07-10,7.451728020224742,6.405855989808487,8.34128790734152,8.041726,1999-07-01
1999-07-11,7.353162750633244,6.345360133185697,8.371973941369575,7.881068,1999-07-01
1999-07-12,7.370849032561618,6.343332468752953,8.36811874657901,7.94407,1999-07-01
1999-07-13,7.144449932735205,6.1711956007798365,8.087922106423473,7.526587,1999-07-01
1999-07-14,7.162194278807645,6.247638986882389,8.086189265097197,7.870506,1999-07-01
1999-07-15,7.042540947887709,6.0975665853337215,8.000332205298898,7.713286,1999-07-01
1999-07-30,8.354713361573786,7.395398622056477,9.292807594149933,7.755499,1999-07-29
1999-07-31,8.289721298986738,7.262986794660303,9.313128171681997,8.379553,1999-07-29
1999-08-01,8.318765950499166,7.343106765816748,9.355007419067304,8.217872,1999-07-29
1999-08-02,8.310843977449064,7.349539967165277,9.281916949782678,8.167763,1999-07-29
1999-08-03,8.348068267145013,7.345741228835309,9.348264202329641,8.771422,1999-07-29
1999-08-05,8.22551895560469,7.190838496686026,9.15344126636344,8.461871,1999-07-29
1999-08-06,8.27434769543664,7.292251328230186,9.228142907723427,8.360675,1999-07-29
1999-08-07,8.286098881894777,7.2535324421519,9.29155530086117,8.531352,1999-07-29
1999-08-08,8.22028448951397,7.169702970868887,9.19765069730035,8.098711,1999-07-29
1999-08-09,7.962617430087513,6.875506862798309,8.999994692178166,8.497046,1999-07-29
1999-08-10,7.963724126924773,6.941821007324328,8.939406327788245,8.23999,1999-07-29
1999-08-11,8.029959332200754,7.060006635707564,8.995114706570948,8.701421,1999-07-29
1999-08-12,8.009392851003602,7.0188204497854585,9.012869632878779,9.113265,1999-07-29
1999-08-27,7.599345675617731,6.63241262797339,8.63266219480573,7.010004,1999-08-26
1999-08-28,7.6656757873338695,6.648221047777864,8.697601619730035,6.798144,1999-08-26
1999-08-29,7.600196864685717,6.543620224629772,8.540675229715,7.069652,1999-08-26
1999-08-30,7.6496511220614645,6.607207574841787,8.668866793447878,7.235406,1999-08-26
1999-08-31,7.850496815897276,6.78679721991828,8.896499111072298,7.442338,1999-08-26
1999-09-01,7.793373752323233,6.722191586898044,8.79672891655599,7.468989,1999-08-26
1999-09-02,7.959797129434423,7.050850815396047,8.961600801432427,7.359137,1999-08-26
1999-09-03,8.146666420506692,7.060540733312649,9.13289124182146,7.530772,1999-08-26
1999-09-04,8.244171942160419,7.271083626054568,9.229471797706513,7.683419,1999-08-26
1999-09-06,8.33016755553671,7.224374054193299,9.37263078039426,8.078357,1999-08-26
1999-09-07,8.503276677120695,7.43862573901123,9.45226767264103,8.161149,1999-08-26
1999-09-08,8.57074029515166,7.506997420356616,9.610088965099035,8.697509,1999-08-26
1999-09-09,8.487769324797572,7.47811752962163,9.550908436473055,8.290212,1999-08-26
1999-09-24,8.870938749628614,7.862448562346342,9.810793090170813,7.901006,1999-09-23
1999-09-25,8.880320265908061,7.876736135489084,9.887738439606826,7.74856,1999-09-23
1999-09-26,8.786936447107388,7.80531697457341,9.836824795202906,8.472667,1999-09-23
1999-09-27,8.709189880392898,7.73836342767462,9.73417266815761,8.608272,1999-09-23
1999-09-28,8.7577379549312,7.762525783621778,9.75224096354126,8.609202,1999-09-23
1999-09-29,8.816967109860299,7.7716670661122045,9.826660695504172,8.638149,1999-09-23
1999-09-30,8.774898244297573,7.8052357040948035,9.784349735303072,8.999965,1999-09-23
1999-10-01,8.724355791788776,7.669679576489902,9.690407044668744,9.118454,1999-09-23
1999-10-02,8.565451530134062,7.555306709766174,9.553995776508058,9.277724,1999-09-23
1999-10-03,8.568839952383343,7.58549886490999,9.486928123133712,9.714096,1999-09-23
1999-10-04,8.625394113514737,7.5839577665915385,9.6870955395801,9.450471,1999-09-23
1999-10-05,8.672477231579531,7.548598754719904,9.66564130676638,9.489604,1999-09-23
1999-10-06,8.749349104844283,7.769656181877912,9.74010734149208,8.756422,1999-09-23
1999-10-07,8.703894676800994,7.714247743875069,9.718092835122308,8.347551,1999-09-23
1999-10-22,8.883334253640992,7.99557339569392,9.893922213292353,8.728371,1999-10-21
1999-10-23,8.971178363957307,7.990956628398737,9.937675593216097,8.947995,1999-10-21
1999-10-24,8.853643662175116,7.909901632292401,9.808353993459725,8.367979,1999-10-21
1999-10-25,8.977976478093524,7.990454051333644,9.962378178932124,8.580369,1999-10-21
1999-10-26,8.998014838466204,8.034616482298276,10.000366655573938,8.340599,1999-10-21
1999-10-27,8.872096880619026,7.960644572687695,9.868819092029181,8.295852,1999-10-21
1999-10-28,8.829130332446118,7.883081701862378,9.796969535313654,8.181773,1999-10-21
1999-10-29,9.07211369666662,8.101294391154774,10.072570581359876,7.94755,1999-10-21
1999-10-30,9.012256076457012,8.056067513874886,9.984562585396418,8.150421,1999-10-21
1999-10-31,8.811115559718466,7.865573933476891,9.730939428448446,7.907864,1999-10-21
1999-11-01,8.73869976016129,7.721859243390752,9.748902684007549,8.194854,1999-10-21
1999-11-02,8.694312247900188,7.750742649450003,9.58637711777376,8.246089,1999-10-21
1999-11-03,8.771374328543757,7.776580387697507,9.731178201658384,8.627041,1999-10-21
1999-11-04,8.598389940202248,7.6418712588453515,9.5215676229537,9.243938,1999-10-21
1999-11-19,9.29392422131046,8.275102789918698,10.291504699490018,11.317527,1999-11-18
1999-11-20,9.26307796643313,8.24843612690249,10.2260753463248,10.974709,1999-11-18
1999-11-21,9.278210572308303,8.158604150072446,10.27317954691539,10.116658,1999-11-18
1999-11-22,9.050533421815373,8.03691905607779,10.127111724670753,10.473381,1999-11-18
1999-11-23,9.0573230930254,7.98616797017051,10.003920944194586,10.826077,1999-11-18
1999-11-24,9.082718033846833,8.070406720461346,10.089026578021603,10.521785,1999-11-18
1999-11-25,9.064732523114879,8.084034671165723,10.113250069008304,11.508278,1999-11-18
1999-11-26,9.384161795414194,8.413080163856014,10.465498503324518,11.994858,1999-11-18
1999-11-27,9.372075476991789,8.376974186395541,10.354781184740006,11.210123,1999-11-18
1999-11-28,9.274124063475039,8.195972383834809,10.197610602202722,11.62628,1999-11-18
1999-11-29,9.401917225656765,8.386778824477343,10.386897219246729,11.249927,1999-11-18
1999-11-30,9.45650545982812,8.381434179631126,10.486314285403502,11.044204,1999-11-18
1999-12-01,9.3701530249999,8.346300357556034,10.420537484101331,9.827564,1999-11-18
1999-12-02,9.429684856625329,8.363478116920037,10.435820784648602,10.166938,1999-11-18
1999-12-17,10.623660723013657,9.66799133053803,11.547613763778639,11.208431,1999-12-16
1999-12-18,10.547846772858774,9.591830839025796,11.4594085393372,11.550216,1999-12-16
1999-12-19,10.591240398679773,9.641376478808377,11.632812709504323,10.474694,1999-12-16
1999-12-20,10.697874684719157,9.746350736525843,11.676013876294476,10.54771,1999-12-16
1999-12-21,10.667625704458924,9.704451440276259,11.696328138304802,9.195225,1999-12-16
1999-12-22,10.80935916844605,9.808646972592216,11.710052872501102,9.538927,1999-12-16
1999-12-23,10.917978975543868,9.889608610430935,11.885017094464533,10.043021,1999-12-16
1999-12-24,10.8785511529829,9.979578301443196,11.813427594721484,10.420432,1999-12-16
1999-12-25,10.566653238749888,9.514903824304652,11.571657706434122,9.994592,1999-12-16
1999-12-26,10.37817257702244,9.422715798419844,11.380076535378086,11.19008,1999-12-16
1999-12-27,10.315796443354804,9.343422871691468,11.296956639223328,10.184917,1999-12-16
1999-12-28,10.278322861987142,9.32405090529508,11.273342118936737,10.533635,1999-12-16
1999-12-29,10.287831008167323,9.35523122707738,11.236895561316665,10.820939,1999-12-16
1999-12-30,10.172741175662294,9.20518621066828,11.107596248233206,10.655524,1999-12-16
2000-01-14,10.491684959958144,9.44257017229264,11.462448244255937,11.362746,2000-01-13
2000-01-15,10.519178304283567,9.523714196936039,11.507208089328964,10.654892,2000-01-13
2000-01-16,10.501174264105073,9.482610892070621,11.434367300993996,10.56548,2000-01-13
2000-01-17,10.514467027574758,9.507835061716357,11.48962514496445,10.981925,2000-01-13
2000-01-18,10.522843446424606,9.565351104812565,11.558198826942641,10.55869,2000-01-13
2000-01-19,10.697327604340385,9.693657796463839,11.743353913370642,11.41608,2000-01-13
2000-01-20,10.854743304281921,9.843023319105736,11.863928782885171,11.790859,2000-01-13
2000-01-21,10.89466829799225,9.964196874038358,11.848456100419778,11.610782,2000-01-13
2000-01-22,10.956172555415998,9.988917337903194,11.900922395552245,11.256618,2000-01-13
2000-01-24,11.085015757669716,10.119109671882459,12.088283503799847,11.8517,2000-01-13
2000-01-25,11.161782071062316,10.150899356955103,12.194093260588955,11.771906,2000-01-13
2000-01-26,11.192918794531547,10.247610129129342,12.109794554662106,12.579666,2000-01-13
2000-01-27,11.292180795972907,10.313050033910416,12.241074137036746,11.914502,2000-01-13
2000-02-11,10.360406310034849,9.350264567443086,11.316052962748616,10.605554,2000-02-10
2000-02-12,10.61223082688625,9.658877996176356,11.562846357742963,10.843685,2000-02-10
2000-02-13,10.76405096615669,9.801542175516655,11.743724261009273,11.290797,2000-02-10
2000-02-15,10.685686480267469,9.695103643777054,11.639219297454597,10.438666,2000-02-10
2000-02-16,10.630699969886969,9.598706579534756,11.557997304232494,10.525819,2000-02-10
2000-02-17,10.64380130700873,9.71449504142058,11.648926107341708,9.642124,2000-02-10
2000-02-18,10.739146200479105,9.732718222058278,11.731997591884696,9.069681,2000-02-10
2000-02-19,10.678194482215018,9.704110295340358,11.691447947150788,9.100978,2000-02-10
2000-02-20,10.631161927316658,9.620787013723062,11.58429617263163,10.006175,2000-02-10
2000-02-21,10.46493002788716,9.469260800447975,11.481054370356082,10.462249,2000-02-10
2000-02-22,10.398418026496808,9.451513013631923,11.37492389984496,10.748901,2000-02-10
2000-02-23,10.411744455489927,9.381661502239082,11.341922290973965,10.667608,2000-02-10
2000-02-24,10.400018600125758,9.456317117578253,11.475000756394895,11.435336,2000-02-10
2000-03-10,10.513741557175674,9.487279452815688,11.542260494431126,8.033782,2000-03-09
2000-03-11,10.429957542716929,9.365245483908035,11.490721716460778,7.463001,2000-03-09
2000-03-12,10.526858101951253,9.432656869098759,11.586445847813684,8.893626,2000-03-09
2000-03-13,10.528987847877332,9.493052196395716,11.524413473886533,10.009358,2000-03-09
2000-03-14,10.551451981075406,9.433886463285706,11.6567159662071,10.665237,2000-03-09
2000-03-15,10.453038653874867,9.430591440288085,11.535418603007658,9.981435,2000-03-09
2000-03-16,10.591250741306125,9.441812931944355,11.695389224276,10.119305,2000-03-09
2000-03-17,10.705147478112066,9.61742080490687,11.734144304600829,10.336191,2000-03-09
2000-03-18,10.782101991528117,9.711358459939971,11.805282646328893,11.1063,2000-03-09
2000-03-19,10.713053262420555,9.653407559162831,11.781436042200543,10.997067,2000-03-09
2000-03-20,10.60865029989597,9.545291264325368,11.669667237650733,10.669432,2000-03-09
2000-03-21,10.73981419366047,9.764418282085405,11.856571659756007,10.808391,2000-03-09
2000-03-22,10.653567941700995,9.581300197835809,11.676730293229358,9.76165,2000-03-09
2000-03-23,10.562434251345557,9.481861943378826,11.533894223929561,10.108326,2000-03-09
2000-04-07,10.334501039400518,9.304017643406095,11.309387854430165,9.53171,2000-04-06
2000-04-08,10.416762847049759,9.431486267908,11.413810004639783,8.931784,2000-04-06
2000-04-09,10.362746677535958,9.355058330154868,11.291144653471118,8.796673,2000-04-06
2000-04-11,10.280866200092674,9.309083748512307,11.210704390496126,9.226671,2000-04-06
2000-04-12,10.15482091875805,9.195746688782998,11.105438423242674,7.768408,2000-04-06
2000-04-13,10.12162554839658,9.1729741043735,11.07737936657089,7.748682,2000-04-06
2000-04-14,10.027104802362036,9.140394566258228,11.021788155880264,8.106959,2000-04-06
2000-04-15,9.869615267295087,8.872111492519247,10.80935181657586,7.362817,2000-04-06
2000-04-16,9.920282062255101,8.992113280553735,10.836649210102419,6.45385,2000-04-06
2000-04-17,9.9344034286025,8.891157873702676,10.892245619829358,7.246054,2000-04-06
2000-04-18,9.92858870569839,8.974082246633989,10.96054947708211,7.768608,2000-04-06
2000-04-19,9.777356691822018,8.898478376719467,10.79572502886273,7.732589,2000-04-06
2000-04-20,9.782627778972449,8.898210563872002,10.745201669693397,8.528348,2000-04-06
2000-05-05,9.417541619950118,8.359298693370425,10.593806893934723,9.094866,2000-05-04
2000-05-06,9.253455848900542,8.115284930698587,10.420697284796654,8.751595,2000-05-04
2000-05-07,9.250754135833377,8.080313446855198,10.374572383403999,8.222445,2000-05-04
2000-05-08,9.337178858283627,8.167967197620206,10.537469753298366,8.481595,2000-05-04
2000-05-09,9.150102568039115,7.940348382536839,10.234182650475914,7.572233,2000-05-04
2000-05-10,8.989076970864545,7.813677070345477,10.200300337815356,6.663752,2000-05-04
2000-05-11,8.908283599627936,7.709102127234334,10.021124306498596,7.972542,2000-05-04
2000-05-12,8.914921947508585,7.8107922819847175,10.112753547180938,7.958754,2000-05-04
2000-05-13,8.77012373755747,7.60871832457406,9.98105544844332,7.520842,2000-05-04
2000-05-14,8.745901346940999,7.627773521306728,9.88138969124265,7.875032,2000-05-04
2000-05-15,8.568823874848926,7.39705629366425,9.722360672497754,7.935851,2000-05-04
2000-05-16,8.466771828665903,7.2763420367164455,9.52057477524436,8.276711,2000-05-04
2000-05-17,8.4523864402817,7.3578888136359115,9.50655265353761,7.903062,2000-05-04
2000-05-18,8.462716390074084,7.2667738462119935,9.621054117158756,7.272868,2000-05-04
2000-06-02,8.052312288969194,6.950368359295513,9.089706897243065,7.907905,2000-06-01
2000-06-03,8.06968520798859,6.995338985710804,9.122867200774,8.100215,2000-06-01
2000-06-04,7.977197483189062,6.931064931210708,9.083058368392171,7.534701,2000-06-01
2000-06-05,7.968172949768547,6.877206639063856,9.096330317106846,8.014405,2000-06-01
2000-06-06,7.892805640011259,6.792528072114188,8.993507780917122,7.988061,2000-06-01
2000-06-07,7.877087871309216,6.767835302029371,9.040720737944792,7.881269,2000-06-01
2000-06-08,7.9215796829707035,6.901164551249179,9.019592208364763,7.961492,2000-06-01
2000-06-10,8.11032392278669,7.0358095494202395,9.140493667409816,7.233544,2000-06-01
2000-06-11,8.041123907967066,6.835879166318286,9.132019985564892,7.260218,2000-06-01
2000-06-12,7.879507382054915,6.8167648643882774,9.005160601907436,7.720712,2000-06-01
2000-06-13,7.854036802733522,6.744876912958774,8.999317164463283,6.925806,2000-06-01
2000-06-14,8.110699062384965,7.044307800197137,9.263846312967821,6.830159,2000-06-01
2000-06-15,8.237625283747443,7.141935851652831,9.36891704710013,7.315792,2000-06-01
2000-06-30,7.768517405750249,6.612658063612309,8.847818912750913,8.519049,2000-06-29
2000-07-01,7.9056961943213375,6.817469456439929,9.027200186288853,8.101345,2000-06-29
2000-07-02,7.983201850747842,6.77119841253078,8.977869456243482,8.025111,2000-06-29
2000-07-03,7.933434651372048,6.808642195563035,8.940811157114972,7.7077,2000-06-29
2000-07-04,8.006293880353715,6.939821169478151,9.16474442200512,8.192702,2000-06-29
2000-07-05,7.901593958262367,6.829624987044917,8.95173896232159,8.337776,2000-06-29
2000-07-06,7.852362176310759,6.81124399377214,8.900118898706687,8.161983,2000-06-29
2000-07-07,7.7929083023971115,6.745316946421827,8.935072101362577,7.767862,2000-06-29
2000-07-08,7.879127967870534,6.793759254287401,8.992162761021952,7.578059,2000-06-29
2000-07-10,7.905652939483413,6.754690053322535,8.991242960558113,7.093553,2000-06-29
2000-07-11,7.890527236843003,6.80157789978556,9.07577138920521,7.658251,2000-06-29
2000-07-12,7.733505595415485,6.605612581898101,8.797224021180462,7.900951,2000-06-29
2000-07-13,7.723524402616359,6.634410139349517,8.813626208192458,7.657682,2000-06-29
2000-07-28,8.275190318511866,7.210639917433547,9.380084313451409,7.820889,2000-07-27
2000-07-29,8.240128684855353,7.195914117079772,9.292096035135,7.319452,2000-07-27
2000-07-30,8.278912884197043,7.197834136364993,9.43194309987654,7.4266,2000-07-27
2000-07-31,8.137591150071444,7.00537085545315,9.117551549531282,7.641851,2000-07-27
2000-08-01,8.155390844267853,7.090877613761047,9.202600877491422,8.16387,2000-07-27
2000-08-02,8.091411245101474,7.01980848552453,9.00872108970048,7.476008,2000-07-27
2000-08-03,8.132069242847589,7.140732776716824,9.177759207645746,7.533882,2000-07-27
2000-08-04,8.265979158432382,7.142067030283349,9.314127464165743,8.245142,2000-07-27
2000-08-05,8.359256181865538,7.333658694122549,9.4893661080102,8.792615,2000-07-27
2000-08-06,8.28889329692649,7.269036218763179,9.324386535503118,8.528244,2000-07-27
2000-08-07,7.996137091999235,6.882368707391876,8.999875286738837,8.251003,2000-07-27
2000-08-08,8.064362587068555,7.0400461381810056,9.085122927736716,8.220672,2000-07-27
2000-08-09,7.984195785221385,6.967182365025599,9.050471319894536,8.49895,2000-07-27
2000-08-10,8.075419112479599,6.962456379598444,9.118041896960188,7.989418,2000-07-27
2000-08-25,8.08997791802405,7.070099899111223,9.147914451261943,8.895802,2000-08-24
2000-08-26,7.880872703746988,6.829949873173176,8.928835207879622,9.020198,2000-08-24
2000-08-27,7.656669945173404,6.5996431809225,8.604451564802,8.065021,2000-08-24
2000-08-28,7.8265581868903435,6.846735578931687,8.831386824336272,7.757003,2000-08-24
2000-08-29,7.893132576072871,6.826675037395793,8.925046448775072,7.329322,2000-08-24
2000-08-30,7.879337108107718,6.874024236867361,8.925658113892188,7.184111,2000-08-24
2000-08-31,7.842776044759711,6.810343889263678,8.803337765623253,6.895374,2000-08-24
2000-09-01,7.83769015199563,6.8553171188288,8.862760936326628,6.974042,2000-08-24
2000-09-02,7.734675091135793,6.739003801243848,8.78089063152567,7.030439,2000-08-24
2000-09-03,7.75539862102791,6.787146168338214,8.833062450678753,7.172986,2000-08-24
2000-09-04,7.703469449655214,6.5689453897608665,8.671975708501249,6.80709,2000-08-24
2000-09-05,7.850867576841175,6.809120990412499,8.873806099414157,7.53901,2000-08-24
2000-09-06,7.86751613445354,6.881581074558571,8.907275059106311,7.88093,2000-08-24
2000-09-29,7.983098581767273,6.96763576093608,9.03645634626892,7.550656,2000-09-21
2000-09-30,8.007473252267529,6.937772300944163,9.095249480435724,7.79595,2000-09-21
2000-10-01,7.990590647722007,6.964945299100178,9.060051970849292,7.686539,2000-09-21
2000-10-02,7.993918409117209,6.914982549300082,9.026874882190942,7.704751,2000-09-21
2000-10-03,8.029477638555644,6.902928626756972,9.10865383200413,7.644752,2000-09-21
2000-10-04,7.850981940806179,6.791790132552104,8.865061210828062,7.541379,2000-09-21
2000-10-05,7.9776191689319225,6.9193755096310285,9.091087205478509,7.593508,2000-09-21
2000-10-20,8.644244139405608,7.59115164078478,9.794310156684,8.946921,2000-10-19
2000-10-21,8.714158567558279,7.5801540297253585,9.700618508969473,8.314508,2000-10-19
2000-10-22,8.883226871553072,7.892934879608084,9.993186729133273,8.267553,2000-10-19
2000-10-23,9.052602883517906,7.943709036240543,10.074783922194259,9.124294,2000-10-19
2000-10-24,8.97206053741341,7.892560320579382,10.000501907871884,9.223311,2000-10-19
2000-10-25,8.79997336683098,7.750516605657988,9.977374083474514,8.766476,2000-10-19
2000-10-26,8.849766310438094,7.752670050443377,9.866936002687277,8.624457,2000-10-19
2000-10-27,8.923841314263525,7.86498101058859,9.950940187795855,9.25717,2000-10-19
2000-10-28,9.108269006498308,7.9953413119925685,10.151864738255297,9.131148,2000-10-19
2000-10-29,9.06219950924996,7.9320331492181815,10.133820124663762,9.000917,2000-10-19
2000-10-30,9.061495506890715,7.961145368818562,10.049264724956018,9.012104,2000-10-19
2000-10-31,9.220387813665964,8.138900547377943,10.301269624908876,9.20059,2000-10-19
2000-11-01,9.334377509460252,8.321920138219166,10.298373776089642,9.651876,2000-10-19
2000-11-02,9.419446541264383,8.3086531787912,10.489339606414772,9.542607,2000-10-19
2000-11-17,8.766143881838087,7.589844398262811,9.933657347619643,8.270661,2000-11-16
2000-11-18,8.682967346309418,7.5421139138616144,9.74225587741487,9.090378,2000-11-16
2000-11-19,8.82254894204635,7.761129916774848,9.927014385371436,9.067475,2000-11-16
2000-11-20,8.787023490379395,7.705839126959012,10.005509663240714,9.384935,2000-11-16
2000-11-21,8.678869836304886,7.612321319012207,9.768339664993889,8.943572,2000-11-16
2000-11-22,8.603798352958702,7.43323250399889,9.674385299474881,8.576763,2000-11-16
2000-11-23,8.731402055346681,7.616817881187889,9.95826512746032,8.542162,2000-11-16
2000-11-24,8.874874997779983,7.778594763702313,10.01856336896171,9.548662,2000-11-16
2000-11-25,8.819367812579056,7.6638083700446575,9.945329680303725,10.236375,2000-11-16
2000-11-26,8.854744638814504,7.718610216263331,9.99528976105001,10.267962,2000-11-16
2000-11-27,8.884822775085897,7.809567919384993,10.011823854600665,9.876721,2000-11-16
2000-11-28,8.834122613881526,7.739784611282162,9.921730586440047,9.358772,2000-11-16
2000-11-29,8.990176112014776,7.94533320831837,10.060922706475546,9.552562,2000-11-16
2000-11-30,8.988183602615049,7.937467860665041,10.137087867049832,9.310101,2000-11-16
2000-12-15,9.990308568312534,9.046204566302576,11.003932098430838,10.959366,2000-12-14
2000-12-16,10.097292132125729,9.191282595325916,11.134108375513675,11.608687,2000-12-14
2000-12-17,9.953510677119128,8.97148957304212,10.949235236454218,11.109902,2000-12-14
2000-12-18,9.911689928720655,8.965822424535224,10.889226538241221,10.745654,2000-12-14
2000-12-19,9.968992433895783,9.03150166845419,10.956280130574429,10.380157,2000-12-14
2000-12-20,9.916019219066378,8.963786293696861,10.900352349140096,9.992307,2000-12-14
2000-12-21,9.908528918841984,8.962121457784432,10.885838990188322,10.306112,2000-12-14
2000-12-22,9.939039515658507,8.99192812889378,10.967186096482088,10.821583,2000-12-14
2000-12-24,9.877767293530761,8.974366592749913,10.925038925066383,10.946635,2000-12-14
2000-12-25,9.980654571841072,8.960872220303225,10.885975867909062,10.609891,2000-12-14
2000-12-26,10.238704832102297,9.236351408493036,11.223646421721597,11.030858,2000-12-14
2000-12-27,10.250225171779284,9.24816047222382,11.272013366092027,10.626646,2000-12-14
2000-12-28,10.129010700307045,9.146913812900555,11.212687399899705,10.661472,2000-12-14
2001-01-12,10.571777203002073,9.536586834815965,11.56179408546086,11.668436,2001-01-11
2001-01-13,10.517294087134829,9.44831256917181,11.632198724786406,11.310521,2001-01-11
2001-01-14,10.344706465045261,9.298918271886745,11.376499375367555,10.144057,2001-01-11
2001-01-15,10.15217218328997,9.10835453371937,11.131927739391617,10.264601,2001-01-11
2001-01-16,10.080818726275377,9.062319395656877,11.120725081251816,9.84136,2001-01-11
2001-01-17,9.972962098594405,8.902297734497441,11.025239975324652,10.187632,2001-01-11
2001-01-18,9.925614471291286,8.932276858298199,10.94129183142614,9.690168,2001-01-11
2001-01-19,10.04832749093107,8.999568756989927,11.092075894301368,9.720599,2001-01-11
2001-01-20,10.134654343297916,9.067183608315842,11.144195410640224,10.072765,2001-01-11
2001-01-21,10.23911410097065,9.222454531023699,11.241782224367972,10.321831,2001-01-11
2001-01-22,10.345054810342246,9.33016327255407,11.388858732571498,11.458132,2001-01-11
2001-01-23,10.287020382516788,9.27561558800332,11.351596128251566,10.921575,2001-01-11
2001-01-24,10.475787571005824,9.478558157538876,11.491214878761156,11.065649,2001-01-11
2001-02-09,10.388776245789575,9.34333331172731,11.56184754860957,11.380896,2001-02-08
2001-02-10,10.638816226001971,9.635584608463914,11.719053302142935,12.73862,2001-02-08
2001-02-11,10.533844747764407,9.483742742190993,11.600602134584719,13.528411,2001-02-08
2001-02-12,10.55496274151965,9.460863669062006,11.655490129953135,13.382737,2001-02-08
2001-02-13,10.576420374607313,9.536382262902551,11.627352065057726,14.093921,2001-02-08
2001-02-14,10.466429340909457,9.375244798688271,11.518608244674763,13.657849,2001-02-08
2001-02-15,10.33877803938655,9.29535053386572,11.446621418023229,12.458305,2001-02-08
2001-02-16,10.374978550131729,9.312468653399684,11.461189151109382,12.339169,2001-02-08
2001-02-17,10.232990378373827,9.211790138056818,11.270417348239308,12.588322,2001-02-08
2001-02-18,10.068954840698005,8.994624553566268,11.108528675317821,11.236669,2001-02-08
2001-02-19,9.887151975418787,8.900293918677797,10.88578455296666,10.8066,2001-02-08
2001-02-20,9.819532368405811,8.717647895916393,10.907491822715684,11.016675,2001-02-08
2001-02-21,9.788105793557442,8.736597901359284,10.894335686400273,10.475363,2001-02-08
2001-02-22,9.744561007176422,8.654019327794632,10.782479087721066,9.575054,2001-02-08
2001-03-09,10.445884968397108,9.397292607698189,11.486440171833989,11.054282,2001-03-08
2001-03-10,10.399112485217398,9.420277281113131,11.463773139997079,10.855823,2001-03-08
2001-03-11,10.137951836881548,9.083157460761159,11.205035585279443,10.606228,2001-03-08
2001-03-12,10.215649023084307,9.213686204920906,11.201220105838551,10.991972,2001-03-08
2001-03-13,10.284498725763603,9.253267608149132,11.31149958921587,11.371643,2001-03-08
2001-03-14,10.252051023370866,9.232181992617816,11.3063896437552,10.572649,2001-03-08
2001-03-15,10.264383630864602,9.278151806130865,11.321107067293338,11.063569,2001-03-08
2001-03-16,10.42703756942786,9.410088030240091,11.437674310675149,11.197907,2001-03-08
2001-03-17,10.31552916780268,9.243303781658865,11.395633691351126,10.177674,2001-03-08
2001-03-18,10.374552827937322,9.347417535640513,11.496486189309653,10.590161,2001-03-08
2001-03-19,10.211661062796345,9.223124311626187,11.288524294997568,10.077583,2001-03-08
2001-03-20,10.27518980789175,9.293859562871816,11.30255200798857,9.864034,2001-03-08
2001-03-21,10.296326427772296,9.292758820607485,11.28086981895568,9.159231,2001-03-08
2001-03-22,10.416617065960573,9.380711797248289,11.469050419606901,9.51872,2001-03-08
2001-04-06,9.524100916949466,8.409894634558803,10.67195121402276,9.821972,2001-04-05
2001-04-07,9.466322167057807,8.33184454727229,10.54244300592424,9.85522,2001-04-05
2001-04-09,9.324044629605783,8.179959163989581,10.48311059270046,9.763389,2001-04-05
2001-04-10,9.239388187202623,8.060023548752795,10.352308011745187,9.74027,2001-04-05
2001-04-11,9.123918051007509,8.001832510059556,10.250255524042222,9.671521,2001-04-05
2001-04-12,9.041607965575107,7.936399729684588,10.113081959299846,10.291804,2001-04-05
2001-04-13,9.110432076123125,7.995043095219243,10.158911661824712,10.070431,2001-04-05
2001-04-14,9.04828298558839,7.972517616531512,10.160413624967449,9.827683,2001-04-05
2001-04-15,8.781507953258187,7.651166125162683,9.792463031106356,10.05312,2001-04-05
2001-04-16,8.772082943837207,7.624135799371607,9.818240549899224,9.627471,2001-04-05
2001-04-17,8.78033786391405,7.676904890895566,9.867524927038057,9.063545,2001-04-05
2001-04-18,8.730622572435736,7.613198284211596,9.806848039806999,9.034694,2001-04-05
2001-04-19,8.771182279584824,7.5832772196344,9.785884697528871,8.902137,2001-04-05
2001-05-04,9.033227787950786,7.973353127057243,10.208252387912356,8.122256,2001-05-03
2001-05-05,8.965198251592929,7.943435880815769,10.16608112702329,7.732378,2001-05-03
2001-05-06,8.739796738854658,7.616111598508944,9.796903533798877,7.609256,2001-05-03
2001-05-07,8.599379471943232,7.599853600067238,9.755385902412522,6.776905,2001-05-03
2001-05-08,8.520986267054473,7.521235325501064,9.651326733050654,7.594593,2001-05-03
2001-05-09,8.45433008583083,7.3804863969156065,9.577385742304557,7.543128,2001-05-03
2001-05-10,8.404731893316546,7.382083633529189,9.556485566667208,7.973345,2001-05-03
2001-05-11,8.53119331074403,7.409716927138878,9.594124137492784,8.316898,2001-05-03
2001-05-12,8.45793112227256,7.429013391464293,9.551641165312978,8.784065,2001-05-03
2001-05-13,8.401445132362975,7.292981558909607,9.48465981095035,8.219695,2001-05-03
2001-05-14,8.506497576888417,7.391777534049191,9.593746529405742,8.423244,2001-05-03
2001-05-15,8.386012058988953,7.333419360602089,9.434360410241888,7.572004,2001-05-03
2001-05-16,8.505510195884977,7.498128129901432,9.618906569179455,8.592154,2001-05-03
2001-05-17,8.577843555240547,7.495792990427464,9.644825713221435,9.017844,2001-05-03
2001-06-01,7.76759798034506,6.724385528823113,8.864473337305524,6.729339,2001-05-31
2001-06-02,7.653564257313031,6.624829397534099,8.756405889548766,6.999721,2001-05-31
2001-06-03,7.423226453359574,6.391805406347956,8.51192242155034,6.774227,2001-05-31
2001-06-04,7.410041866328751,6.338737176056067,8.481617811740294,7.07688,2001-05-31
2001-06-05,7.472577269805489,6.421240696700897,8.546243636588134,6.804932,2001-05-31
2001-06-06,7.61436366497806,6.507046780886001,8.647343494510675,6.961841,2001-05-31
2001-06-07,7.715335689590885,6.678358905696023,8.803854001381653,6.299273,2001-05-31
2001-06-08,7.858355581599295,6.800829534589072,8.885689235876912,6.996478,2001-05-31
2001-06-09,7.836080664375776,6.790531203552885,8.914782196113087,7.782557,2001-05-31
2001-06-10,7.934143114680725,6.897172027477605,9.026818954108359,8.782142,2001-05-31
2001-06-11,7.958342384853658,6.833384880222404,8.978583172391467,8.637845,2001-05-31
2001-06-12,7.860902625411084,6.803099296000552,8.912984333992725,8.472387,2001-05-31
2001-06-13,7.8496671110757426,6.750547113917942,8.932068029742647,7.964402,2001-05-31
2001-06-14,7.9745560213625994,6.843792697651094,9.003300931979705,8.065016,2001-05-31
2001-06-29,8.323902215496716,7.215159880713489,9.360157348616456,7.896216,2001-06-28
2001-06-30,8.176288198008347,7.0944488764429785,9.245359040983336,8.36402,2001-06-28
2001-07-01,8.255487717746012,7.152765784653354,9.347103931761758,8.172397,2001-06-28
2001-07-02,7.960697743440629,6.895010780206786,9.062866216136232,7.041876,2001-06-28
2001-07-03,7.97542932123588,6.837775022885668,9.046534066340108,7.781312,2001-06-28
2001-07-04,7.829430141013689,6.802054568980933,8.934754078208405,7.695796,2001-06-28
2001-07-05,7.805878340300298,6.745685201881933,8.879071676255164,7.989723,2001-06-28
2001-07-06,7.9981275495921755,6.909878445142812,9.08334626050998,8.251559,2001-06-28
2001-07-07,8.015717621892573,6.962208529841697,9.09177451780374,8.36913,2001-06-28
2001-07-08,8.03585723694261,6.960963872737058,9.071922711639772,7.610099,2001-06-28
2001-07-09,8.109214872684733,7.071326585295645,9.207388028925331,7.75486,2001-06-28
2001-07-10,8.112215872402412,7.00876365467726,9.242850230836847,7.570021,2001-06-28
2001-07-11,8.043709072921692,6.959290801547596,9.22563160300889,7.802674,2001-06-28
2001-07-12,8.123359978850493,7.078267796791556,9.29769385823149,8.035999,2001-06-28
2001-07-27,8.307635162785507,7.2464314408027946,9.244280329471389,8.296825,2001-07-26
2001-07-28,8.409039375602077,7.310284239216938,9.511486072663997,8.249879,2001-07-26
2001-07-29,8.339173528441481,7.2740362977780935,9.374818209991659,7.770863,2001-07-26
2001-07-30,8.374464417969511,7.338768977002531,9.455397161442983,7.790996,2001-07-26
2001-07-31,8.460159493713531,7.388488903273738,9.434177816735785,8.415493,2001-07-26
2001-08-01,8.470229752903185,7.509369158258105,9.434011690256007,8.861915,2001-07-26
2001-08-02,8.304955414073758,7.194421436804879,9.35958738035266,8.45865,2001-07-26
2001-08-03,8.258274376499132,7.295705672680384,9.27384188309587,7.095731,2001-07-26
2001-08-04,8.194962103853502,7.105481559956305,9.210486040410752,7.092158,2001-07-26
2001-08-05,8.336556042097287,7.318074958231828,9.424176101350165,7.503181,2001-07-26
2001-08-06,8.502308085066307,7.407219314902409,9.594602976604278,7.860564,2001-07-26
2001-08-07,8.466744570050231,7.376519541851452,9.455812495314998,8.518438,2001-07-26
2001-08-08,8.373308118749321,7.31358221631044,9.484008761243281,8.276987,2001-07-26
2001-08-09,8.403823764622835,7.339135121303011,9.462302410208277,7.847515,2001-07-26
2001-08-24,7.787967959081028,6.725650678491914,8.815675688121582,7.602278,2001-08-23
2001-08-25,7.756248766000198,6.680656715301247,8.80624177821878,7.076919,2001-08-23
2001-08-26,7.646082568991989,6.592534155172043,8.70165672716016,7.27387,2001-08-23
2001-08-27,7.555463251753582,6.550068239819899,8.592467134218305,7.394488,2001-08-23
2001-08-28,7.5668750604676385,6.5246398514863655,8.655231431692188,7.447381,2001-08-23
2001-08-29,7.699986858112637,6.74622884655673,8.76566963032904,7.809234,2001-08-23
2001-08-30,7.68637670461981,6.6614879676714365,8.666787335669452,7.790092,2001-08-23
2001-08-31,7.735124648233282,6.716326062004019,8.73188114417391,8.080793,2001-08-23
2001-09-01,7.802972307744273,6.7922210363615685,8.824931730433086,7.396127,2001-08-23
2001-09-02,7.893593024581543,6.8670952106146546,9.012298417623699,7.25325,2001-08-23
2001-09-03,7.92773916418869,6.817518096146514,8.962269295123203,7.251751,2001-08-23
2001-09-04,7.9633922543972755,6.92276415556664,9.028314351731327,7.891607,2001-08-23
2001-09-05,7.850876686392727,6.837898354920137,8.907469345871666,7.978443,2001-08-23
2001-09-06,7.99032674004944,6.932455957057196,9.004798455912741,7.956484,2001-08-23
2001-09-21,8.01713426664359,6.979296089373002,9.024687859747354,7.297107,2001-09-20
2001-09-22,8.118320404850884,7.057692945922519,9.077581682688214,7.467599,2001-09-20
2001-09-23,8.069037648063563,7.024934564124569,9.150868578693382,7.060256,2001-09-20
2001-09-24,8.023162926482087,6.934089340043094,9.03888579082319,7.378793,2001-09-20
2001-09-25,8.062353558337653,7.0377825152881615,9.126700217037454,6.955682,2001-09-20
2001-09-26,8.074698479235067,7.090981949057154,9.111043075706466,7.524209,2001-09-20
2001-09-27,8.038506961857946,6.946775875096251,9.061560054155258,7.183662,2001-09-20
2001-09-28,8.054463266382085,7.0211801946399115,9.028182385185385,7.065338,2001-09-20
2001-09-29,8.191142555757239,7.204926526407411,9.280213879491326,6.489521,2001-09-20
2001-09-30,7.83087407118563,6.862917376373026,8.96742826304957,6.642806,2001-09-20
2001-10-01,7.859990538543298,6.849429302156614,8.828382102382502,7.279607,2001-09-20
2001-10-02,7.843051784977885,6.782257400744169,8.8732679192116,7.877748,2001-09-20
2001-10-04,7.825051691656995,6.78748075800269,8.867702762335314,7.823405,2001-09-20
2001-10-19,8.657357532692997,7.636734806522957,9.72122149037016,8.246984,2001-10-18
2001-10-20,8.610482186346067,7.5519464801207965,9.677723915324124,7.953603,2001-10-18
2001-10-21,8.51499648932096,7.466365550468063,9.542258982648752,7.178923,2001-10-18
2001-10-22,8.7681521779583,7.709015498906303,9.816310539643226,7.647644,2001-10-18
2001-10-23,8.708668528397308,7.56280092018307,9.747054655028517,8.133454,2001-10-18
2001-10-24,8.759560280576505,7.744612989683732,9.806418348592887,8.819259,2001-10-18
2001-10-25,8.68201734056227,7.575967029923045,9.659621633639183,9.545079,2001-10-18
2001-10-26,8.81016835842072,7.684699250733115,9.798102382613612,9.287723,2001-10-18
2001-10-27,9.012694419614844,7.935412720891367,10.051915716695344,8.122351,2001-10-18
2001-10-28,8.783747557567228,7.725481618829586,9.841052435425638,8.031094,2001-10-18
2001-10-29,8.864302748086429,7.847300695733234,9.89675066603657,7.933852,2001-10-18
2001-10-30,9.096112117142443,8.124619269543212,10.211143610727495,8.410243,2001-10-18
2001-10-31,9.09972741409645,8.069627796867655,10.143169889097909,8.721955,2001-10-18
2001-11-01,9.049313536259875,7.991395994876369,10.08261406543099,8.712431,2001-10-18
2001-11-16,8.929957593013384,7.8872392399222,9.935065815987452,8.39422,2001-11-15
2001-11-17,8.789980639980783,7.736157511614148,9.746283404778401,8.083172,2001-11-15
2001-11-18,8.76436377989336,7.723983592847901,9.734161252857698,8.894325,2001-11-15
2001-11-20,8.639291784954189,7.643126406586013,9.606236415127055,8.814143,2001-11-15
2001-11-21,8.688903683285185,7.649363245004051,9.714817113140978,9.458362,2001-11-15
2001-11-22,8.694363287179389,7.724461930470399,9.64822160123705,10.163469,2001-11-15
2001-11-23,8.790938227648446,7.782846670449973,9.86653115425787,10.295095,2001-11-15
2001-11-24,8.776524626937631,7.761392451288445,9.73230775460214,9.169668,2001-11-15
2001-11-25,8.683413174197877,7.6816741113684595,9.652619211603064,8.923469,2001-11-15
2001-11-26,8.604029292704743,7.587879220380179,9.567059062001425,8.269778,2001-11-15
2001-11-27,8.688147866140625,7.691131734980104,9.639753043385747,8.541314,2001-11-15
2001-11-28,8.784426343983508,7.759474657847016,9.767973470274592,8.506402,2001-11-15
2001-11-29,8.778556234626569,7.839850286725736,9.797241001451496,8.224588,2001-11-15
2001-12-14,10.578094195804171,9.46588431749127,11.701478186285637,10.303889,2001-12-13
2001-12-15,10.587803977366725,9.482040881558312,11.649414377067743,10.517325,2001-12-13
2001-12-16,10.459801569908842,9.358671148258178,11.55555028314828,9.487214,2001-12-13
2001-12-17,10.533288597923367,9.444219560395934,11.66980865522948,10.493549,2001-12-13
2001-12-18,10.614532657012592,9.552357775080992,11.709704407159752,10.230514,2001-12-13
2001-12-19,10.27521848985051,9.157014747826402,11.36101064470136,9.825822,2001-12-13
2001-12-20,10.262966340377398,9.193930830976216,11.386014115639979,9.739007,2001-12-13
2001-12-21,10.334611937235291,9.207668883684525,11.411485847530606,9.424401,2001-12-13
2001-12-22,10.614326051235551,9.55941438452792,11.666013615815258,10.436736,2001-12-13
2001-12-23,10.808485676163599,9.669278792036776,11.894581187774929,10.958509,2001-12-13
2001-12-24,10.848704081522897,9.70894474500208,11.887938566226781,11.663178,2001-12-13
2001-12-25,10.879345116338662,9.787740914488772,11.969765383793437,11.419215,2001-12-13
2001-12-26,10.752739389790367,9.679763138336114,11.80657589365889,11.160889,2001-12-13
2001-12-27,10.832079708872328,9.622718593668244,11.981429560184628,11.124677,2001-12-13
2002-01-11,10.550958875568556,9.482619620765085,11.62496547528495,11.943623,2002-01-10
2002-01-12,10.715856992966385,9.614951337902832,11.866201552744082,12.123186,2002-01-10
2002-01-13,10.860624797420016,9.757738493941524,11.992469095846534,13.046095,2002-01-10
2002-01-14,10.897616078834254,9.806414141790059,12.020157456923275,13.782177,2002-01-10
2002-01-15,10.935258592440164,9.78880764208528,12.037210162418534,14.731364,2002-01-10
2002-01-16,10.816995777184228,9.654051506724711,11.94723262308008,14.130489,2002-01-10
2002-01-17,10.82347712876955,9.659664495456719,11.959358481462822,13.805828,2002-01-10
2002-01-18,10.932334883505007,9.799616071432117,12.087138472638843,14.11529,2002-01-10
2002-01-19,11.137330494339027,10.002746735935805,12.34310092816248,14.333864,2002-01-10
2002-01-20,11.18366996495434,10.032095957245232,12.34365269701854,13.534003,2002-01-10
2002-01-21,11.16965135397832,10.009731689637952,12.291283896239419,13.969921,2002-01-10
2002-01-22,11.395245748619681,10.179422113000435,12.570737583940307,14.092348,2002-01-10
2002-01-23,11.262763743549286,10.06994056387042,12.37802610010497,13.953632,2002-01-10
2002-01-24,11.109657821739429,9.94899962926251,12.21360423800333,13.802874,2002-01-10
2002-02-08,11.318784891650173,10.154391509567985,12.422493786136659,11.668742,2002-02-07
2002-02-09,11.22522487660309,10.052110416358735,12.278188828285339,11.822892,2002-02-07
2002-02-10,11.418995662681619,10.341759321622108,12.47560760410935,11.235553,2002-02-07
2002-02-11,11.483433909943573,10.449608009909797,12.525218734194373,11.035869,2002-02-07
2002-02-12,11.35926919934099,10.29337949691816,12.558218250681902,10.634031,2002-02-07
2002-02-13,11.275971781694178,10.114484870961444,12.416012339661156,10.458791,2002-02-07
2002-02-14,11.355760617524753,10.216808917182323,12.50204057812332,10.966283,2002-02-07
2002-02-15,11.094630699067546,10.07282999748554,12.245590035418038,11.183255,2002-02-07
2002-02-17,10.885164981797764,9.72241967908433,11.938105551836593,10.07274,2002-02-07
2002-02-18,10.925982581326641,9.808815931155701,11.988829744720967,9.753894,2002-02-07
2002-02-19,10.946230000572044,9.895843535438479,12.001236346087818,9.5127,2002-02-07
2002-02-20,10.456256187699607,9.36028205849601,11.662146843193845,9.819578,2002-02-07
2002-02-21,10.438464672508546,9.406526720338574,11.517253717202022,9.539067,2002-02-07
2002-03-08,10.244464007012962,9.139319055523819,11.255671887768434,9.325016,2002-03-07
2002-03-09,10.31188529845262,9.189744820302069,11.402626520374262,9.138637,2002-03-07
2002-03-10,10.388586391734096,9.35338784345508,11.482422960098615,9.383424,2002-03-07
2002-03-12,10.490406315774562,9.419289002477917,11.483810106575218,9.670334,2002-03-07
2002-03-13,10.221685981730975,9.132204319426116,11.315855317583585,9.126357,2002-03-07
2002-03-14,10.306005135190077,9.220671459566557,11.37993446811624,10.014149,2002-03-07
2002-03-15,10.487020652322718,9.434309397771267,11.505607649609555,10.508382,2002-03-07
2002-03-16,10.478255072096331,9.439927215789396,11.521317661139156,10.229399,2002-03-07
2002-03-17,10.588573802198429,9.491253831810676,11.754935135822372,9.779843,2002-03-07
2002-03-18,10.461120804155106,9.417090410947317,11.527037990475653,9.802818,2002-03-07
2002-03-19,10.383850534606022,9.344225248222932,11.382946448149932,9.71863,2002-03-07
2002-03-20,10.322001388349465,9.17006429701794,11.416718935863202,9.661859,2002-03-07
2002-03-21,10.444727301825562,9.32292481920913,11.48893197661603,11.115151,2002-03-07
2002-04-05,10.302560131215726,9.191052970468855,11.308042859835524,10.843079,2002-04-04
2002-04-06,10.00881617165331,8.94600546793844,11.107788436513566,11.599573,2002-04-04
2002-04-07,9.751438741690498,8.69700898129681,10.81770433967712,11.32841,2002-04-04
2002-04-08,9.47081801722231,8.451412983169845,10.568736235754832,10.799679,2002-04-04
2002-04-09,9.277216874701969,8.209885101100017,10.403278129647367,10.620145,2002-04-04
2002-04-10,9.458302476942256,8.372016712597224,10.583908393147734,10.450558,2002-04-04
2002-04-11,9.347784929837323,8.240786256032267,10.507627045614226,9.568938,2002-04-04
2002-04-12,9.392811127628628,8.277074180373189,10.549821679494153,9.337521,2002-04-04
2002-04-13,9.169423153619775,8.057334722237366,10.242630871531972,8.639413,2002-04-04
2002-04-14,9.168819286020755,8.032454173492654,10.230760334339672,8.550285,2002-04-04
2002-04-15,9.217241805955503,8.061507309129459,10.236401410984538,9.361575,2002-04-04
2002-04-16,9.423349615638065,8.30754783781567,10.536022563355871,9.369029,2002-04-04
2002-04-17,9.359819578489299,8.281310385986014,10.400991948629175,9.230937,2002-04-04
2002-04-18,9.288709548294523,8.182594016171153,10.331016314429943,8.569683,2002-04-04
2002-05-03,8.501766415863571,7.359188718632574,9.621788242462902,6.685917,2002-05-02
2002-05-04,8.515520948491357,7.388359505662916,9.646831892197428,6.669205,2002-05-02
2002-05-05,8.770569438969764,7.690905384600109,9.841412548747698,7.60793,2002-05-02
2002-05-06,8.870965201489062,7.72467340763276,10.057178132556341,8.531331,2002-05-02
2002-05-07,8.923227269372193,7.868636377546554,10.046227768339353,8.621121,2002-05-02
2002-05-09,8.695550132500836,7.655235578046968,9.72565120289675,8.787125,2002-05-02
2002-05-10,8.5594070310148,7.450424727171545,9.631797896735039,7.620569,2002-05-02
2002-05-11,8.392456085741308,7.331427971326852,9.549068519114085,7.495471,2002-05-02
2002-05-12,8.313333851259872,7.2457643428135485,9.511628939444536,7.214003,2002-05-02
2002-05-13,8.356810585008494,7.274739066685749,9.521462807538887,6.447281,2002-05-02
2002-05-14,8.12701594463392,6.9837345810247635,9.24366417449787,7.193639,2002-05-02
2002-05-16,7.855820874061272,6.79969463185934,8.997863464549996,7.376995,2002-05-02
2002-05-31,7.575395674690635,6.429614451981198,8.529282063615447,8.783508,2002-05-30
2002-06-01,7.543258233037955,6.451554799563218,8.6279660291637,8.535163,2002-05-30
2002-06-02,7.362507261130824,6.303171871363002,8.440467378026401,8.469503,2002-05-30
2002-06-03,7.181475809883873,6.154350051225719,8.201948844680484,7.915141,2002-05-30
2002-06-04,7.202885709412966,6.141054520712779,8.334962654767436,7.964587,2002-05-30
2002-06-05,7.194266169767619,6.147117321653415,8.275791384498257,8.101761,2002-05-30
2002-06-06,7.054470086681244,6.001942472089222,8.158554004566325,7.460042,2002-05-30
2002-06-08,6.874776296215658,5.688217058152337,7.964733311338494,6.710059,2002-05-30
2002-06-09,7.076602229474105,6.065824006034667,8.18466416329349,5.927075,2002-05-30
2002-06-10,6.962920039047544,5.837712202680887,8.067153519363746,6.076389,2002-05-30
2002-06-11,7.0160885078220065,5.879881814747262,8.110152210450236,6.083508,2002-05-30
2002-06-12,7.208299528447669,6.180845494869759,8.32562061470427,6.203083,2002-05-30
2002-06-13,7.80613800840182,6.731897422604485,8.814420435060969,6.674855,2002-05-30
2002-06-28,7.608538463567155,6.505776105775372,8.731933742327142,6.547547,2002-06-27
2002-06-29,7.667608774250999,6.557773367771116,8.880567455351459,6.368881,2002-06-27
2002-06-30,7.712044337620014,6.562562780280735,8.770692731051279,6.108184,2002-06-27
2002-07-01,7.6173591179746545,6.457362075127131,8.6819443128362,6.107225,2002-06-27
2002-07-02,7.707878554237563,6.6288704195938095,8.844219188580379,6.965202,2002-06-27
2002-07-03,7.608312388198194,6.465882910438861,8.743997216214575,7.40755,2002-06-27
2002-07-04,7.529083325984707,6.423291039809793,8.655550473808615,7.932891,2002-06-27
2002-07-05,7.523219514491801,6.3413677908853066,8.637769683856764,7.980106,2002-06-27
2002-07-06,7.499266136747565,6.3901625854188,8.622136974382967,7.369009,2002-06-27
2002-07-07,7.592891756810767,6.429405466081207,8.786404237084053,7.331465,2002-06-27
2002-07-08,7.720561463291427,6.571685259332642,8.83531266941584,7.36785,2002-06-27
2002-07-09,7.795341707243616,6.636142402977791,8.898359588806846,7.364479,2002-06-27
2002-07-11,7.73612681748676,6.655889202880975,8.782677485513316,7.232318,2002-06-27
2002-07-26,7.898059755211082,6.800556523621719,9.004788921101248,7.327322,2002-07-25
2002-07-28,7.998397697387022,6.975570762956226,9.09189958481104,6.933375,2002-07-25
2002-07-29,8.035942751638725,6.988747309240427,9.107057724355263,6.536436,2002-07-25
2002-07-30,8.007018864160694,6.939134954453761,9.061903350328098,7.144848,2002-07-25
2002-07-31,8.151546508052572,7.076364484147747,9.194020078988547,7.175128,2002-07-25
2002-08-01,8.155994271863483,7.037070094202234,9.276105467883015,7.394397,2002-07-25
2002-08-02,8.297662616947926,7.213886725776772,9.347721231586942,7.510337,2002-07-25
2002-08-03,8.385521543921314,7.34367060129908,9.472157698458759,6.960264,2002-07-25
2002-08-04,8.316531597385707,7.26175996547985,9.472591218228867,6.996508,2002-07-25
2002-08-05,8.267443282121807,7.203355858468599,9.386316006419015,7.056499,2002-07-25
2002-08-06,8.371405152556978,7.362954785555056,9.465616887555395,6.915059,2002-07-25
2002-08-07,8.421689038578638,7.404288363380499,9.554531887600973,6.69766,2002-07-25
2002-08-08,8.239602548310662,7.081452278161975,9.304735668876605,6.566361,2002-07-25
2002-08-23,8.112682689598373,7.033989840663745,9.228326128939342,7.884251,2002-08-22
2002-08-24,7.919838219553268,6.705400124493917,9.044529446573115,7.723876,2002-08-22
2002-08-25,7.786599449837853,6.661180401426661,8.901039601347836,7.818996,2002-08-22
2002-08-26,7.814229369242607,6.674345302188956,8.919371819932765,7.957977,2002-08-22
2002-08-27,7.6637695464717215,6.595161736109211,8.797936734197188,7.565546,2002-08-22
2002-08-28,7.724103731009717,6.637921855214668,8.852506307287793,7.834861,2002-08-22
2002-08-29,7.658639040817313,6.5679215412644165,8.685957077011919,7.723702,2002-08-22
2002-08-30,7.534372721210702,6.415853253083069,8.6771154074424,7.779772,2002-08-22
2002-08-31,7.6337368935255245,6.603316563472816,8.688496217466296,8.068083,2002-08-22
2002-09-01,7.703604017961642,6.6308292071402715,8.749533768965287,7.807222,2002-08-22
2002-09-02,7.633083164532321,6.538743498682137,8.679303003924481,7.478352,2002-08-22
2002-09-03,7.856994387280832,6.82077703982727,8.973887527060544,7.827854,2002-08-22
2002-09-04,7.949708436340995,6.8673240474963695,9.045474508619787,8.009792,2002-08-22
2002-09-05,8.180290692639796,6.9820280128587715,9.220239630477641,7.962947,2002-08-22
2002-09-20,8.517994444162392,7.469896368944756,9.629608160270516,8.577696,2002-09-19
2002-09-21,8.448329918441784,7.360855164267898,9.51627349322899,8.772664,2002-09-19
2002-09-22,8.28292473178386,7.240150825827968,9.392348770886503,9.086476,2002-09-19
2002-09-23,8.29153141695971,7.2180166485259605,9.390670073561674,9.112181,2002-09-19
2002-09-24,8.169404887744001,7.042660041472746,9.199012872279946,8.312979,2002-09-19
2002-09-25,8.25333954118241,7.251316976795681,9.463043373377923,8.62382,2002-09-19
2002-09-26,8.242603830430232,7.168968823164438,9.305394671735796,9.639473,2002-09-19
2002-09-27,8.357187479987408,7.353501707286301,9.47136104558389,9.310423,2002-09-19
2002-09-28,8.403125020879513,7.334796962951166,9.444136294732278,8.634375,2002-09-19
2002-09-29,8.461497608324246,7.381162870771218,9.566784010194617,8.601702,2002-09-19
2002-09-30,8.487477988027917,7.456408483641637,9.51196705289894,7.756841,2002-09-19
2002-10-01,8.535876120473985,7.489996178893166,9.63085060843192,6.94613,2002-09-19
2002-10-02,8.423136973091722,7.311543865434017,9.498714693237401,7.021715,2002-09-19
2002-10-03,8.590543545622186,7.496168702831744,9.72635977480005,7.108592,2002-09-19
2002-10-19,8.540551215287335,7.491881174595708,9.562908557765953,8.23502,2002-10-17
2002-10-20,8.351124236190218,7.308975078676586,9.371647931176785,8.353127,2002-10-17
2002-10-21,8.466416540834498,7.453967313843459,9.52597188189581,8.956208,2002-10-17
2002-10-22,8.382268406589507,7.395020571136203,9.457025131651745,8.716554,2002-10-17
2002-10-23,8.230242149514579,7.22227199556402,9.220126541964389,9.101242,2002-10-17
2002-10-24,8.318278639001852,7.298913194123413,9.418530414702703,8.892342,2002-10-17
2002-10-25,8.487912789108737,7.40965241180125,9.475132337886057,8.6128,2002-10-17
2002-10-26,8.449397141599574,7.351170821706513,9.537624967549512,9.199747,2002-10-17
2002-10-27,8.566163025920421,7.569453077746189,9.647505827309784,9.056499,2002-10-17
2002-10-28,8.761719216630791,7.7206512245120225,9.828182325337774,8.782234,2002-10-17
2002-10-29,8.65452500159804,7.661995221042697,9.745658716376987,9.138837,2002-10-17
2002-10-30,8.450929723864025,7.388626084037407,9.493072978169842,8.830351,2002-10-17
2002-10-31,8.364421669051747,7.411634273268808,9.38937627097301,9.036626,2002-10-17
2002-11-15,8.505668128801261,7.435567600353573,9.667476270386995,7.106136,2002-11-14
2002-11-16,8.57773613185805,7.424015422001548,9.636983937607049,7.344433,2002-11-14
2002-11-17,8.708967946696875,7.566470499592372,9.840432304041673,8.019225,2002-11-14
2002-11-18,8.76826743548031,7.7508528925427385,9.861980735746716,8.460922,2002-11-14
2002-11-19,8.692694778607285,7.487872155184403,9.731210367430037,9.241476,2002-11-14
2002-11-20,8.487772831935583,7.386699233139375,9.575636500328313,8.749352,2002-11-14
2002-11-21,8.610321458999902,7.547543876405612,9.722927872080966,8.701002,2002-11-14
2002-11-23,8.733166537143044,7.655249783505043,9.827311654847257,8.903352,2002-11-14
2002-11-24,8.707583237636605,7.604152922028823,9.85033436854868,9.40605,2002-11-14
2002-11-25,8.759505525134662,7.757577075889448,9.84004191187528,8.785667,2002-11-14
2002-11-26,8.774928598911034,7.732957664949909,9.900943484161317,8.882845,2002-11-14
2002-11-27,8.7977287779573,7.806414011523786,9.840706730962271,8.174923,2002-11-14
2002-11-28,8.882642486280293,7.720698906598081,9.968364063968284,7.427803,2002-11-14
2002-12-13,10.029339748335397,8.97061882588073,11.135328277335663,8.265887,2002-12-12
2002-12-14,10.126516796565625,9.05595967124559,11.222427775852623,9.390519,2002-12-12
2002-12-15,10.246036122760362,9.238782300065468,11.305377116141626,9.558928,2002-12-12
2002-12-17,10.2658390208901,9.209338013282355,11.256623448086902,9.962461,2002-12-12
2002-12-18,10.56584866819939,9.490900961620742,11.595691651981733,10.681425,2002-12-12
2002-12-19,10.519548801192247,9.466077126063311,11.603637039979647,11.474034,2002-12-12
2002-12-20,10.608847925811586,9.63243719668555,11.643879130281364,10.878455,2002-12-12
2002-12-21,10.417227504570581,9.388943131750136,11.486136539158563,10.613318,2002-12-12
2002-12-22,10.4564698963156,9.384507232671092,11.516259990055117,10.706122,2002-12-12
2002-12-23,10.25199431662475,9.198090513506385,11.283813163982934,9.51365,2002-12-12
2002-12-24,10.199296191090257,9.159779842798095,11.201864971574349,8.968569,2002-12-12
2002-12-25,9.97194902282069,8.930311153357419,11.059147772324247,9.026581,2002-12-12
2002-12-26,9.953359796956576,8.827477623087887,11.066216013468404,8.798603,2002-12-12
2003-01-10,10.468842474821658,9.347426073039099,11.565900857854514,10.433107,2003-01-09
2003-01-11,10.421922945841857,9.334942550791707,11.464985892994394,10.34088,2003-01-09
2003-01-12,10.640723033839228,9.535666523580428,11.760186143374671,11.084774,2003-01-09
2003-01-13,10.513610294121435,9.451704526049092,11.581860467041318,11.387749,2003-01-09
2003-01-14,10.853513286851205,9.735757532137145,11.837027403005298,11.100762,2003-01-09
2003-01-15,10.85198372655272,9.720220957258867,11.90631217334936,11.323195,2003-01-09
2003-01-16,10.78359788540731,9.720031262768563,11.903861467720949,11.808608,2003-01-09
2003-01-17,10.731531866031194,9.610927390116556,11.831694266763078,11.366249,2003-01-09
2003-01-18,10.574191126514952,9.450199410703364,11.717109564857466,11.480022,2003-01-09
2003-01-19,10.931057272999265,9.900892294940794,12.057538190286838,11.314416,2003-01-09
2003-01-20,11.084603085289896,9.974049072765014,12.142493623919252,11.616809,2003-01-09
2003-01-21,11.188512286329567,10.045758446386479,12.175410372412129,12.091559,2003-01-09
2003-01-22,11.26433125241988,10.12955754709371,12.407155344418612,11.686929,2003-01-09
2003-01-23,11.281043524067611,10.17211306877305,12.39604130121284,11.670796,2003-01-09
2003-02-07,10.814571987156883,9.705066991071764,11.833034856475699,11.230066,2003-02-06
2003-02-08,10.724010459997581,9.696252611387584,11.931984098976281,11.583346,2003-02-06
2003-02-09,10.825723292881325,9.872804397577092,11.84811032265893,10.932856,2003-02-06
2003-02-10,10.744266237171841,9.709354492729979,11.699851167600466,11.288344,2003-02-06
2003-02-11,10.846887451241315,9.838749678143476,11.900411052806056,10.255198,2003-02-06
2003-02-12,10.826794334313739,9.758852526464594,11.897883063509855,9.741412,2003-02-06
2003-02-13,10.74613618038595,9.696254775720627,11.76444022401083,9.502404,2003-02-06
2003-02-14,11.006071191655126,9.91172938234564,12.096175881180606,11.07916,2003-02-06
2003-02-15,10.94593994220219,9.881390300741193,11.974502256480244,11.24114,2003-02-06
2003-02-17,10.939793018071816,9.907209960412272,11.988036822964057,11.105846,2003-02-06
2003-02-18,10.703755154775015,9.603445460908455,11.755777317733314,11.91602,2003-02-06
2003-02-19,10.813627129843105,9.827320970025678,11.900490056188687,11.557589,2003-02-06
2003-02-20,10.7151798524189,9.661132992113204,11.776673634894026,11.993719,2003-02-06
2003-03-07,10.517223144395434,9.442498526737557,11.605308169193622,11.076259,2003-03-06
2003-03-08,10.283423268669594,9.224512663850309,11.279452363156382,10.154292,2003-03-06
2003-03-09,10.248125685426974,9.248817072157086,11.264998404329893,10.255297,2003-03-06
2003-03-10,10.039980461506799,8.91311835459303,11.126888039852213,10.200183,2003-03-06
2003-03-11,10.034492169554357,8.927126983963731,10.998749831418227,11.312169,2003-03-06
2003-03-12,9.905268071933596,8.854625803354207,10.947965640370798,10.214187,2003-03-06
2003-03-13,9.75358872248459,8.730045510464354,10.782420137016201,9.472288,2003-03-06
2003-03-14,9.803921053678295,8.744409652478636,10.857116743739327,8.957357,2003-03-06
2003-03-15,9.76923291739567,8.72468946822925,10.863986465173289,8.853317,2003-03-06
2003-03-16,9.892341411908758,8.86938316389265,10.85933689503795,10.12657,2003-03-06
2003-03-17,10.060511283682573,9.130626988717285,11.187638103761019,9.626824,2003-03-06
2003-03-18,10.151610870296631,9.163867179049266,11.179176787337267,9.741495,2003-03-06
2003-03-19,10.116591609270339,9.031432345601512,11.229068514789429,9.957263,2003-03-06
2003-03-20,10.162827123373834,9.060707951043247,11.196095503801065,10.102244,2003-03-06
2003-04-04,9.93621902087392,8.794737078208279,11.131440172261533,5.897352,2003-04-03
2003-04-05,9.84480164583939,8.7014549734877,10.939014097983327,6.916559,2003-04-03
2003-04-06,9.65992825554077,8.530069006948729,10.821723025759448,8.620197,2003-04-03
2003-04-07,9.598281717462822,8.48941059279851,10.722513483804175,9.60798,2003-04-03
2003-04-08,9.577159892193007,8.386581014308748,10.698640544557657,8.582528,2003-04-03
2003-04-09,9.56288871857058,8.423923796571373,10.737332049029195,8.066836,2003-04-03
2003-04-10,9.710702561706013,8.5411488648057,10.738278662726655,8.379795,2003-04-03
2003-04-11,9.867024643360757,8.601660285572917,11.013722481510094,8.83438,2003-04-03
2003-04-12,9.986082679882406,8.794379047812463,11.031715760482394,10.379901,2003-04-03
2003-04-13,9.937765304011734,8.757169251734506,11.084507439563977,10.812179,2003-04-03
2003-04-14,9.789637244477452,8.672275535972615,10.939029677280852,11.017472,2003-04-03
2003-04-15,9.615740802352581,8.453112975959218,10.750076567108335,11.140156,2003-04-03
2003-04-16,9.766979721801919,8.667312643357652,10.858561872443854,9.941369,2003-04-03
2003-04-17,9.825853013342735,8.615209281153769,10.94847305722196,10.179357,2003-04-03
2003-05-02,8.310846467304842,7.286067055339501,9.429194813758913,10.039628,2003-05-01
2003-05-03,8.24933085782229,7.1962839300980885,9.311162010052541,9.658222,2003-05-01
2003-05-04,8.046795253837171,6.996154153370864,9.153589232988137,9.147451,2003-05-01
2003-05-05,7.862057608417461,6.821739338068771,8.877766896250339,8.595145,2003-05-01
2003-05-06,7.986041604663404,6.782717653016432,9.055933606122656,7.661731,2003-05-01
2003-05-07,7.913334901021271,6.887748664036045,9.060331810856505,7.37032,2003-05-01
2003-05-08,7.997328900103531,6.761242555120331,9.046636179550163,7.099252,2003-05-01
2003-05-09,7.899378227339289,6.781612336221219,8.928327458441093,7.500961,2003-05-01
2003-05-11,8.000763962914174,6.92483315716929,9.10183955358184,7.458049,2003-05-01
2003-05-12,8.16106902877878,7.031625337313861,9.263829040839072,7.53612,2003-05-01
2003-05-13,8.14490096718558,7.070611527706937,9.216743858410588,7.52557,2003-05-01
2003-05-14,8.180067213778718,7.011813483443122,9.273332153908797,8.558476,2003-05-01
2003-05-15,8.381419645019996,7.316950790103195,9.377412069581478,8.120445,2003-05-01
2003-05-30,8.67893828366959,7.555725104472555,9.710508164277032,9.361938,2003-05-29
2003-05-31,8.59034309168401,7.437082402295488,9.654095392932721,8.260422,2003-05-29
2003-06-01,8.285144329723945,7.192460590355394,9.398908967985212,8.659422,2003-05-29
2003-06-02,7.889954618792221,6.704673367229709,8.953923608208001,8.170062,2003-05-29
2003-06-03,7.863004124080928,6.654233788641142,9.030621227090279,8.564289,2003-05-29
2003-06-04,8.063771848480101,7.076679185872428,9.179353917558231,8.463535,2003-05-29
2003-06-05,7.888392808009193,6.799515428853703,8.989074480833532,8.295564,2003-05-29
2003-06-06,7.783090797066148,6.679088711150081,8.918971504309669,8.693192,2003-05-29
2003-06-07,7.802257667837999,6.707172685117234,8.921235101640796,9.216949,2003-05-29
2003-06-08,7.949314578179667,6.93163704090775,9.054466830793247,8.675298,2003-05-29
2003-06-09,8.068230670582217,6.979649018330482,9.145817842546142,9.708768,2003-05-29
2003-06-10,8.057571181286702,7.014239196793158,9.162109067817362,9.380203,2003-05-29
2003-06-11,8.021952967579915,6.9828157318549655,9.103206169080611,9.246029,2003-05-29
2003-06-12,8.082201156827507,6.984671342989402,9.203800636900937,9.282499,2003-05-29
2003-06-27,7.459153791196336,6.3057105347925155,8.654904256237478,7.800458,2003-06-26
2003-06-28,7.3732832256795104,6.278010076237136,8.515296605071603,7.532234,2003-06-26
2003-06-29,7.255214342609113,6.134056819577885,8.371735716871965,7.060776,2003-06-26
2003-06-30,7.29669489894987,6.16436874986589,8.425954937598606,6.949568,2003-06-26
2003-07-01,7.402965002950423,6.2961449507074345,8.468272968097443,7.104254,2003-06-26
2003-07-02,7.447612890057308,6.299365864584078,8.551256852287649,7.470151,2003-06-26
2003-07-03,7.355394437178976,6.2177703235375725,8.478812764057123,7.889201,2003-06-26
2003-07-04,7.220560238428424,6.088808518871513,8.427493716447998,7.149674,2003-06-26
2003-07-05,7.387392074395601,6.198369004584785,8.50783219199373,6.779796,2003-06-26
2003-07-06,7.299004550129007,6.106624117907447,8.441813160700399,6.56436,2003-06-26
2003-07-07,7.277570519172857,6.079118635146819,8.42719040311067,6.259122,2003-06-26
2003-07-08,7.176546905624091,6.007156227686532,8.315381203311023,5.60304,2003-06-26
2003-07-09,7.133319660504257,6.02990621991363,8.263525162003235,5.646749,2003-06-26
2003-07-10,7.07988713164896,5.921185260539489,8.192666316214597,5.330277,2003-06-26
2003-07-25,7.6243558549021095,6.435372346729634,8.585740661130297,8.050393,2003-07-24
2003-07-26,7.527968338278364,6.505964542388925,8.630236112792481,8.474369,2003-07-24
2003-07-27,7.63967239024975,6.508021903859976,8.749600132848986,8.495062,2003-07-24
2003-07-28,7.746062073917975,6.676186383129905,8.821539669916248,8.672183,2003-07-24
2003-07-29,7.798448157171588,6.6866916756309305,8.92039723997731,8.447002,2003-07-24
2003-07-30,7.8165806093779215,6.653416909793274,8.879578567862906,8.171545,2003-07-24
2003-07-31,7.776286619712984,6.6989087007787935,8.924509108226955,7.916996,2003-07-24
2003-08-01,7.949953757790709,6.863185118525633,9.091283087061433,7.920568,2003-07-24
2003-08-02,7.753219120022161,6.598125452072351,8.896950721356017,8.282759,2003-07-24
2003-08-03,7.780219926129377,6.771718608578816,8.895449067077825,7.966332,2003-07-24
2003-08-04,7.663050972818041,6.4963371024309975,8.71909103959618,7.576081,2003-07-24
2003-08-05,7.718419062004929,6.535220440001066,8.810928763293491,7.448532,2003-07-24
2003-08-06,7.799558767012869,6.623895124696863,8.872357914473925,7.798936,2003-07-24
2003-08-07,7.752093859869218,6.606761199827564,8.864798938459295,7.482133,2003-07-24
2003-08-22,8.258558634641313,7.187132131626768,9.349844908433646,7.358717,2003-08-21
2003-08-23,8.134037871745697,6.9429625701663165,9.206579626632951,7.503895,2003-08-21
2003-08-24,8.346666872303897,7.130346281450194,9.494146241353944,6.903546,2003-08-21
2003-08-25,8.250291984383093,7.047415373986651,9.434386337618006,7.276957,2003-08-21
2003-08-26,8.099375977103064,7.043216411683894,9.261196250379703,7.326554,2003-08-21
2003-08-27,7.875458383819496,6.728833762519791,9.014605115323505,7.656452,2003-08-21
2003-08-28,7.698748446489117,6.5669855680047595,8.844071921575726,7.84844,2003-08-21
2003-08-29,7.548268835367892,6.452632261248676,8.606167507321988,7.603452,2003-08-21
2003-08-30,7.443583790687116,6.2772549931205965,8.509921790052923,7.896242,2003-08-21
2003-08-31,7.457435076490942,6.2286619959722405,8.57245563773876,7.470114,2003-08-21
2003-09-01,7.662056806660874,6.496538163155801,8.896098208881975,7.489293,2003-08-21
2003-09-02,7.778594572949479,6.708147102174343,8.966574988001215,7.564183,2003-08-21
2003-09-03,7.9302573354952015,6.754772689195072,9.087740922365983,7.510542,2003-08-21
2003-09-04,7.9235102506487,6.84426514155308,9.045993087525218,7.620583,2003-08-21
2003-09-19,8.076086982038104,6.9675947313602515,9.06659629540301,7.978517,2003-09-18
2003-09-20,7.987276014372607,6.932216216060322,9.039326241844208,7.27263,2003-09-18
2003-09-21,8.05002371682723,6.919232665697645,9.117981408054339,7.112956,2003-09-18
2003-09-22,8.105952862506154,6.975917540843148,9.122527932025063,7.645892,2003-09-18
2003-09-23,8.331585029201914,7.159545672399002,9.348663885934029,7.310695,2003-09-18
2003-09-24,8.256829694944516,7.157533258955126,9.295090003917068,7.81345,2003-09-18
2003-09-25,8.278310879958305,7.211070550286294,9.40270570156895,8.289759,2003-09-18
2003-09-26,8.299272467522142,7.192813282247052,9.444236254230768,7.662438,2003-09-18
2003-09-27,8.13095833357373,7.084807481603469,9.257886537369364,8.033619,2003-09-18
2003-09-28,8.259226228209387,7.149406134424685,9.316755747336382,8.393704,2003-09-18
2003-09-29,8.129553545453234,7.064004604527926,9.263774822438126,8.171818,2003-09-18
2003-09-30,8.440719913634496,7.358753451902534,9.570706547721542,8.827167,2003-09-18
2003-10-01,8.28306730705714,7.207429534126372,9.381184140205548,8.691955,2003-09-18
2003-10-02,8.322800684783916,7.18457483893062,9.403634092513721,8.688462,2003-09-18
2003-10-17,8.518984025233843,7.382109468138303,9.697285313424329,8.200766,2003-10-16
2003-10-18,8.588973083049947,7.37728131123572,9.76784261966353,8.280391,2003-10-16
2003-10-19,8.49693472900788,7.3584033006443,9.466174542843289,9.305659,2003-10-16
2003-10-20,8.532210953624586,7.339935098397138,9.647705037535372,9.367221,2003-10-16
2003-10-21,8.783947857458951,7.644043168990851,9.875176040075328,8.930656,2003-10-16
2003-10-22,8.749255884167338,7.678748065350002,9.97070798251532,9.341471,2003-10-16
2003-10-23,8.913706371800338,7.795490513819158,10.01935539195423,8.952966,2003-10-16
2003-10-24,9.018374865256664,7.870015914941025,10.179284169564347,8.764877,2003-10-16
2003-10-25,9.145919774551516,7.914374804447,10.26318445301015,8.83926,2003-10-16
2003-10-26,9.212609131054041,8.063675024005766,10.392874663275547,8.7606,2003-10-16
2003-10-27,9.143266009235592,7.995569885598479,10.302521474006717,9.638456,2003-10-16
2003-10-28,9.25261883925541,8.127718303660041,10.37328226350166,9.743894,2003-10-16
2003-10-29,9.001238256131867,7.857205616804597,10.238699811903812,9.840349,2003-10-16
2003-10-30,8.978347759855906,7.759846188721954,10.183575892594654,9.848901,2003-10-16
2003-11-14,8.75480042360547,7.587224337927,9.843043220686095,9.743473,2003-11-13
2003-11-15,8.672211354848484,7.610351864961754,9.786099894115953,9.774408,2003-11-13
2003-11-16,8.778170415330194,7.6043758468306075,9.884185535354238,9.997938,2003-11-13
2003-11-17,8.930335089101128,7.787952576090758,10.01285209462552,9.668237,2003-11-13
2003-11-18,8.886038026239985,7.756389144157248,10.037610455759873,9.22588,2003-11-13
2003-11-19,8.82511310099901,7.641185950537068,9.989679263149354,10.14448,2003-11-13
2003-11-20,8.904188930238607,7.823069831083811,10.042688750995193,10.755249,2003-11-13
2003-11-21,8.886721199005128,7.770671943956835,10.071624224103367,10.826051,2003-11-13
2003-11-22,8.739277188860672,7.615019853622786,9.843900259726619,10.827809,2003-11-13
2003-11-23,8.510567110031426,7.3860232061005355,9.708612155691437,11.310222,2003-11-13
2003-11-24,8.375323412026834,7.24613296330331,9.524001627362246,10.936795,2003-11-13
2003-11-26,8.493142715626854,7.341902160839063,9.515415279589645,10.239517,2003-11-13
2003-11-27,8.67806471729739,7.565733032086612,9.672430275975552,10.577987,2003-11-13
2003-12-12,9.670901228751852,8.629093564382915,10.721004900979255,9.518946,2003-12-11
2003-12-13,9.870756904610426,8.812614680515246,10.951602008820405,10.185698,2003-12-11
2003-12-14,9.822523164353013,8.813967361660461,10.819697080806241,10.723257,2003-12-11
2003-12-15,9.703808254507198,8.638706752051977,10.745458604573951,10.71915,2003-12-11
2003-12-17,9.598367378154402,8.49249608089988,10.668135841297286,10.809881,2003-12-11
2003-12-18,9.623825932801326,8.547422088976546,10.543398899950457,11.356341,2003-12-11
2003-12-19,9.629888700190405,8.621939508396121,10.658196507569494,11.835189,2003-12-11
2003-12-20,9.560120289258426,8.449997330050543,10.63322726947974,10.871782,2003-12-11
2003-12-21,9.616946340150292,8.55947823851408,10.659418208415762,10.786699,2003-12-11
2003-12-22,9.765513668953657,8.71159272241104,10.74633877632346,11.614844,2003-12-11
2003-12-23,9.803866546817119,8.732386586809135,10.809040346803394,12.073437,2003-12-11
2003-12-24,9.675529933183567,8.535204763737607,10.764992905641227,11.101525,2003-12-11
2003-12-25,9.83811836844071,8.713812402751687,10.89707021802613,11.172324,2003-12-11
2004-01-09,10.164812648973978,9.014038507304349,11.297072398922255,9.692661,2004-01-08
2004-01-10,10.151064562147008,8.959418011620036,11.297635689376492,8.323851,2004-01-08
2004-01-11,10.1938551595411,9.118881838844269,11.272209285383296,9.053797,2004-01-08
2004-01-12,10.352100223995288,9.298997364790823,11.374236380307995,8.91054,2004-01-08
2004-01-13,10.861725244311131,9.744255359661144,11.991821841673259,8.975943,2004-01-08
2004-01-14,10.679373763135752,9.560914364676547,11.67467664533636,9.433471,2004-01-08
2004-01-15,10.778788130717844,9.623311440052214,11.923650819301445,9.718117,2004-01-08
2004-01-16,10.968521717581517,9.890163903653402,12.041806028135927,9.902458,2004-01-08
2004-01-17,11.242899326849319,10.201381695823958,12.324724713187688,9.288096,2004-01-08
2004-01-18,11.148900085248222,10.114870618976076,12.272675799025865,9.264023,2004-01-08
2004-01-19,11.414467444105188,10.329954370949132,12.461576432286352,10.027062,2004-01-08
2004-01-20,11.431913813895655,10.384657167285765,12.568708966899653,10.245315,2004-01-08
2004-01-21,11.548291991507217,10.420347331067616,12.57995022626282,10.773773,2004-01-08
2004-01-22,11.784307371968632,10.654340164696617,12.836507736681607,10.416586,2004-01-08
2004-02-06,11.546143836532192,10.454630527571082,12.582176877613373,12.828751,2004-02-05
2004-02-07,11.401154318956452,10.362869366369614,12.480634071878107,12.768923,2004-02-05
2004-02-08,11.115305507985443,10.001022845660712,12.219426566940228,10.833846,2004-02-05
2004-02-09,11.051594436067633,9.893291155534884,12.088977647085883,11.008091,2004-02-05
2004-02-10,11.23722406996128,10.120583571533686,12.34682738452966,10.37357,2004-02-05
2004-02-11,10.69622894609793,9.649811421164102,11.842078454990265,10.026954,2004-02-05
2004-02-12,10.565852752874804,9.474498151322768,11.702601314212464,9.909756,2004-02-05
2004-02-13,10.427169216457573,9.31994626524215,11.441118195659326,9.794995,2004-02-05
2004-02-14,10.38845040366894,9.333582831077278,11.441841884917284,10.251225,2004-02-05
2004-02-15,10.112295692415602,9.00722352765871,11.288451296746885,10.284483,2004-02-05
2004-02-16,10.205439807657564,9.10928942590826,11.259239166079485,9.883139,2004-02-05
2004-02-17,10.148588164057177,9.144963348008623,11.22089663634411,9.532622,2004-02-05
2004-02-18,10.310627162721978,9.170457587865897,11.398251832240051,11.98778,2004-02-05
2004-02-19,10.224606437013124,9.079099269183102,11.373666586340537,11.850036,2004-02-05
2004-03-05,9.999901212898223,8.84694225336469,11.098685003245588,9.600617,2004-03-04
2004-03-06,9.938639116289554,8.833661435058184,11.05681794898435,10.237729,2004-03-04
2004-03-07,9.965752156696666,8.87690836445125,11.15125984053356,10.307586,2004-03-04
2004-03-08,9.775018244261439,8.688790478313013,10.996993820462277,10.273028,2004-03-04
2004-03-09,9.93221982615565,8.853954621212807,11.020885012584905,10.302499,2004-03-04
2004-03-10,10.026560426130908,8.907381810726221,11.107870342350594,10.785614,2004-03-04
2004-03-11,9.869044584952682,8.780340451769883,10.995172728476676,10.787559,2004-03-04
2004-03-12,9.77882920703973,8.709389999182042,10.838707845317927,9.822112,2004-03-04
2004-03-13,9.832030247071714,8.784691853140401,10.986174617433864,10.110545,2004-03-04
2004-03-14,9.890640775707803,8.790905160214473,10.92574302851229,9.801501,2004-03-04
2004-03-15,9.675106375209774,8.58679580227959,10.790291330672892,9.521036,2004-03-04
2004-03-16,9.755119682340771,8.61496480610464,10.893593295777036,9.51203,2004-03-04
2004-03-17,9.772850512166094,8.706856313195908,10.87859358204844,9.728077,2004-03-04
2004-03-18,9.760403959758813,8.711551085259494,10.803217962580732,9.594256,2004-03-04
2004-04-02,10.01327170966194,8.873658308221474,11.151107277103193,10.646092,2004-04-01
2004-04-03,9.887066510482398,8.742567555423078,10.959761625453854,11.118627,2004-04-01
2004-04-04,9.833319632279483,8.67588014140988,11.07038460751542,10.817742,2004-04-01
2004-04-05,9.572005724627154,8.348723619763861,10.686638915291704,9.872378,2004-04-01
2004-04-06,9.715013485115866,8.635250531877348,10.853945256599523,10.46147,2004-04-01
2004-04-07,9.842568953281777,8.74711280634092,10.90365339991364,11.009072,2004-04-01
2004-04-08,9.96241513760654,8.839638912563148,11.049683752475863,10.071402,2004-04-01
2004-04-09,10.251412400854704,9.13938643355113,11.439997295053278,9.45384,2004-04-01
2004-04-10,10.098677816431616,9.04353735255653,11.311569367162651,10.729982,2004-04-01
2004-04-11,9.703271796022097,8.63001384689604,10.897881617953798,9.032309,2004-04-01
2004-04-12,9.422605109946623,8.300258617454364,10.57756106105708,8.509949,2004-04-01
2004-04-13,9.698987732168563,8.501385900515078,10.741510219582215,8.41324,2004-04-01
2004-04-14,9.652754752911786,8.410364943458871,10.758309769333884,8.211921,2004-04-01
2004-04-15,9.305779577093338,8.177485986535538,10.451565004069598,8.232034,2004-04-01
2004-04-30,8.583631452109687,7.358800506558986,9.780309645231641,7.983043,2004-04-29
2004-05-01,8.476246566768255,7.315551270443197,9.621123213033437,8.014334,2004-04-29
2004-05-02,8.441481263040355,7.27948774288214,9.577476948513839,8.80067,2004-04-29
2004-05-03,8.445833778182632,7.177932200869067,9.645827212413026,8.649277,2004-04-29
2004-05-04,8.347035134362072,7.250263407631938,9.512201783237458,8.237038,2004-04-29
2004-05-05,8.369503607330206,7.2001620811895375,9.528447898778301,8.841779,2004-04-29
2004-05-06,8.427850091035246,7.323659339725437,9.561538069209265,8.117105,2004-04-29
2004-05-07,8.220128811884221,7.05375933095462,9.439539792323544,7.859079,2004-04-29
2004-05-08,8.373887066829312,7.242960305061527,9.550218883676127,7.20501,2004-04-29
2004-05-09,8.207963385206428,7.042726552626301,9.403973535073426,7.134872,2004-04-29
2004-05-10,8.223781055939893,7.0255241124476955,9.36733512520892,7.63752,2004-04-29
2004-05-11,8.212897836903393,6.9494590024189815,9.377777883781453,6.999231,2004-04-29
2004-05-12,8.094516836958727,6.965698201620324,9.293449928847775,6.949923,2004-04-29
2004-05-13,8.177441785930634,7.0340060588895925,9.344203651391274,6.430915,2004-04-29
2004-05-28,8.518771779599405,7.509594762378396,9.616080264385294,9.223841,2004-05-27
2004-05-29,8.449396459261955,7.30852115806697,9.534243707449454,8.995778,2004-05-27
2004-05-30,8.307096644570171,7.254600390037309,9.372388540469991,8.752159,2004-05-27
2004-05-31,8.288037039097508,7.165305410026609,9.39338617612996,8.194377,2004-05-27
2004-06-01,8.233699263438952,7.143378906534299,9.291620207165469,7.616964,2004-05-27
2004-06-02,8.125579099765595,6.990528798618321,9.228390239619111,7.341214,2004-05-27
2004-06-03,8.008120745715452,6.893085674080261,9.028184354161954,7.279548,2004-05-27
2004-06-04,7.887570626379144,6.887704089932675,9.060151109579758,7.698952,2004-05-27
2004-06-05,7.83895915714539,6.777797452526425,9.02773124531383,7.36272,2004-05-27
2004-06-06,7.8792016513160394,6.795371897218298,8.952529422438792,6.758936,2004-05-27
2004-06-07,7.979266278962225,6.788289576926029,9.056216199390759,6.099887,2004-05-27
2004-06-08,8.081490203623893,6.98178316621891,9.154318961950151,5.604663,2004-05-27
2004-06-09,8.10006886998374,7.014261526120729,9.233555752408313,5.78617,2004-05-27
2004-06-10,8.234633780676509,7.160223357765382,9.344011942895573,5.823024,2004-05-27
2004-06-25,7.80945477449744,6.480599240876974,9.09342921093047,7.940854,2004-06-24
2004-06-26,7.96281042345565,6.677782926366176,9.236877181137235,7.728049,2004-06-24
2004-06-27,8.082169434164571,6.851064100841646,9.280462450022448,7.349021,2004-06-24
2004-06-29,8.035346441353655,6.890209593368368,9.243862450600316,7.059544,2004-06-24
2004-06-30,8.123122055245835,6.892777925890356,9.338920048210145,7.175315,2004-06-24
2004-07-01,7.912769988128874,6.654013810650894,9.226130464246168,7.80498,2004-06-24
2004-07-02,7.847157706935962,6.709048514183489,9.06932946128057,7.768948,2004-06-24
2004-07-03,7.759352583254697,6.559165363601521,9.004703734473853,7.661672,2004-06-24
2004-07-04,7.818903274876057,6.618502139480911,9.05643700952662,7.748015,2004-06-24
2004-07-05,7.900492529840925,6.661264393613744,9.162929312309132,7.75567,2004-06-24
2004-07-06,7.875466890959183,6.645594973495512,9.14414604977353,8.551834,2004-06-24
2004-07-07,7.856971465172604,6.656875907001794,9.112162645400705,7.878222,2004-06-24
2004-07-08,7.8818840814691535,6.58257513773015,9.087225035998383,8.124837,2004-06-24
2004-07-23,7.765237478117639,6.582726819711889,8.907371961421566,7.363359,2004-07-22
2004-07-24,7.726768848874241,6.5520906231040765,8.948891310400002,7.179618,2004-07-22
2004-07-25,7.63646055497923,6.553270284066449,8.802832311079634,7.035432,2004-07-22
2004-07-26,7.543027660106004,6.354027262307797,8.729293491805505,7.646872,2004-07-22
2004-07-27,7.649027305161271,6.519995480641826,8.764565443161112,7.755274,2004-07-22
2004-07-28,7.355138685013202,6.236958221497705,8.543270925025903,8.522201,2004-07-22
2004-07-29,7.3616591172048365,6.183535069275369,8.555590673823241,8.380786,2004-07-22
2004-07-30,7.431170077841032,6.292757870735232,8.656741439633505,7.866095,2004-07-22
2004-07-31,7.468467593151613,6.365536189810224,8.632377326669426,7.776572,2004-07-22
2004-08-01,7.586545511206523,6.3773142739296755,8.636976909116118,8.361178,2004-07-22
2004-08-02,7.696653231214398,6.615233285422221,8.914601494918609,8.166199,2004-07-22
2004-08-03,7.775369325304899,6.626977471246427,9.015677745542384,8.103192,2004-07-22
2004-08-04,7.780546554209652,6.659070859019952,8.941245336285512,7.705711,2004-07-22
2004-08-05,7.858560472072168,6.745958267839872,9.009880763232939,7.794285,2004-07-22
2004-08-20,8.009949124863056,6.914309152573913,9.181453668060021,7.244481,2004-08-19
2004-08-21,7.968074885158692,6.792797035976544,9.091948015805196,7.194448,2004-08-19
2004-08-22,8.019107894002852,6.90537520370892,9.1225901287795,7.525293,2004-08-19
2004-08-23,7.859448191990031,6.70551874721603,9.035459453904233,7.370385,2004-08-19
2004-08-25,7.808483868233514,6.697006052258079,8.876946858387443,6.920795,2004-08-19
2004-08-26,7.667653807654514,6.515518652601706,8.752916571756037,6.089628,2004-08-19
2004-08-27,7.790050830259702,6.657479650340746,8.898883627222826,6.388564,2004-08-19
2004-08-28,7.744036469709631,6.565407662246429,8.924335399309733,6.422366,2004-08-19
2004-08-29,7.733874572038795,6.5565638222930644,8.844949208863278,7.475852,2004-08-19
2004-08-30,7.779276558281588,6.709138587368361,8.95194108647631,8.2703,2004-08-19
2004-08-31,7.6874319655929915,6.488027523743297,8.758286902047011,7.683674,2004-08-19
2004-09-01,7.7938444429084734,6.751398756832125,8.857875988978792,8.096192,2004-08-19
2004-09-17,8.132133380501752,7.03371707717906,9.243091024814804,8.333815,2004-09-16
2004-09-18,8.028770165473624,6.937208047257695,9.076753928580812,8.18835,2004-09-16
2004-09-19,7.9201017253193315,6.769706323286724,8.981057639576798,8.057289,2004-09-16
2004-09-20,8.220736372398553,7.17269552011606,9.269340060567188,8.932175,2004-09-16
2004-09-21,8.130917449981373,7.085268042827632,9.214747692598182,8.957977,2004-09-16
2004-09-22,8.02730095808298,6.896070508956354,9.05879943915103,8.306806,2004-09-16
2004-09-23,8.146205571015757,7.103778485923361,9.226234016252121,8.168726,2004-09-16
2004-09-24,8.187572566152967,7.12148064217805,9.195916228228054,8.200153,2004-09-16
2004-09-25,8.058191292089573,7.005233483078892,9.068270682104892,7.585918,2004-09-16
2004-09-26,8.147521992058735,7.140344938034047,9.251439951002006,7.608997,2004-09-16
2004-09-27,8.039124121780038,6.9598966059756755,9.076925990276425,7.363916,2004-09-16
2004-09-28,7.73642507425795,6.671400276225177,8.787407364124563,7.037442,2004-09-16
2004-09-29,7.7823988834006865,6.621904936459788,8.905770972582225,7.616146,2004-09-16
2004-09-30,7.648930214157877,6.600423714578955,8.673521729695201,7.297108,2004-09-16
2004-10-15,8.235023546676139,7.038843554844775,9.336244378528532,9.133973,2004-10-14
2004-10-16,8.240004782402531,7.03206344508744,9.266100770546272,8.503334,2004-10-14
2004-10-17,8.159328006211117,7.052877867966853,9.189040384582434,8.188719,2004-10-14
2004-10-18,8.07043047847985,6.85835334519851,9.183292365347034,8.690918,2004-10-14
2004-10-19,8.155958783669133,7.045162735595924,9.202899211209344,8.523394,2004-10-14
2004-10-20,8.254155925328359,7.187648907011864,9.30104759571606,8.902411,2004-10-14
2004-10-21,8.464477681251532,7.424643862015497,9.657563427868187,9.067157,2004-10-14
2004-10-22,8.358533256735555,7.2802057157087345,9.479751999475432,8.2516,2004-10-14
2004-10-23,8.334300671053585,7.304480131266829,9.51573686991338,8.300799,2004-10-14
2004-10-24,8.541182301166712,7.480790378857945,9.706909586908363,8.361997,2004-10-14
2004-10-25,8.273263120291007,7.237671525259966,9.382338948034716,8.4891,2004-10-14
2004-10-26,8.285580353871733,7.199601741573235,9.495477934287083,8.818898,2004-10-14
2004-10-27,8.436400053883684,7.213237278359484,9.561028974715649,8.789897,2004-10-14
2004-10-28,8.363352413179184,7.256447221213279,9.470348053738308,7.847058,2004-10-14
2004-11-12,8.400820187182358,7.242997699138299,9.522017151552335,9.097692,2004-11-11
2004-11-13,8.276009693844594,7.092318738800079,9.419860592859498,9.041631,2004-11-11
2004-11-14,8.373206678723717,7.25636188972335,9.459338767470726,8.848348,2004-11-11
2004-11-15,8.414335840878055,7.197421441872829,9.491249561146478,9.016892,2004-11-11
2004-11-16,8.39714190868167,7.2653046751446935,9.490152702827602,8.324274,2004-11-11
2004-11-17,8.648326737734369,7.569970309945669,9.86491977428738,8.263923,2004-11-11
2004-11-18,8.774640580679534,7.617581821223989,9.920529808321778,8.575948,2004-11-11
2004-11-19,8.716889220096952,7.52162687133215,9.865239472355947,7.543016,2004-11-11
2004-11-20,8.625443499241923,7.476944680937736,9.818390598837217,7.045195,2004-11-11
2004-11-21,8.722897319927787,7.587183547488076,9.828992084675807,7.553637,2004-11-11
2004-11-22,8.807626468868332,7.61705544242823,9.953493121908892,7.908029,2004-11-11
2004-11-23,8.824080355425933,7.639192341233032,9.958942580795075,9.136442,2004-11-11
2004-11-24,8.98217691022405,7.880780446890742,10.157256767475124,8.825615,2004-11-11
2004-11-25,9.171641666426915,7.973315264294468,10.31494331802962,10.180731,2004-11-11
2004-12-10,9.292157887678973,8.140429506636988,10.348961284075559,9.465628,2004-12-09
2004-12-11,9.234417309700794,8.135953858224179,10.27655378036162,9.792734,2004-12-09
2004-12-12,9.495344935071536,8.39592024017816,10.626215526944634,9.339912,2004-12-09
2004-12-13,9.48535238216247,8.27286877329654,10.533229181278632,9.106924,2004-12-09
2004-12-14,9.637335908234236,8.496325626027607,10.769651960775418,8.149881,2004-12-09
2004-12-15,9.733144692501643,8.628839213384213,10.75601378123555,7.78738,2004-12-09
2004-12-16,9.506700504246373,8.3572111532514,10.550857450436219,7.914626,2004-12-09
2004-12-17,9.557598368042731,8.416202628889344,10.61699846926806,7.415708,2004-12-09
2004-12-18,9.704722093989542,8.54927639946964,10.8073209335596,8.790849,2004-12-09
2004-12-19,9.808646186567055,8.73446404396762,10.954666163390495,8.713928,2004-12-09
2004-12-20,9.802969709629394,8.779662936858854,10.918544711973917,9.524662,2004-12-09
2004-12-21,9.874922540328056,8.583558386194852,10.927039892834019,9.211762,2004-12-09
2004-12-22,9.826730802043514,8.683570512826156,10.914068951905909,9.47582,2004-12-09
2004-12-23,9.866706870019296,8.730807223350784,11.033909106409894,10.125963,2004-12-09
2005-01-07,9.758246406450022,8.642046991980749,10.762292429371497,9.380804,2005-01-06
2005-01-08,9.794624865364426,8.71513817716031,10.976155779156054,8.685675,2005-01-06
2005-01-09,10.047705106846468,8.941552149919954,11.067235428600164,9.067606,2005-01-06
2005-01-10,10.060110432453234,9.015882766917883,11.093287948584623,9.959717,2005-01-06
2005-01-11,10.07219358802486,9.072440500207565,11.202523565197744,10.149542,2005-01-06
2005-01-12,10.156391117597272,8.985197775062781,11.205359122861514,11.029787,2005-01-06
2005-01-13,10.110034214464706,9.062511632098095,11.227090911036631,10.672884,2005-01-06
2005-01-14,10.372754715235564,9.288503646481477,11.498371083088168,10.681072,2005-01-06
2005-01-15,10.584958510301625,9.5013978382175,11.63875051407265,11.534026,2005-01-06
2005-01-16,10.615329158407128,9.52541152478067,11.754181472815596,11.171116,2005-01-06
2005-01-17,10.766111496584916,9.698534475427655,11.838415592402878,11.048057,2005-01-06
2005-01-18,10.819921476511425,9.708233868929426,11.922947926927343,12.123111,2005-01-06
2005-01-19,10.630454183371011,9.490002822201609,11.680711536557268,10.475783,2005-01-06
2005-01-20,10.6786833690438,9.67718126983953,11.770577851677423,10.593646,2005-01-06
2005-02-04,10.94107161262377,9.791805736992826,11.957399068819827,10.090131,2005-02-03
2005-02-05,11.171795825100222,10.08936975517588,12.201518083128919,9.298398,2005-02-03
2005-02-06,11.15570422909456,10.058587837757692,12.306777327955936,9.221032,2005-02-03
2005-02-07,10.812270817864917,9.635807296803033,11.81254139741661,8.62172,2005-02-03
2005-02-08,10.511887350941578,9.324644681930067,11.619963744751798,9.266969,2005-02-03
2005-02-09,10.314961474652183,9.185422370984897,11.366782137077173,10.085998,2005-02-03
2005-02-10,10.638322736793228,9.477356625724061,11.779026561615943,10.519933,2005-02-03
2005-02-11,10.512584395585671,9.437880790489366,11.590285098163871,11.16574,2005-02-03
2005-02-12,10.668991619555282,9.575406161824217,11.777021821500846,11.589299,2005-02-03
2005-02-13,10.581236880208765,9.550168450719541,11.676078968673762,11.45609,2005-02-03
2005-02-14,10.430030850556571,9.379351299079572,11.497745938761224,11.404862,2005-02-03
2005-02-15,10.357157595869918,9.30990114369079,11.51822634329892,11.377667,2005-02-03
2005-02-16,10.297672312122826,9.215425933427547,11.425492932142555,11.375346,2005-02-03
2005-02-17,10.26455474823135,9.215987464008544,11.427692437714171,11.69083,2005-02-03
2005-03-04,10.511960755355899,9.401711985054941,11.705000827342207,11.980352,2005-03-03
2005-03-05,10.650060002631255,9.514701028573839,11.794774019377394,12.053452,2005-03-03
2005-03-06,10.60819727215804,9.571280084199698,11.75207911849141,12.164959,2005-03-03
2005-03-07,10.798241928722852,9.679076117942742,11.952888744961413,11.837775,2005-03-03
2005-03-08,10.756457443226662,9.62675731549796,11.91124624866407,11.57154,2005-03-03
2005-03-09,10.434376494309944,9.381932202303021,11.635696327391443,11.707462,2005-03-03
2005-03-10,10.518679127593426,9.374119026445754,11.708590271627022,10.627066,2005-03-03
2005-03-11,10.242618857400478,9.079537512396184,11.50062359386489,10.956382,2005-03-03
2005-03-12,10.24423618647529,9.148105086531652,11.293543688152205,10.879561,2005-03-03
2005-03-13,10.165007026752276,8.93888279451078,11.398409704305987,10.379759,2005-03-03
2005-03-14,9.957236372076778,8.854437752944325,11.089656702661149,10.208332,2005-03-03
2005-03-15,9.666687285801592,8.520116310316117,10.828509562917091,9.941631,2005-03-03
2005-03-16,9.434361254453266,8.384158578623895,10.591214540074136,10.059019,2005-03-03
2005-03-17,9.234956828345334,8.121246758272301,10.33838066027522,9.297847,2005-03-03
2005-04-01,9.840657354556974,8.736193927926458,10.930457255410216,9.522093,2005-03-31
2005-04-02,9.66183771807354,8.523220180162305,10.77949582601346,10.064614,2005-03-31
2005-04-03,9.680597049803598,8.559404837670385,10.736124190732896,10.075655,2005-03-31
2005-04-04,9.578474984070747,8.475965840708795,10.663494298229404,9.813974,2005-03-31
2005-04-05,9.538637239348843,8.447966935137938,10.702991593089516,9.944914,2005-03-31
2005-04-06,9.519450982065962,8.378083218178544,10.604091313542392,10.633136,2005-03-31
2005-04-07,9.668218058632423,8.554441197878507,10.723668541127807,10.792594,2005-03-31
2005-04-09,9.299298591252557,8.232388224027762,10.432370712320314,10.043059,2005-03-31
2005-04-10,9.180749002289938,8.070584927159377,10.338686462159858,10.293931,2005-03-31
2005-04-11,9.0825898057563,8.035311203699797,10.148467447999934,10.251421,2005-03-31
2005-04-12,9.20137448811359,8.039314923304794,10.264360196300485,9.916558,2005-03-31
2005-04-13,9.24767957430776,8.036983359312256,10.393430927878207,10.268029,2005-03-31
2005-04-14,9.188684175647245,8.141854779706524,10.275922129634433,10.177214,2005-03-31
2005-04-29,8.711457046614093,7.555128596523476,9.85977353221392,9.466033,2005-04-28
2005-04-30,8.29226201713081,7.131048687451644,9.42799794537213,8.77373,2005-04-28
2005-05-01,8.179137116839483,7.103038037012893,9.233701853586169,8.871459,2005-04-28
2005-05-02,8.403626623490304,7.36511010389971,9.52307536686537,9.274251,2005-04-28
2005-05-03,8.594864957188724,7.474270080377363,9.712877456772892,9.366604,2005-04-28
2005-05-04,8.228620497186345,7.1370919478360015,9.31620759479503,9.303587,2005-04-28
2005-05-05,8.171559438499376,7.066912017694079,9.329651699767373,9.008211,2005-04-28
2005-05-06,8.053840361700932,6.9493548007299975,9.207573353485444,8.923229,2005-04-28
2005-05-07,8.27561359542994,7.13533363796206,9.405002656074931,9.174769,2005-04-28
2005-05-08,8.43010519152512,7.301536789631467,9.618072378489156,8.757213,2005-04-28
2005-05-09,8.241898929897104,7.107949640057882,9.295393752347566,8.121876,2005-04-28
2005-05-10,8.108062924474636,6.9704500611339135,9.213290783737634,7.661629,2005-04-28
2005-05-11,8.03137498225379,6.918267419245213,9.146606177343495,7.611831,2005-04-28
2005-05-12,8.090828884423564,7.034681142150323,9.2412424255827,7.316046,2005-04-28
2005-05-27,8.453773725600353,7.217876494527925,9.59405508863799,9.023692,2005-05-26
2005-05-28,8.393519600420305,7.2337192404198065,9.540047504980976,8.399864,2005-05-26
2005-05-29,8.239090974988384,7.030175991050579,9.453004159263351,9.025235,2005-05-26
2005-05-30,8.211633792737494,7.1539974632122085,9.370778335473913,8.401237,2005-05-26
2005-05-31,8.214410187724683,7.014592497838018,9.424240644155379,8.209927,2005-05-26
2005-06-01,8.160960304563083,7.0816316224398195,9.406919289036603,7.775805,2005-05-26
2005-06-02,8.1028759443775,6.852191151007209,9.235376307944524,8.197967,2005-05-26
2005-06-03,7.98066887693278,6.827293237862601,9.177681409568384,8.166158,2005-05-26
2005-06-04,7.6498451586165785,6.443440932841561,8.797795544502854,7.934598,2005-05-26
2005-06-05,7.74563742696711,6.598689037446706,8.862998491602468,7.968066,2005-05-26
2005-06-06,7.827668192825514,6.637208960434366,8.985014667616278,8.088691,2005-05-26
2005-06-07,8.075336524056056,6.896163597795207,9.262378254364346,8.537895,2005-05-26
2005-06-08,7.9427197508834775,6.778474130376563,9.036427405036806,8.83135,2005-05-26
2005-06-09,7.904017922432594,6.778873853857321,9.162548969332992,8.650649,2005-05-26
2005-06-24,7.270389526757125,6.181124824487899,8.432848746488691,7.442451,2005-06-23
2005-06-25,7.21086593623523,5.952733963454689,8.355059194412673,7.868409,2005-06-23
2005-06-26,7.290102230540803,6.048160889910274,8.365456668948292,8.047965,2005-06-23
2005-06-27,7.38971741735034,6.194539701695442,8.486212961837648,7.847621,2005-06-23
2005-06-28,7.200129034699816,6.0444170273899065,8.365885240911245,7.893988,2005-06-23
2005-06-29,7.44840242297436,6.290859467140729,8.633380974019362,7.774959,2005-06-23
2005-06-30,7.3321225775075085,6.21024221626867,8.492646518844694,7.337077,2005-06-23
2005-07-01,7.1310498994593905,5.991308835423324,8.250026050985216,6.780656,2005-06-23
2005-07-02,7.108636498468501,5.985698108947066,8.239513660205896,6.630168,2005-06-23
2005-07-03,7.068874180976114,5.96674020677161,8.155186842634194,7.389942,2005-06-23
2005-07-04,7.538005257852174,6.382680399018544,8.688522083885305,8.308825,2005-06-23
2005-07-05,7.475230260140334,6.227732215974489,8.574038502362725,8.348169,2005-06-23
2005-07-06,7.455454344145399,6.278819447329372,8.550876841936276,8.665563,2005-06-23
2005-07-07,7.4164160408935,6.247281396555431,8.610748738602455,7.96759,2005-06-23
2005-07-22,7.709186358841967,6.591648278332366,8.897851956910264,7.967598,2005-07-21
2005-07-23,7.704444643432295,6.610949026430897,8.799777859151671,8.311056,2005-07-21
2005-07-24,7.567100503644058,6.408045278029803,8.642651413838124,8.518217,2005-07-21
2005-07-25,7.600939432043303,6.5287846522415425,8.710768368865038,8.078379,2005-07-21
2005-07-26,7.52404435190698,6.326185648732763,8.693939076334432,7.768402,2005-07-21
2005-07-27,7.486331549007897,6.3069201651024285,8.60902155824306,7.665899,2005-07-21
2005-07-28,7.496112261052788,6.400032838099292,8.548643139730848,7.934968,2005-07-21
2005-07-29,7.422224332230968,6.35656719835698,8.544634422532214,7.631953,2005-07-21
2005-07-30,7.5402310634494984,6.396282636300953,8.57099012097247,7.708384,2005-07-21
2005-07-31,7.549000579614473,6.429410744902775,8.6717269706502,8.530682,2005-07-21
2005-08-01,7.774930519727167,6.617398044871387,8.89885969185234,8.608627,2005-07-21
2005-08-02,7.95661871746909,6.782633661613305,8.98417683745948,8.383762,2005-07-21
2005-08-03,7.860473363281054,6.6997715079919935,9.022973307732368,8.307342,2005-07-21
2005-08-04,7.962892022733048,6.851026110322239,9.041534138729551,8.424839,2005-07-21
2005-08-19,7.231514383824377,6.164968035056228,8.304104351343824,7.413937,2005-08-18
2005-08-20,7.307808282100519,6.135709062708258,8.472325350428061,7.704674,2005-08-18
2005-08-21,7.123078312315879,5.969923613105186,8.277029547465391,7.088457,2005-08-18
2005-08-22,7.129436201574014,5.94928859915728,8.210370843830148,7.430035,2005-08-18
2005-08-23,7.263488935909474,6.114684069919696,8.408689954590065,7.648951,2005-08-18
2005-08-24,7.340434775858141,6.282165452132278,8.510699040429788,7.649818,2005-08-18
2005-08-25,7.351730954616779,6.220101994091633,8.491927713623028,8.086529,2005-08-18
2005-08-26,7.583412231705113,6.503567346117622,8.694461887211896,7.249095,2005-08-18
2005-08-27,7.612682414982984,6.518477363470228,8.739748706318037,7.173154,2005-08-18
2005-08-28,7.754778876529236,6.58872462596399,8.874607693116031,7.325598,2005-08-18
2005-08-29,7.896339821278693,6.800193291304565,9.043650417383633,7.708261,2005-08-18
2005-08-30,8.039729191813976,6.982049816693656,9.180292325935834,7.988405,2005-08-18
2005-08-31,8.047519970637678,6.865202444515355,9.118550809900896,7.996409,2005-08-18
2005-09-01,8.157215656341373,6.9693422371293074,9.280770516139574,7.204972,2005-08-18
2005-09-16,8.07262728898616,6.91161790877372,9.25397216455024,7.894093,2005-09-15
2005-09-17,7.992114564703713,6.878349395462884,9.214728871983276,7.027099,2005-09-15
2005-09-18,8.049575422912698,6.863799962643436,9.169497275723248,7.126194,2005-09-15
2005-09-19,7.902323487902269,6.732970925097632,9.042776809060515,6.998689,2005-09-15
2005-09-20,7.795684149445481,6.6067963864897665,8.917988317581196,6.859314,2005-09-15
2005-09-21,7.8807145712682765,6.723160293713039,8.947485685310797,7.054955,2005-09-15
2005-09-22,7.92447611155434,6.855219231147379,9.054606742909218,7.568209,2005-09-15
2005-09-23,7.772763037278335,6.6501484594825735,8.966162321339398,7.781213,2005-09-15
2005-09-24,7.762889678268599,6.614132490698068,8.902721607584054,7.697371,2005-09-15
2005-09-25,8.033573876833874,6.938899132524061,9.172934294958472,7.180745,2005-09-15
2005-09-26,7.750692058620443,6.534071039468903,8.824512961676772,6.968746,2005-09-15
2005-09-27,7.690449276536936,6.5192381562522215,8.916422159815149,7.348067,2005-09-15
2005-09-28,7.49426539349405,6.395025214624904,8.594552061535964,7.630701,2005-09-15
2005-09-29,7.533767340333039,6.375783975728896,8.579383923572996,7.498559,2005-09-15
2005-10-14,8.095085752564236,7.018623778178214,9.203798607359207,6.670426,2005-10-13
2005-10-15,8.019137503697992,6.9761773456283995,9.129495015069804,6.79118,2005-10-13
2005-10-16,8.220502713331186,7.014868915923801,9.3247738785363,6.921289,2005-10-13
2005-10-17,8.137258558851235,7.040337304345066,9.235111633783886,6.278982,2005-10-13
2005-10-18,8.154150731027766,6.9625375580424596,9.202207189226224,6.919108,2005-10-13
2005-10-19,8.163647639839684,7.072058689134444,9.290927456215861,7.364013,2005-10-13
2005-10-20,8.113547136950263,6.971370137268946,9.225989514880453,7.280486,2005-10-13
2005-10-21,8.21782194971927,7.1763592061519725,9.353552355879001,6.933894,2005-10-13
2005-10-22,8.34335166880855,7.275939254025742,9.463744894949798,6.837757,2005-10-13
2005-10-23,8.457404705225505,7.301050877243632,9.600203831092001,6.957143,2005-10-13
2005-10-24,8.476470487818313,7.412947755928888,9.627301873967609,6.597212,2005-10-13
2005-10-25,8.606746715045093,7.4803478637755,9.699762778697881,6.151226,2005-10-13
2005-10-26,8.597853151746603,7.514829015145464,9.756283582917849,6.974561,2005-10-13
2005-10-27,8.584488243021523,7.431848914347966,9.706919483990148,7.298472,2005-10-13
2005-11-11,7.935439071598525,6.7228096106805175,9.067129470962831,7.423854,2005-11-10
2005-11-12,8.084572324024425,6.97230455439061,9.178469430107212,7.335345,2005-11-10
2005-11-13,8.138046406575137,6.9408112560646975,9.301497736181927,7.645838,2005-11-10
2005-11-14,8.320202964735513,7.122959535398178,9.599287199055967,8.418571,2005-11-10
2005-11-15,8.263863589825466,7.119036879688949,9.474671976685006,9.216462,2005-11-10
2005-11-16,8.363747034869535,7.212564254255902,9.431038196287508,8.840391,2005-11-10
2005-11-17,8.342489437743065,7.233602469185159,9.49333018326008,8.27004,2005-11-10
2005-11-18,8.395505638112606,7.26105373547455,9.4840615211323,8.578096,2005-11-10
2005-11-19,8.254633426475893,7.038247434808663,9.392110397507693,8.195526,2005-11-10
2005-11-20,8.3410636775542,7.177334240951102,9.467830778123004,8.166528,2005-11-10
2005-11-21,8.387076802422744,7.314293304002023,9.577181246100945,8.343929,2005-11-10
2005-11-22,8.509537160620567,7.372070364769255,9.664231308667462,9.081256,2005-11-10
2005-11-23,8.6001172780052,7.3963060833378655,9.787766351437128,9.344451,2005-11-10
2005-11-24,8.615620951548312,7.381548129860563,9.850089439097177,8.787266,2005-11-10
2005-12-09,9.416497137301437,8.231473842091644,10.511425485310369,12.024346,2005-12-08
2005-12-10,9.488635105369895,8.396008141199628,10.653401809680076,12.222746,2005-12-08
2005-12-11,9.478163713594789,8.32479400812004,10.565954159147632,11.978047,2005-12-08
2005-12-12,9.533571603681528,8.383351726339624,10.72705955371941,12.509157,2005-12-08
2005-12-13,9.629182942373992,8.464130208942564,10.665418864158681,11.692539,2005-12-08
2005-12-14,9.645418991663014,8.433856890526876,10.757661869161147,11.884787,2005-12-08
2005-12-15,9.638369500983805,8.442592006002762,10.696938033091463,11.513485,2005-12-08
2005-12-16,9.669411606184003,8.460122983904295,10.842775157089925,11.535497,2005-12-08
2005-12-17,9.746296674295817,8.593417562609476,10.949449432452461,11.251876,2005-12-08
2005-12-18,9.647836015525542,8.47744504488261,10.864525814671213,11.301639,2005-12-08
2005-12-19,9.474198714002732,8.385258523412295,10.620191248685208,10.684594,2005-12-08
2005-12-20,9.246766511365971,8.141870729910734,10.365189098982547,10.770311,2005-12-08
2005-12-21,9.509449001855042,8.292557030697832,10.65634247712861,11.36266,2005-12-08
2005-12-22,9.671593203325166,8.523631821672918,10.842176893119587,12.042817,2005-12-08
2006-01-06,10.086766167394432,8.944084780029671,11.244076392532909,11.21606,2006-01-05
2006-01-07,10.070751486491185,8.939733928151442,11.16924054731779,10.547566,2006-01-05
2006-01-08,10.118799828775877,9.016183845880736,11.314103966295232,10.933646,2006-01-05
2006-01-09,10.089616453275237,8.986644053105838,11.247278643528341,10.132843,2006-01-05
2006-01-10,10.07616327413322,8.957276794601057,11.191289340501765,10.494119,2006-01-05
2006-01-11,10.361115310689527,9.261472188638567,11.545721489188207,10.549083,2006-01-05
2006-01-12,10.530339833697658,9.50952217421487,11.656006067150507,10.56213,2006-01-05
2006-01-13,10.565477138742901,9.389770033473233,11.744185429809916,10.772993,2006-01-05
2006-01-14,10.577581738972505,9.37691455419717,11.674654371720992,10.919296,2006-01-05
2006-01-15,10.562318392691902,9.349814449395756,11.626403079581895,10.707083,2006-01-05
2006-01-16,10.665724570520029,9.542992419505286,11.74491188216228,10.326899,2006-01-05
2006-01-17,10.674113133999542,9.551207639308581,11.766651271423338,8.876976,2006-01-05
2006-01-18,10.522697217153663,9.36597017796539,11.61658203072277,8.943625,2006-01-05
2006-01-19,10.771947436270537,9.58363582388325,11.973397396695736,9.124986,2006-01-05
2006-02-03,10.951506640289459,9.804628382108389,12.025176934279816,10.931939,2006-02-02
2006-02-04,10.819247404850588,9.617465035289008,11.931500543158347,10.93643,2006-02-02
2006-02-05,10.607253551144302,9.451582966047827,11.686658141825397,11.793597,2006-02-02
2006-02-06,10.563860853621874,9.488473036745638,11.679437076003058,12.165931,2006-02-02
2006-02-07,10.4363394535876,9.306337434641582,11.537517333495634,11.080673,2006-02-02
2006-02-08,10.222882100459719,8.979020521525559,11.297863582804782,11.00544,2006-02-02
2006-02-09,10.26919426447591,9.16979406375593,11.448520122132397,10.493596,2006-02-02
2006-02-10,10.204376325295211,9.102117159959587,11.299289872741861,10.402838,2006-02-02
2006-02-11,9.997552969435988,8.977313331466286,11.138560838854216,10.502238,2006-02-02
2006-02-12,9.974109701379964,8.871667298615801,11.093052337980774,10.818069,2006-02-02
2006-02-13,9.800350779465413,8.697230989296186,10.853563783215936,9.334119,2006-02-02
2006-02-14,9.805406299171489,8.717032150547002,10.910852430411769,9.529698,2006-02-02
2006-02-15,9.681075187372622,8.501838003050445,10.76063439128521,9.414929,2006-02-02
2006-02-16,9.526338704692924,8.363001366213908,10.587034552584873,8.944925,2006-02-02
2006-03-03,9.523455388925031,8.35624871039961,10.783422543346775,9.035491,2006-03-02
2006-03-04,9.496868084088456,8.272651667718073,10.633133972004572,9.628754,2006-03-02
2006-03-05,9.54050783845373,8.39699716955439,10.684921403100565,10.027619,2006-03-02
2006-03-06,9.45004220252,8.235683827750812,10.541621820676818,9.60377,2006-03-02
2006-03-07,9.53172220176358,8.32399987841703,10.728235974752629,9.860683,2006-03-02
2006-03-08,9.41298226175523,8.270922050877196,10.590548349886431,8.802519,2006-03-02
2006-03-09,9.288262215908178,8.100961021681872,10.524401556260047,8.765651,2006-03-02
2006-03-10,9.586119604550586,8.379269581616605,10.725415890324856,8.936536,2006-03-02
2006-03-11,9.452393673646961,8.16721839405052,10.592122621916534,8.035029,2006-03-02
2006-03-12,9.456071078885113,8.276535101977997,10.648720741918202,7.597768,2006-03-02
2006-03-13,9.339599375587401,8.163197709617743,10.498564144699714,7.066816,2006-03-02
2006-03-14,9.354420806649044,8.08931683300443,10.482383598361704,8.157993,2006-03-02
2006-03-15,9.51355185590765,8.408250773570773,10.632829966622394,9.670747,2006-03-02
2006-03-16,9.396106690587867,8.228926702230611,10.570890608382106,10.215236,2006-03-02
2006-03-31,9.467375549248288,8.318797886010012,10.530605384873569,9.232601,2006-03-30
2006-04-01,9.452036220606862,8.34578195812302,10.579309559562628,9.418319,2006-03-30
2006-04-02,9.500367966164575,8.37176525672772,10.555194936956806,10.162576,2006-03-30
2006-04-03,9.36385204215541,8.237627784273709,10.414986248228972,9.161495,2006-03-30
2006-04-05,9.444422048988073,8.314763520159158,10.51935235647883,9.651319,2006-03-30
2006-04-06,9.323879433202936,8.173914073866587,10.459453086016476,9.510321,2006-03-30
2006-04-07,9.72203759772911,8.58519483478968,10.804057362595906,9.674903,2006-03-30
2006-04-08,9.435833487213468,8.31112686686063,10.55777060689259,8.99469,2006-03-30
2006-04-09,9.28202049141788,8.221481539930343,10.413452371032516,8.270876,2006-03-30
2006-04-11,9.091992019928737,7.965426220737999,10.168376110844918,7.95983,2006-03-30
2006-04-12,9.266769772719636,8.132823365777808,10.322757822048418,8.5598,2006-03-30
2006-04-13,8.99769206296447,7.794520953996024,10.223034989763287,8.157633,2006-03-30
2006-04-28,8.253505588597791,7.139985268348953,9.470673745144563,9.543877,2006-04-27
2006-04-29,8.284553415917216,7.145297322952114,9.429175994456164,10.487463,2006-04-27
2006-04-30,8.249036349623456,7.068502311210531,9.444075198820924,10.191208,2006-04-27
2006-05-01,8.358579922002987,7.228603986320672,9.52979900720435,10.753965,2006-04-27
2006-05-02,8.056608534260423,6.825830916217014,9.212472908288015,10.916112,2006-04-27
2006-05-03,8.114699768626433,6.8829670207329725,9.239846921120298,10.355155,2006-04-27
2006-05-04,8.251418086131581,7.040530544909848,9.452539511823597,10.78614,2006-04-27
2006-05-05,8.20922444658772,6.938714467307256,9.421537298877274,10.058379,2006-04-27
2006-05-06,8.247468789990185,7.035440607184926,9.40912824248647,9.779381,2006-04-27
2006-05-07,8.167506447952618,6.930340425437121,9.344660117861729,10.270318,2006-04-27
2006-05-08,8.064163632468606,6.831552699398413,9.203098975228126,10.369043,2006-04-27
2006-05-09,8.082385735247636,6.9382953445486475,9.271055788931264,10.727413,2006-04-27
2006-05-10,8.16820919069273,6.963511648130197,9.37737450373467,9.627179,2006-04-27
2006-05-11,8.35549811031841,7.2587243809834066,9.50502042608725,9.799703,2006-04-27
2006-05-26,8.41379263963802,7.361821797115829,9.551088602895419,8.019973,2006-05-25
2006-05-27,8.168422754756195,7.133274161751928,9.295172023818685,8.825693,2006-05-25
2006-05-28,8.085300387286681,6.998942986678694,9.216368594786513,8.368028,2006-05-25
2006-05-29,7.968947424751597,6.845531440831439,9.070015304113475,8.336411,2006-05-25
2006-05-30,7.972058917413315,6.805946848980963,9.125990261468315,8.517069,2006-05-25
2006-05-31,7.883691135842841,6.738259165842451,8.961653078432155,7.54462,2006-05-25
2006-06-02,7.9464789506504605,6.863521034453896,9.154696925060955,7.212517,2006-05-25
2006-06-03,7.752799385278529,6.580565006504296,8.862961635963051,6.379324,2006-05-25
2006-06-04,7.721920945112269,6.564557062711972,8.82817005469798,6.345911,2006-05-25
2006-06-05,7.693247971102075,6.54115982036059,8.778833520382925,6.618226,2006-05-25
2006-06-06,7.621622550703821,6.536950567649193,8.672189456371525,6.900679,2006-05-25
2006-06-07,7.5419651122374125,6.4006188407199645,8.613514488303668,7.294773,2006-05-25
2006-06-08,7.245964909311909,6.171896009328645,8.329406288697527,7.644563,2006-05-25
2006-06-23,7.510782652465232,6.3064808628019335,8.669853362811386,7.740287,2006-06-22
2006-06-24,7.350268204501352,6.16053402395457,8.543793769668241,8.214286,2006-06-22
2006-06-25,7.249856217176285,6.056782247715533,8.444151004972001,7.829536,2006-06-22
2006-06-26,7.408181732811019,6.286850930211754,8.631276265269879,8.40937,2006-06-22
2006-06-27,7.520529751751212,6.284986745410349,8.73667037201954,8.526669,2006-06-22
2006-06-28,7.505565260003592,6.286414922755035,8.687272325422267,8.14612,2006-06-22
2006-06-29,7.4462074434168155,6.161806551605201,8.608859717297866,7.3399,2006-06-22
2006-06-30,7.31976952132984,6.089821519136364,8.536052157413675,7.491612,2006-06-22
2006-07-01,7.14459886381139,5.909312186861865,8.384841492371493,7.299642,2006-06-22
2006-07-02,7.130717455726906,5.96816464508327,8.260122712373468,7.124346,2006-06-22
2006-07-03,7.055328162503868,5.9297154673340415,8.217218199850086,8.224435,2006-06-22
2006-07-04,7.014371230549892,5.735138007157982,8.17055500625992,8.101148,2006-06-22
2006-07-05,7.079336214094394,5.890651369914121,8.368603413232266,8.307129,2006-06-22
2006-07-06,6.981724863922126,5.80098010086854,8.135255618682933,8.550151,2006-06-22
2006-07-21,7.80503053064683,6.597658994237678,8.923952989026157,8.680725,2006-07-20
2006-07-22,7.817948507147245,6.6096028844882655,9.068268961818172,8.087577,2006-07-20
2006-07-23,7.822274415734654,6.549366601070867,8.948456178458596,8.074047,2006-07-20
2006-07-24,7.953473613949267,6.797415207974229,9.155419317257916,7.971261,2006-07-20
2006-07-25,7.848121132786404,6.720124716793654,8.987231887164587,9.208503,2006-07-20
2006-07-26,7.820903836188727,6.709387750694337,9.117542186022911,9.136984,2006-07-20
2006-07-27,7.673673325885115,6.426551554137052,8.875347797844142,9.097755,2006-07-20
2006-07-28,7.701339571494911,6.556432468808683,8.880399622418741,9.127587,2006-07-20
2006-07-29,7.671279280717538,6.508556113808753,8.806398462561006,8.823143,2006-07-20
2006-07-30,8.026675365832295,6.7689628520728995,9.217618109819465,8.618502,2006-07-20
2006-07-31,8.188693727881898,7.090275726842774,9.383518869857776,8.201715,2006-07-20
2006-08-01,8.317448176011462,7.10185811758617,9.510193252380715,7.391343,2006-07-20
2006-08-02,8.464719471813687,7.3064991533932275,9.647724196449026,7.25106,2006-07-20
2006-08-03,8.55700701885677,7.311685050353742,9.797157018047661,7.646662,2006-07-20
2006-08-18,7.397242494438675,6.172122400932405,8.573478793672997,8.033053,2006-08-17
2006-08-19,7.38680276258348,6.213102494604781,8.563004195001223,7.352339,2006-08-17
2006-08-20,7.324719069347401,6.080747183595326,8.578013339021503,7.375273,2006-08-17
2006-08-21,7.43019317769689,6.273341943830156,8.700020022268454,7.964357,2006-08-17
2006-08-22,7.389277913527291,6.227305013691319,8.561890676258033,8.228145,2006-08-17
2006-08-23,7.47800350757559,6.244605580704307,8.725713920542223,8.094877,2006-08-17
2006-08-24,7.631525860756229,6.438819343220168,8.886332494950786,8.110373,2006-08-17
2006-08-25,7.743016689018286,6.489720061476487,8.912139940291539,8.71814,2006-08-17
2006-08-26,7.469099821600297,6.230768145217867,8.675618463753333,7.96513,2006-08-17
2006-08-27,7.513791844721222,6.339587570904506,8.639454228014381,8.181237,2006-08-17
2006-08-28,7.5171146769624855,6.288094971376934,8.695306813204404,8.470284,2006-08-17
2006-08-29,7.415811202823782,6.194418474470502,8.542201179097129,7.716395,2006-08-17
2006-08-30,7.327768064154958,6.145723116822796,8.477839685678614,7.840198,2006-08-17
2006-08-31,7.328277683338189,6.090938626857606,8.510036054291376,7.503638,2006-08-17
2006-09-15,8.088944337431428,6.860744902424534,9.300347364972636,8.395942,2006-09-14
2006-09-16,8.202990664559021,7.044512912036738,9.443949790948743,8.891254,2006-09-14
2006-09-17,8.164720783913005,6.982935434157617,9.333414486774247,8.942421,2006-09-14
2006-09-18,7.986483240235682,6.7695291343923945,9.11437178160849,8.015153,2006-09-14
2006-09-19,7.726471239972278,6.485571636887592,8.914441043372197,7.760235,2006-09-14
2006-09-20,7.799153377732083,6.552500321512168,9.036089287306508,8.078432,2006-09-14
2006-09-21,7.707628569789843,6.50910443991237,8.812588057924758,8.221558,2006-09-14
2006-09-22,7.713664872445416,6.441012769390384,8.817438633501746,8.213023,2006-09-14
2006-09-23,7.58570918705913,6.347388632317944,8.774158044305269,7.779861,2006-09-14
2006-09-24,7.475323071740204,6.329706634030925,8.678419774576586,7.887534,2006-09-14
2006-09-25,7.445333406076333,6.287693667356784,8.666592068913918,8.059983,2006-09-14
2006-09-26,7.6138646492285345,6.351220208391348,8.813568356766051,8.016094,2006-09-14
2006-09-27,7.61437627267749,6.445181826111483,8.727244096317829,7.847546,2006-09-14
2006-09-28,7.630571280845219,6.449713090531836,8.876165089268918,7.632368,2006-09-14
2006-10-13,8.019900402333896,6.950861496005847,9.165340449725782,7.603017,2006-10-12
2006-10-14,7.900522318307364,6.763046209930818,9.095322331113465,7.755015,2006-10-12
2006-10-15,8.040693237198198,6.9380858698486705,9.181172810314187,7.632103,2006-10-12
2006-10-16,8.05594906815321,6.869585117801745,9.16992294633055,7.732973,2006-10-12
2006-10-17,8.02252097972135,6.923153768654922,9.232052327030377,7.549114,2006-10-12
2006-10-18,8.037560898634812,6.92821043101538,9.142094903252735,7.35515,2006-10-12
2006-10-19,7.913600762342027,6.788043574105541,8.96166877136195,7.22547,2006-10-12
2006-10-20,8.043142413907953,6.916776651388472,9.197370693222572,7.735347,2006-10-12
2006-10-21,8.007188732630093,6.917501672073527,9.203488351723566,7.537661,2006-10-12
2006-10-22,8.068844469111761,6.966482320426584,9.141103978515813,7.642418,2006-10-12
2006-10-23,8.187229172728504,7.018214667508077,9.332161128380946,7.787399,2006-10-12
2006-10-24,8.114035791280596,7.079314406538299,9.247176043307551,7.582557,2006-10-12
2006-10-25,8.106391727460474,6.938091814896926,9.255396372589068,7.482562,2006-10-12
2006-10-26,8.159992352361888,7.014554761102196,9.307591903541834,8.616869,2006-10-12
2006-11-28,7.927105471148356,6.785618918167659,8.994643907615698,9.855164,2006-11-27
2006-11-29,7.96250471830338,6.793010936510089,9.07294137744029,9.355006,2006-11-27
2006-11-30,8.204085636347724,7.009667847042938,9.26382066976885,9.466401,2006-11-27
2006-12-01,9.390043614629713,8.300385643088637,10.509487534077635,10.92319,2006-11-27
2006-12-02,9.564126392306505,8.414083617739232,10.693983948372985,11.26566,2006-11-27
2006-12-03,9.346263044741068,8.273981354960718,10.475597193904036,11.166424,2006-11-27
2006-12-04,9.385949739789947,8.298306579708575,10.438278559051279,10.447991,2006-11-27
2006-12-05,9.661938237546702,8.55193766330344,10.73436033523852,10.751316,2006-11-27
2006-12-06,9.649304565275617,8.440995345499148,10.751483632338939,10.724058,2006-11-27
2006-12-07,9.646048028219154,8.58902483543187,10.763110154309702,10.717369,2006-11-27
2006-12-08,9.56075339280008,8.434831460302506,10.681026571531842,9.745222,2006-11-27
2006-12-09,9.749953831156127,8.58040934012615,10.913589454799759,10.288919,2006-11-27
2006-12-10,9.936964010354123,8.820511601931056,11.014934465829935,10.024123,2006-11-27
2006-12-11,9.762898426583108,8.591739406216345,10.866133203758956,10.319535,2006-11-27
2006-12-26,9.94704573479881,8.751277413723338,11.048504382304918,11.157976,2006-12-25
2006-12-27,9.909751057198129,8.81454488715055,11.020666246061428,11.416273,2006-12-25
2006-12-28,9.864390375525453,8.769585785848491,11.025383086620124,11.414204,2006-12-25
2006-12-29,9.981061699512578,8.758295994572613,11.119524840443479,11.147427,2006-12-25
2006-12-30,9.819454453194625,8.782568078617656,11.003753694329156,10.655801,2006-12-25
2006-12-31,9.972043150521001,8.821824733114697,11.087308995694796,9.312334,2006-12-25
2007-01-01,10.15702936217765,8.976017331698891,11.276336240374786,10.13289,2006-12-25
2007-01-02,10.151334834417819,8.974768983765175,11.274601977762616,9.961961,2006-12-25
2007-01-03,10.097354185882306,8.927708275300704,11.177588470735008,10.562176,2006-12-25
2007-01-04,10.080717641521982,8.998537185482508,11.215968475712442,10.128708,2006-12-25
2007-01-05,10.337550155655418,9.216724803080425,11.44289876179952,10.146917,2006-12-25
2007-01-06,10.19296134356463,9.045700114271606,11.314647540836264,9.915093,2006-12-25
2007-01-07,10.227226123919001,9.137658772947526,11.408578739188592,9.653719,2006-12-25
2007-01-08,10.371383031158626,9.22389101438314,11.537038257913204,10.308351,2006-12-25
2007-01-23,11.517008651751713,10.260058442604883,12.55245713496365,11.481698,2007-01-22
2007-01-24,11.289234437780188,10.092801199740686,12.39466828110013,10.714757,2007-01-22
2007-01-25,11.246177434958074,10.14295645663302,12.264232266224685,10.413736,2007-01-22
2007-01-26,11.443722596895842,10.340165702051658,12.60161623874766,10.47093,2007-01-22
2007-01-27,11.366297395132044,10.225210569061018,12.479893525687215,10.209891,2007-01-22
2007-01-28,11.280666709772104,10.193035120338518,12.382219419231074,10.168648,2007-01-22
2007-01-29,11.215526806501853,10.058124785007147,12.373012352792983,10.499543,2007-01-22
2007-01-30,11.551580546615652,10.411110562537726,12.724694990162783,11.095478,2007-01-22
2007-01-31,11.544456526358616,10.389375852600017,12.626163997053839,10.269464,2007-01-22
2007-02-01,11.369832052305135,10.263444232780058,12.469227075263403,10.260459,2007-01-22
2007-02-02,11.324611608165803,10.217657093313738,12.501059220527198,10.237177,2007-01-22
2007-02-03,11.26058928780893,10.153943777258595,12.38315214503644,9.864325,2007-01-22
2007-02-04,11.189111831598492,9.956341087602297,12.344743439318393,10.184085,2007-01-22
2007-02-20,10.442149160575926,9.243966531943514,11.552725643575773,9.072616,2007-02-19
2007-02-21,10.392121853514638,9.238703003090972,11.503793773539943,9.064103,2007-02-19
2007-02-22,10.552098894872657,9.361685452363899,11.676980233537739,8.486526,2007-02-19
2007-02-23,10.630718084826105,9.4073894777884,11.864613901227683,8.516646,2007-02-19
2007-02-24,10.658304451223424,9.571818491729436,11.858836032442257,8.22485,2007-02-19
2007-02-25,10.599101537900365,9.464643129389462,11.765970621013215,8.933745,2007-02-19
2007-02-26,10.583706949844903,9.384229771231718,11.729468017148644,9.688479,2007-02-19
2007-02-27,10.665261570060649,9.376504927729274,11.889479628228893,9.832226,2007-02-19
2007-02-28,10.464153881390695,9.278539627027033,11.580439372488206,10.80122,2007-02-19
2007-03-01,10.378582639565881,9.222858373201936,11.556480274450246,9.562482,2007-02-19
2007-03-02,10.168041816774947,9.07827723138429,11.280893556946966,10.348782,2007-02-19
2007-03-03,9.903754162431238,8.748301882024512,11.201191442243049,10.052259,2007-02-19
2007-03-04,10.128338239722373,8.913688692326499,11.224120046723787,10.331899,2007-02-19
2007-03-05,10.197786439413914,9.134746860890782,11.429398891008674,9.451442,2007-02-19
2007-03-20,9.942098195279195,8.775947573939927,11.101141365417774,10.535065,2007-03-19
2007-03-21,10.054960405344737,8.850945417449857,11.204245738589448,9.684371,2007-03-19
2007-03-22,10.243148909154904,9.093607881240423,11.372464558117986,10.027388,2007-03-19
2007-03-24,10.397153126684424,9.275363533281608,11.480744739060132,11.615217,2007-03-19
2007-03-25,10.127741834303226,9.008399985176835,11.210832352759342,11.459264,2007-03-19
2007-03-26,10.083084278040056,9.019070887597595,11.292172576768433,11.068814,2007-03-19
2007-03-27,10.067906801674964,8.882981157972596,11.150448477362376,10.475082,2007-03-19
2007-03-28,9.897408365261809,8.694623799769605,11.061483209866378,9.800295,2007-03-19
2007-03-29,9.772050378558749,8.680816279171246,10.974986026963071,9.498256,2007-03-19
2007-03-30,9.82677347551039,8.745746488555652,10.935496859136588,9.711799,2007-03-19
2007-03-31,9.681750128685037,8.526442101666166,10.747102923789793,9.142686,2007-03-19
2007-04-01,9.64047912729369,8.535474773998256,10.747042407384692,9.162412,2007-03-19
2007-04-17,9.4363763411773,8.24437484718162,10.552005419311918,10.516066,2007-04-16
2007-04-18,9.373307184878259,8.146846546773272,10.51901767132787,10.103914,2007-04-16
2007-04-19,9.062410733412204,7.996725533896022,10.259050889193333,9.372002,2007-04-16
2007-04-20,9.00523125894698,7.717633498096151,10.16587350400188,9.638926,2007-04-16
2007-04-22,9.103945238752392,7.948164424966757,10.253837092581112,9.542095,2007-04-16
2007-04-23,9.062391848627476,7.807377492088625,10.321793576115804,9.896911,2007-04-16
2007-04-24,8.940028211086524,7.70296811932535,10.164199072826666,10.489532,2007-04-16
2007-04-25,8.85665766446695,7.675615885756977,9.961658019726249,10.539077,2007-04-16
2007-04-26,8.842158131838652,7.691694689248085,10.049368924943195,9.79251,2007-04-16
2007-04-27,8.726279893015336,7.679080911270818,9.843794791974743,8.959498,2007-04-16
2007-04-28,8.85547750871249,7.727159938861873,9.97959331998175,9.301248,2007-04-16
2007-04-29,8.656772308419384,7.419320559831754,9.76071989375943,8.969059,2007-04-16
2007-04-30,8.68586999423878,7.592827241355081,9.815255987131883,9.617386,2007-04-16
2007-05-15,8.426935818646088,7.281782200281718,9.557984472244618,6.830477,2007-05-14
2007-05-16,8.244448905119922,7.001727598761513,9.419037034334444,8.146907,2007-05-14
2007-05-17,8.378444162710876,7.255981896382863,9.530210626542031,8.30222,2007-05-14
2007-05-18,8.249432633416426,7.122879564610039,9.410935153914739,7.419707,2007-05-14
2007-05-19,8.201651168156507,7.029871031438658,9.367314473302237,7.340366,2007-05-14
2007-05-20,8.187028676012412,7.047571079985928,9.368705700694619,7.827159,2007-05-14
2007-05-21,8.125351806547378,6.9255937056142844,9.307879584858144,6.949746,2007-05-14
2007-05-22,8.135214350096565,7.003125776782904,9.223677984232348,7.120351,2007-05-14
2007-05-23,7.962868259327054,6.786171241648234,9.09157342180146,6.473827,2007-05-14
2007-05-24,7.999939165238951,6.747907965176851,9.122853822697456,6.895878,2007-05-14
2007-05-25,7.990271769588886,6.837575527145855,9.163656529901719,7.582288,2007-05-14
2007-05-26,7.973691726408902,6.738712759402796,9.094198101998572,8.024036,2007-05-14
2007-05-27,8.019028016330646,6.856411172228827,9.138734363550423,8.670915,2007-05-14
2007-05-28,7.939638085418485,6.798369539047887,9.116821063104718,7.9201,2007-05-14
2007-06-12,6.924532152856992,5.735108424922794,8.033683057803403,7.042826,2007-06-11
2007-06-13,6.905799459051355,5.777973362538545,8.011163770896504,6.983599,2007-06-11
2007-06-14,6.969492866745814,5.847850555147659,8.132646802503851,7.281561,2007-06-11
2007-06-15,7.07589029055027,5.866095529926563,8.235359764891866,7.427911,2007-06-11
2007-06-16,7.020985678615798,5.80715653029099,8.175705582254567,7.228954,2007-06-11
2007-06-17,7.035074026801896,5.842240999890116,8.17443837522775,6.697299,2007-06-11
2007-06-18,7.120569372498393,6.0457844289903235,8.228210342530225,6.942793,2007-06-11
2007-06-19,7.037555647976683,5.785950378240416,8.265024508904117,6.532674,2007-06-11
2007-06-20,7.101932397947167,5.845864318486326,8.339777904873205,6.327373,2007-06-11
2007-06-21,7.312693751736198,6.114878449947482,8.483648216018851,5.733473,2007-06-11
2007-06-22,7.402094492274191,6.275629790542042,8.615579216258823,5.390186,2007-06-11
2007-06-23,7.387627920071033,6.270412781842923,8.589885639987942,5.80689,2007-06-11
2007-06-24,7.313150214356272,6.174199318155563,8.439446526944144,6.083125,2007-06-11
2007-06-25,7.372432410634625,6.210734524561462,8.523563759967132,5.925571,2007-06-11
2007-07-10,7.494232579257678,6.309243645237096,8.66696868022125,6.723812,2007-07-09
2007-07-12,7.587102890349859,6.39753778497618,8.768679133004852,6.272228,2007-07-09
2007-07-13,7.5538936755501656,6.429482769103987,8.66360385598584,6.968022,2007-07-09
2007-07-14,7.670947858519334,6.535326182548849,8.780576831139982,6.853399,2007-07-09
2007-07-15,7.831943680858816,6.7198292785987155,8.989769621386312,7.241789,2007-07-09
2007-07-16,7.852198374361472,6.639657657931944,8.999209626181043,8.228933,2007-07-09
2007-07-18,7.8529015667452,6.756106540002159,9.018532038892092,7.975989,2007-07-09
2007-07-19,7.980199880379325,6.7512341934178615,9.16169880151164,8.336327,2007-07-09
2007-07-20,7.941223676506241,6.751404671568479,8.99219324817236,8.117271,2007-07-09
2007-07-21,7.775061511901222,6.620667659648048,8.921814708993972,7.657722,2007-07-09
2007-07-22,7.720217730612141,6.443608314072577,8.945996073722743,7.643853,2007-07-09
2007-07-23,7.764118883841965,6.591854724405255,8.947554174667337,7.348587,2007-07-09
2007-08-07,8.075670374379342,6.973820759078631,9.211923693383522,7.34396,2007-08-06
2007-08-08,8.075147765914014,7.0384481490902875,9.198272490251894,6.820406,2007-08-06
2007-08-09,8.088843421590031,6.951024224479095,9.114506488007722,6.900031,2007-08-06
2007-08-10,8.008754970750703,6.898292762128061,9.150583999427027,7.073469,2007-08-06
2007-08-11,7.911142022181767,6.809606079107214,9.06911220917628,7.31675,2007-08-06
2007-08-12,7.988003111501711,6.851066287801733,9.177212367729794,7.236289,2007-08-06
2007-08-13,8.077415454557702,6.938456663856028,9.20117939330662,7.60271,2007-08-06
2007-08-14,7.880295862384928,6.8315435239247915,9.005544677415747,7.085203,2007-08-06
2007-08-15,7.816756646242149,6.729767655486284,9.021299358862848,7.181504,2007-08-06
2007-08-16,7.6829688463162995,6.625401013048269,8.759188119115489,6.32562,2007-08-06
2007-08-17,7.67455424968373,6.56569553507292,8.837786773957355,6.400401,2007-08-06
2007-08-18,7.617909321182342,6.537062075193631,8.753150072220922,6.710755,2007-08-06
2007-08-19,7.828195407466227,6.7416995995278395,8.88387677464801,6.995887,2007-08-06
2007-08-20,7.838361967577127,6.691173371556625,8.971868608151652,7.339524,2007-08-06
2007-09-04,8.184406551395456,7.122444656577637,9.370861262222336,10.031166,2007-09-03
2007-09-05,8.132456841923156,7.035521440284184,9.306893020323612,9.945041,2007-09-03
2007-09-06,8.284218438316397,7.089662286101686,9.398500482198441,9.301576,2007-09-03
2007-09-07,8.123735164786098,7.0363288633545835,9.232403384600955,9.3198,2007-09-03
2007-09-08,8.252173761303089,7.039607402104338,9.357767498875953,9.760651,2007-09-03
2007-09-09,8.312882639550951,7.196739071461748,9.450214731005387,9.540514,2007-09-03
2007-09-10,8.300877443921912,7.208238868760181,9.44239146533791,9.442517,2007-09-03
2007-09-12,8.277976825431617,7.1171644893863935,9.454792881068997,8.978059,2007-09-03
2007-09-13,8.268935256266763,7.136099807193985,9.353218901368045,8.824464,2007-09-03
2007-09-14,8.378008802803897,7.243020059521978,9.498519272628998,8.775024,2007-09-03
2007-09-15,8.337037196354377,7.2231715739524915,9.530460872350304,8.313175,2007-09-03
2007-09-16,8.336044620761962,7.124506048934021,9.496922363397157,8.611336,2007-09-03
2007-09-17,8.51019617701738,7.3906940847552915,9.678636344992306,8.763191,2007-09-03
2007-10-02,8.224477988649156,7.15854338119885,9.520559848921314,6.920982,2007-10-01
2007-10-03,8.386090311599592,7.171446167242761,9.558913724344448,7.172318,2007-10-01
2007-10-04,8.267150074010004,7.139218974185935,9.414137692113698,6.998038,2007-10-01
2007-10-05,8.060687110272207,6.839812898644949,9.180078517687662,7.813559,2007-10-01
2007-10-06,8.18616573568909,7.076670979959219,9.299144748362172,8.229928,2007-10-01
2007-10-07,8.267390602729334,7.030693467742511,9.385152928904239,9.142839,2007-10-01
2007-10-08,8.302212318235503,7.153910215916079,9.495673054356576,9.051567,2007-10-01
2007-10-09,8.132983409802343,7.06211113695656,9.3507742949857,8.412154,2007-10-01
2007-10-10,7.97863101986486,6.8128459668663695,9.101302662535309,8.489919,2007-10-01
2007-10-11,8.067913699160217,6.96879523890262,9.287703261781797,7.935249,2007-10-01
2007-10-12,8.157681557450175,6.998242369659631,9.255082703646087,7.630975,2007-10-01
2007-10-13,8.212077388340806,7.103158589857072,9.47031731915904,7.62708,2007-10-01
2007-10-14,8.254253735029051,7.091365840299984,9.358631428212284,7.362408,2007-10-01
2007-10-15,8.255692002144938,7.01967430513509,9.363813911924556,7.098273,2007-10-01
2007-10-30,9.03867413935527,7.8975793264720275,10.232022762015193,8.148072,2007-10-29
2007-10-31,9.098273481890343,8.02272287182282,10.261237705782351,8.258614,2007-10-29
2007-11-01,9.031656501527305,7.901248653498009,10.149302440454788,8.562652,2007-10-29
2007-11-02,8.831185349260153,7.704366218958574,9.993869233103638,7.915944,2007-10-29
2007-11-03,8.807771517932382,7.685915348678226,9.879988888969333,8.006704,2007-10-29
2007-11-04,8.678520156792208,7.483016808077224,9.822791460818044,8.348413,2007-10-29
2007-11-05,8.663122525719022,7.442911696846631,9.770985969803158,8.231171,2007-10-29
2007-11-06,8.70282289553019,7.494669943201514,9.952982089046712,7.72795,2007-10-29
2007-11-07,8.577765969871962,7.4817906211719345,9.777242745491723,7.789557,2007-10-29
2007-11-08,8.66366129140515,7.538030426143361,9.894316551734718,7.946939,2007-10-29
2007-11-09,8.787270345449642,7.6513835292487,10.014027826957696,8.296795,2007-10-29
2007-11-10,8.755639364739157,7.688439541659981,9.890566199210749,8.628952,2007-10-29
2007-11-11,8.905994774915882,7.677758936597869,9.995739314504382,9.229616,2007-10-29
2007-11-12,9.160007510460447,8.112110593628229,10.326486606475939,9.064354,2007-10-29
2007-11-27,9.320505856710279,8.146192253263367,10.40414802653766,8.921935,2007-11-26
2007-11-28,9.33485751776069,8.176374836558772,10.527906929176579,8.015794,2007-11-26
2007-11-29,9.509396143279028,8.406274377124163,10.680776564167425,9.152647,2007-11-26
2007-11-30,9.649074314917616,8.473241392199034,10.822754716621848,9.299812,2007-11-26
2007-12-01,9.616471002295349,8.397216084165,10.745953151613044,9.368489,2007-11-26
2007-12-02,9.512610012801462,8.295756796018221,10.685277790775693,9.477372,2007-11-26
2007-12-03,9.663986519796305,8.518364849333928,10.810185493900592,10.272518,2007-11-26
2007-12-04,9.437878174759785,8.235976590915115,10.532472700107286,9.954773,2007-11-26
2007-12-05,9.37966817252713,8.223585003589934,10.547448141371502,9.555481,2007-11-26
2007-12-06,9.411230190711814,8.284696499830769,10.50816576956476,8.956048,2007-11-26
2007-12-07,9.599686574252871,8.466339361550078,10.79155832948884,9.594023,2007-11-26
2007-12-08,9.668117594680627,8.523295982221917,10.803597406444077,9.760072,2007-11-26
2007-12-09,9.799286654660314,8.689014462536495,10.906717642396178,9.491999,2007-11-26
2007-12-10,9.9915350001037,8.802347153223282,11.024475951888252,10.484243,2007-11-26
2007-12-25,9.719231943053941,8.692199852663032,10.708945704510256,9.008772,2007-12-24
2007-12-26,9.662956694435678,8.537803465432987,10.785212260240646,9.121631,2007-12-24
2007-12-27,9.565349039714407,8.412467498163553,10.57365330043473,8.784193,2007-12-24
2007-12-28,9.604387809014032,8.489588953635565,10.705281634349298,8.63464,2007-12-24
2007-12-29,9.674273634248275,8.542815954994923,10.792133167827293,8.675506,2007-12-24
2007-12-30,9.75395933051062,8.621143086160226,10.856066454058347,9.06611,2007-12-24
2007-12-31,9.632531353716683,8.517576111671408,10.639302945812894,10.008924,2007-12-24
2008-01-01,9.71506031583725,8.666136277582535,10.799471212788308,9.650669,2007-12-24
2008-01-02,9.65576339971021,8.547885478978044,10.735060605580294,9.505276,2007-12-24
2008-01-03,9.810116918356222,8.667013760023213,10.936127956069347,10.2299,2007-12-24
2008-01-04,9.930036346282865,8.853113749177728,11.002510445294456,10.460496,2007-12-24
2008-01-05,9.93799725156607,8.914860398866182,11.044643020135558,10.970083,2007-12-24
2008-01-06,9.835533486578706,8.75493155534629,10.901590776259571,10.7153,2007-12-24
2008-01-07,9.946875080210587,8.891271680586964,11.033694308279834,10.356064,2007-12-24
2008-01-22,10.94066771080497,9.92302154760218,12.072363226895513,12.074384,2008-01-21
2008-01-23,11.029354652686145,9.86877351035684,12.077703620474413,11.902105,2008-01-21
2008-01-24,11.396285577869795,10.326196275188465,12.4885791388317,11.434911,2008-01-21
2008-01-25,11.274396231710929,10.20161931331619,12.374557281695242,10.821462,2008-01-21
2008-01-26,11.237457924927368,10.081159043147602,12.319344026126847,10.296906,2008-01-21
2008-01-27,11.098534584835832,10.05724473056216,12.217737382796704,11.33826,2008-01-21
2008-01-28,11.035148599453635,9.916741760408508,12.161654698841689,11.708377,2008-01-21
2008-01-29,11.180463948122778,10.120128435829185,12.280874023655162,10.55213,2008-01-21
2008-01-30,11.12194937389674,9.95077315803161,12.209430397155629,10.992271,2008-01-21
2008-01-31,11.054889189964182,9.85807913564316,12.109452274757336,10.778006,2008-01-21
2008-02-01,10.970120925868894,9.850649849057925,12.05404237446442,11.068722,2008-01-21
2008-02-02,11.12787577409784,10.028817049514538,12.19729723982168,10.98267,2008-01-21
2008-02-04,10.970526344651027,9.918161257655816,12.056307119798413,11.04835,2008-01-21
2008-02-19,9.94481448690448,8.78974166011372,11.004412825078036,10.398486,2008-02-18
2008-02-20,9.698123931585425,8.600391259170795,10.741080978917843,9.121928,2008-02-18
2008-02-21,9.66720729095886,8.548432636303021,10.760042976496354,9.670128,2008-02-18
2008-02-22,9.610354534189648,8.551510716164128,10.68667736254535,9.61068,2008-02-18
2008-02-23,9.752460939487678,8.665825331083877,10.822133013507912,9.477639,2008-02-18
2008-02-24,9.792253779078573,8.793137145803351,10.893334977834535,8.839446,2008-02-18
2008-02-25,9.79239904458391,8.618970084306685,10.890158476360073,9.218512,2008-02-18
2008-02-26,9.78472982743445,8.685643194857812,10.83578375604772,9.839664,2008-02-18
2008-02-27,9.991598508862266,8.794040714186488,11.08038490180314,9.416657,2008-02-18
2008-02-28,9.842183645606168,8.699102567197691,10.886523970582566,8.87355,2008-02-18
2008-02-29,9.960964313343048,8.872525602968718,11.10378105504135,9.584342,2008-02-18
2008-03-01,9.909998804827826,8.839881092630991,10.982973243448718,9.788357,2008-02-18
2008-03-02,10.105257404154337,9.028498649760275,11.206578734796402,10.357653,2008-02-18
2008-03-03,10.248815881485273,9.125264453792013,11.433549438478659,12.184917,2008-02-18
2008-03-18,10.25022575747952,9.050350095892904,11.394739749431418,10.390213,2008-03-17
2008-03-19,10.056930634269948,8.928691905486907,11.167297885178273,9.966072,2008-03-17
2008-03-20,10.221474714139557,9.031320818595466,11.301761021709325,9.251068,2008-03-17
2008-03-21,10.19151443497924,9.106620557063755,11.371618265430092,9.444894,2008-03-17
2008-03-22,10.013133310854435,8.805675375191898,11.175384611338995,9.668269,2008-03-17
2008-03-23,10.119682448976128,9.015817301158975,11.265654802746745,9.979361,2008-03-17
2008-03-24,10.234774898495386,9.161547787394461,11.432984609770827,9.712945,2008-03-17
2008-03-25,10.237128233983855,9.163993170455026,11.403292593523918,10.977473,2008-03-17
2008-03-26,10.079460795018676,8.955733836234426,11.222512179559283,11.065107,2008-03-17
2008-03-27,9.891249583676142,8.700833711271587,11.030492621636036,12.15912,2008-03-17
2008-03-28,9.809171186186404,8.745807295468992,10.997308547485366,13.191228,2008-03-17
2008-03-29,9.800770369614922,8.665117961997122,10.960280166946582,12.563571,2008-03-17
2008-03-30,9.784370354095076,8.655143066187696,11.005263518834804,11.671359,2008-03-17
2008-03-31,9.588153555746818,8.390160366910843,10.737577370886374,11.125851,2008-03-17
2008-04-15,9.251913064744423,8.075372731008327,10.470154354519662,10.165476,2008-04-14
2008-04-16,9.208051949332487,8.03345643512659,10.36457737374478,10.561567,2008-04-14
2008-04-17,9.065745393261501,7.8451280726813115,10.32086891230944,10.669686,2008-04-14
2008-04-18,9.103399326330948,7.908595246677133,10.251494332361233,10.315032,2008-04-14
2008-04-19,9.104404229292744,7.914739751720979,10.305723097540758,9.99002,2008-04-14
2008-04-20,9.146319241745491,8.01547113244559,10.311380047129276,10.152685,2008-04-14
2008-04-21,8.985065568101254,7.838129211273362,10.092357760053977,10.108386,2008-04-14
2008-04-22,9.115601178735972,7.938876886636623,10.203133578151187,9.944555,2008-04-14
2008-04-23,9.057263119376596,7.789428132028851,10.286496062500238,9.64895,2008-04-14
2008-04-24,9.051887730804074,7.856798933132047,10.244521808680775,9.130625,2008-04-14
2008-04-25,9.113424548737008,7.987627668227373,10.320728343892435,8.632932,2008-04-14
2008-04-26,9.009803107407249,7.877197875504283,10.18903855373861,9.224833,2008-04-14
2008-04-27,8.891216729990294,7.732684099490115,10.05293441181922,9.484975,2008-04-14
2008-04-28,8.83524107150217,7.654849293474492,10.02927990356122,9.148952,2008-04-14
2008-05-25,8.630774900197636,7.403639225138249,9.855996147766868,8.087712,2008-05-12
2008-05-26,8.513765984639557,7.285015869236424,9.688435372614457,8.451316,2008-05-12
2008-06-10,7.456416474504137,6.297132348642113,8.535596159959931,7.591881,2008-06-09
2008-06-11,7.408636068576956,6.244645057141157,8.486332072490718,7.191082,2008-06-09
2008-06-12,7.534725648390466,6.3353564591569524,8.705816489355602,7.195543,2008-06-09
2008-06-13,7.35091901583244,6.191758680504506,8.52053339031303,7.108519,2008-06-09
2008-06-14,7.3947911161298805,6.198223338376695,8.543570395094083,7.335188,2008-06-09
2008-06-15,7.3357708299653925,6.164191402109677,8.507334067975567,6.495151,2008-06-09
2008-06-16,7.174793008732715,6.017141635281243,8.348986811105569,6.273589,2008-06-09
2008-06-17,7.2123370381365755,6.119871277233157,8.412486098512074,6.067044,2008-06-09
2008-06-18,7.080645392002016,5.916689619960717,8.29371083794063,6.266524,2008-06-09
2008-06-19,7.137935163470237,5.893115878117784,8.26178414989307,6.87919,2008-06-09
2008-06-20,7.208349815409278,6.018357367400275,8.443413152771962,7.216215,2008-06-09
2008-06-21,7.068941615257157,5.937880847177391,8.248628200230238,7.434526,2008-06-09
2008-06-22,6.9148484717988055,5.794430167231605,8.07792576412516,7.059617,2008-06-09
2008-06-23,6.928841240331293,5.628935712702421,8.12860508857349,6.55132,2008-06-09
2008-07-08,6.908221738423379,5.806382726612665,8.026321146513492,7.105976,2008-07-07
2008-07-09,6.9486533539214275,5.821493239741516,8.156208814382474,7.323652,2008-07-07
2008-07-10,6.890282748466404,5.73729281786226,8.02839994318834,7.437913,2008-07-07
2008-07-11,6.850598879690817,5.7015645791627225,8.029461165184756,8.085866,2008-07-07
2008-07-12,7.062058659246249,5.950988867808937,8.310456046203223,8.435451,2008-07-07
2008-07-13,7.313321298302713,6.274935870786919,8.459780116964835,8.366035,2008-07-07
2008-07-14,7.425578167066005,6.299660167607126,8.512316437782703,7.669457,2008-07-07
2008-07-15,7.422039377124771,6.2651282619947475,8.603998099281847,7.041,2008-07-07
2008-07-16,7.1888789333159515,6.069215830923921,8.367645581762002,6.62309,2008-07-07
2008-07-17,7.34215255559174,6.279008389000656,8.582828564280122,7.212754,2008-07-07
2008-07-18,7.282137805846828,6.154493188073521,8.472597392184559,6.436055,2008-07-07
2008-07-19,7.171334585960764,6.038888832680427,8.316575328864452,6.801663,2008-07-07
2008-07-20,7.285714250471935,6.174343358074779,8.451376425046776,7.20598,2008-07-07
2008-07-21,7.454477710380191,6.2492914540570945,8.550094290870156,7.29846,2008-07-07
2008-08-05,7.790509589066174,6.671178589272665,8.956854809053038,7.848671,2008-08-04
2008-08-06,7.82661572385754,6.690966653295656,9.03141579348215,8.302595,2008-08-04
2008-08-07,7.795727124082116,6.673447865229412,9.001313166559568,8.155492,2008-08-04
2008-08-08,7.9311882023587374,6.830822699666053,9.045297703827728,7.991591,2008-08-04
2008-08-09,7.701276545043124,6.556206896011411,8.859134095853126,7.565516,2008-08-04
2008-08-10,7.742525656395778,6.668278344848405,8.901091729129524,7.345364,2008-08-04
2008-08-11,7.717860995192171,6.607518874606444,8.830513657977317,6.906398,2008-08-04
2008-08-12,7.811716149747584,6.636829881502256,8.950733653638585,7.583992,2008-08-04
2008-08-13,7.8020073992362,6.598295048469179,8.91112306948274,7.877566,2008-08-04
2008-08-14,7.700722351432403,6.51651468835949,8.823948050386274,8.487951,2008-08-04
2008-08-15,7.521609433896392,6.442749616832264,8.664819677139183,7.908539,2008-08-04
2008-08-16,7.556832707626106,6.457483578532948,8.70694038120565,8.101781,2008-08-04
2008-08-17,7.616825066362331,6.439603646718289,8.796016051978599,7.925989,2008-08-04
2008-08-18,7.726813706045742,6.536612190919758,8.890631381616256,7.542583,2008-08-04
2008-09-02,8.198065105197493,6.99182104585525,9.26705649350551,7.445798,2008-09-01
2008-09-03,8.029965166471753,6.958194091744435,9.233637760796304,6.830542,2008-09-01
2008-09-04,7.983254330621303,6.830350376522787,9.168441914213046,7.191787,2008-09-01
2008-09-05,8.02621619424874,6.80845880375772,9.137030415203505,6.835941,2008-09-01
2008-09-06,7.9470923569423295,6.834106030057742,9.206034268134662,6.735665,2008-09-01
2008-09-07,7.871954819757583,6.636854831234833,8.955556850613448,6.616916,2008-09-01
2008-09-08,7.864240148247165,6.721795645822539,9.017142098141866,6.953362,2008-09-01
2008-09-09,7.942213277645813,6.800216909273643,9.070853795226133,6.257287,2008-09-01
2008-09-10,8.17826472137388,6.983149264560346,9.246056919396482,6.508883,2008-09-01
2008-09-11,8.19331592407432,7.00098479595207,9.411775899380986,6.762308,2008-09-01
2008-09-12,8.382265522266467,7.285536509846765,9.529568278301898,6.74005,2008-09-01
2008-09-13,8.461466768759752,7.317772348928767,9.645386473261128,6.873776,2008-09-01
2008-09-14,8.410235402989896,7.261251525680754,9.558962928768016,7.177836,2008-09-01
2008-09-15,8.257266300668189,6.983561018020918,9.33727066085406,7.164924,2008-09-01
2008-09-30,8.257044659864983,7.0760223633695345,9.37440489230076,8.588191,2008-09-29
2008-10-01,8.377198730374595,7.270778998972342,9.46349530494473,8.240983,2008-09-29
2008-10-02,8.59971757936106,7.4958505100196895,9.801725721109744,8.091612,2008-09-29
2008-10-03,8.553110225978024,7.426021102890156,9.667717450721662,8.383146,2008-09-29
2008-10-04,8.627306194474418,7.4437016791480675,9.691387877340413,9.007169,2008-09-29
2008-10-05,8.507742382334353,7.332341665710565,9.697649238177641,9.410371,2008-09-29
2008-10-06,8.50131099337843,7.427163888644296,9.692752687266568,8.980015,2008-09-29
2008-10-07,8.412574217732676,7.18210964985859,9.515211470982202,8.036103,2008-09-29
2008-10-08,8.444515137029558,7.3699122730094535,9.540535425189864,8.724628,2008-09-29
2008-10-09,8.633595386248013,7.448329799610391,9.778477549881087,8.744733,2008-09-29
2008-10-10,8.797126393078422,7.647208320062454,10.01167911515009,9.109793,2008-09-29
2008-10-11,8.494003763475504,7.374433233697019,9.63866973463603,8.941567,2008-09-29
2008-10-12,8.66077074500208,7.571884461734385,9.825176012601098,9.344908,2008-09-29
2008-10-13,8.694477459458172,7.499816768243116,9.818704328762538,9.913842,2008-09-29
2008-10-28,8.691279677103447,7.560942399044439,9.992789520702123,7.850655,2008-10-27
2008-10-29,8.729393941109407,7.644513459591002,9.89368872427991,7.5404,2008-10-27
2008-10-30,8.825394664462477,7.650411001224213,10.055578398855344,8.056275,2008-10-27
2008-10-31,9.005980972644549,7.80755593407408,10.185485281416375,8.398117,2008-10-27
2008-11-01,8.930010069034239,7.741568240065029,10.093369157426995,9.191425,2008-10-27
2008-11-02,8.98447373861587,7.828055939573121,10.176417476911604,9.052887,2008-10-27
2008-11-03,8.867654797317845,7.707466881164541,10.057258430517303,9.497742,2008-10-27
2008-11-04,8.91332050808261,7.695548353970518,10.015876358254307,9.726993,2008-10-27
2008-11-05,8.891852150387331,7.679665535565223,10.045209478710843,9.38299,2008-10-27
2008-11-06,8.69073809997338,7.590334891446301,9.820163143147226,8.600516,2008-10-27
2008-11-07,8.662853536060577,7.546297969477049,9.804394248484275,9.305606,2008-10-27
2008-11-08,8.82776024427322,7.613908874161106,9.83334628864533,9.624451,2008-10-27
2008-11-09,9.040996744481696,7.8278112159401045,10.259113115875348,9.456032,2008-10-27
2008-11-10,9.037928416283233,7.897096869170908,10.213032651673492,9.75149,2008-10-27
2008-11-25,8.808564043957974,7.7215713535683115,9.99186950544285,11.060554,2008-11-24
2008-11-26,8.946046372175758,7.8007298200661905,10.070778035337165,10.795723,2008-11-24
2008-11-27,9.023025150799498,7.909676696917571,10.19717850891939,11.389983,2008-11-24
2008-11-28,9.250615838768313,8.153226792398154,10.308874250131792,10.79936,2008-11-24
2008-11-29,9.040505826549504,7.931072201846902,10.106073736407609,10.116077,2008-11-24
2008-11-30,9.024036230417375,7.903153081586304,10.002094595245406,9.949781,2008-11-24
2008-12-01,9.118424239736518,8.117530975847863,10.22227804477377,10.25629,2008-11-24
2008-12-02,9.209985624884364,8.106996750693135,10.30357372887685,9.801948,2008-11-24
2008-12-03,9.14691848521728,8.070181892976743,10.26677343789574,8.96877,2008-11-24
2008-12-04,9.241284000421574,8.039984640150161,10.327941093839753,9.333297,2008-11-24
2008-12-05,9.378353009423417,8.212840965371207,10.465764551624934,9.231067,2008-11-24
2008-12-06,9.135573715617896,8.058820508676739,10.298611322844305,8.602267,2008-11-24
2008-12-07,9.305886489710225,8.18807790468416,10.410095667341865,9.144279,2008-11-24
2008-12-08,9.47412148856494,8.376806475199537,10.577301618428189,9.40661,2008-11-24
2008-12-23,10.069580938390144,8.936069263616272,11.16858004322339,10.395012,2008-12-22
2008-12-24,10.369564401861695,9.282158728371062,11.470694379092901,10.994764,2008-12-22
2008-12-25,10.338574733323041,9.159726895656572,11.46058442024731,10.794441,2008-12-22
2008-12-26,10.340086912185876,9.249572662542668,11.470273499989553,10.728853,2008-12-22
2008-12-27,10.43428639479253,9.221774630842067,11.542671394555873,10.974454,2008-12-22
2008-12-28,10.435867551813205,9.256453337856666,11.566716537929516,11.975775,2008-12-22
2008-12-29,10.35928660233859,9.162811253795834,11.534472828240267,11.455407,2008-12-22
2008-12-30,10.107008480220944,8.956007622221081,11.327476750426044,11.221172,2008-12-22
2008-12-31,10.067694816361405,8.915216547165576,11.23408864785023,10.740802,2008-12-22
2009-01-01,10.228853284038317,9.013682108853821,11.383850032743174,10.391529,2008-12-22
2009-01-02,10.29474960134957,9.127604393362985,11.494609104155199,10.359465,2008-12-22
2009-01-03,10.279283135566327,9.125245799368292,11.436172123642944,9.946325,2008-12-22
2009-01-04,10.371038228643277,9.21680320727579,11.487633167325988,10.930895,2008-12-22
2009-01-05,10.575041790029406,9.387930869196774,11.691383508053095,10.924559,2008-12-22
2009-01-20,11.2099244202696,10.09931055181457,12.45453361967027,12.560792,2009-01-19
2009-01-21,11.18061829932883,10.102071731135274,12.266459941169877,12.85472,2009-01-19
2009-01-22,11.131351324898525,10.07426296792939,12.263389530048702,11.900684,2009-01-19
2009-01-23,11.271215559164233,10.118318913462845,12.403585538628434,11.397232,2009-01-19
2009-01-24,11.320288904158524,10.196624009689678,12.392156069988161,11.507066,2009-01-19
2009-01-25,11.384101506944436,10.231393549973374,12.523073839050882,11.804763,2009-01-19
2009-01-26,11.591161175497598,10.510332884952177,12.694432776529705,12.687883,2009-01-19
2009-01-27,11.807168439956715,10.672596622005669,12.88150114758778,13.265765,2009-01-19
2009-01-28,11.733403805816323,10.584181687803447,12.857510236343492,11.869094,2009-01-19
2009-01-29,11.561130108660924,10.372958229729232,12.722674676827847,10.95913,2009-01-19
2009-01-30,11.572036424294797,10.381353097802815,12.694134615472182,10.668248,2009-01-19
2009-01-31,11.606535004163772,10.474576793110735,12.75678217342622,10.537869,2009-01-19
2009-02-01,11.827614988995546,10.617949650261313,13.013819466013123,10.403914,2009-01-19
2009-02-02,11.79069043831712,10.700035729886247,12.964881852351063,11.267557,2009-01-19
2009-02-17,10.829965690637703,9.640792193694592,12.039648278058127,11.91142,2009-02-16
2009-02-18,10.623663972212448,9.46006755132852,11.770599572931667,10.989756,2009-02-16
2009-02-19,10.56685710129176,9.495494697314847,11.637501843137397,11.766862,2009-02-16
2009-02-20,10.55121381875924,9.44138487301153,11.654052409614309,13.047474,2009-02-16
2009-02-21,10.561717398650883,9.420586337214333,11.742510129199594,12.796572,2009-02-16
2009-02-22,10.832597251015784,9.681103442280477,12.041711069863206,13.54668,2009-02-16
2009-02-23,10.968381658839899,9.864254502581959,12.169186140850346,12.676069,2009-02-16
2009-02-24,11.088067948871076,9.888611705127733,12.207211012825512,13.179184,2009-02-16
2009-02-25,10.991933372387194,9.862827261926657,12.177051130157684,12.538205,2009-02-16
2009-02-26,10.990025599828279,9.861060688501224,12.120387450827083,11.939771,2009-02-16
2009-02-27,10.955703708520458,9.876127504406723,12.079755568942655,12.058516,2009-02-16
2009-02-28,11.104612593337672,9.951964241823386,12.24372805831186,12.670999,2009-02-16
2009-03-01,11.11057241484719,9.844106030371133,12.238010514325417,12.344282,2009-02-16
2009-03-02,10.778529625209496,9.50126303112478,11.924372414454659,11.011524,2009-02-16
2009-03-17,9.884821230829367,8.756419850166441,11.025003793085576,9.993257,2009-03-16
2009-03-18,9.925515906912727,8.779404556992816,11.112184338925367,10.346894,2009-03-16
2009-03-19,9.926491737690752,8.749205415578327,11.109529339623059,10.583756,2009-03-16
2009-03-20,9.967764761394395,8.795126521803383,11.145213813478165,10.694666,2009-03-16
2009-03-21,9.82766829410471,8.653707164608628,10.97374989477145,9.336791,2009-03-16
2009-03-23,9.783781681525673,8.641146928893697,11.030361941312178,9.654108,2009-03-16
2009-03-24,9.809251766119377,8.65368631596889,10.932431163387797,10.30101,2009-03-16
2009-03-25,9.8669078556243,8.695512145358247,11.037299483420222,10.112725,2009-03-16
2009-03-26,9.650080726932561,8.382836314911172,10.867409458372782,9.71992,2009-03-16
2009-03-27,9.533531352517736,8.282778131291908,10.605503306665703,9.234204,2009-03-16
2009-03-28,9.395909343188954,8.186913295840574,10.57592186341715,9.120938,2009-03-16
2009-03-29,9.527506514894917,8.362693437777663,10.699376090987753,9.606107,2009-03-16
2009-03-30,9.537602326766457,8.470714181858218,10.654565298227402,10.263166,2009-03-16
2009-04-14,9.654619183158117,8.39710259344415,10.86434197205063,10.319183,2009-04-13
2009-04-15,9.468120895702132,8.217757324298622,10.616128703972969,10.342288,2009-04-13
2009-04-16,9.45696334986114,8.241285245594455,10.707796186717196,10.342949,2009-04-13
2009-04-17,9.710234905720675,8.595997941560558,10.846228339060335,11.470808,2009-04-13
2009-04-18,9.751636616561807,8.587090596183936,10.94082260638266,11.168421,2009-04-13
2009-04-19,9.438728085886,8.207989628785539,10.677896298075677,10.747786,2009-04-13
2009-04-20,9.478138348912534,8.220696716824577,10.565424396694612,10.502042,2009-04-13
2009-04-21,9.459034705053758,8.250872604419145,10.62975192220602,9.600538,2009-04-13
2009-04-22,9.57524655194528,8.44546024809758,10.92429976212807,9.54644,2009-04-13
2009-04-23,9.529249646438723,8.312099753245079,10.764329649077665,9.975308,2009-04-13
2009-04-24,9.476672068705511,8.274470181395246,10.687254058621535,9.755424,2009-04-13
2009-04-25,9.352095266977118,8.119025513261029,10.566388008360185,9.127107,2009-04-13
2009-04-26,9.175306538644788,7.987798577226125,10.378123276670397,9.666917,2009-04-13
2009-04-27,9.145021893074704,7.927109500395612,10.33216522358171,9.507782,2009-04-13
2009-05-12,8.66301842256801,7.498338252966803,9.84876590243747,8.421548,2009-05-11
2009-05-13,8.492271547712212,7.336779323148962,9.690112217313597,8.776135,2009-05-11
2009-05-14,8.428219606994013,7.282803008611454,9.58483994174369,8.344748,2009-05-11
2009-05-15,8.318803755241314,7.186073769357865,9.474143315273862,8.295956,2009-05-11
2009-05-16,8.242344784054032,7.043907015338258,9.462640381885237,8.254552,2009-05-11
2009-05-17,8.011828357170797,6.8554678157665006,9.072109184860794,7.444051,2009-05-11
2009-05-18,7.821691677160674,6.596022999682469,8.993374403810742,6.975379,2009-05-11
2009-05-19,7.5446061158864275,6.421800930774248,8.672852123704168,7.239406,2009-05-11
2009-05-20,7.4654359769632865,6.307883329249171,8.644907470350832,7.428194,2009-05-11
2009-05-21,7.386948571801784,6.306196989577434,8.515289076462391,7.711538,2009-05-11
2009-05-22,7.306824754619853,6.212503039014211,8.477931060135957,7.927436,2009-05-11
2009-05-23,7.100859531999075,5.93148092584438,8.21666567022581,7.941165,2009-05-11
2009-05-24,7.200716961870526,6.065503291962856,8.422995566411359,8.084789,2009-05-11
2009-05-25,7.415300257193714,6.276997635805712,8.524863934537292,7.611809,2009-05-11
2009-06-09,7.735761263698098,6.716015990247453,8.89984598007598,7.319543,2009-06-08
2009-06-10,7.822117865765774,6.624980380424033,8.92663142889118,7.108884,2009-06-08
2009-06-11,7.925354308410712,6.8211629076526075,9.02028253578139,7.506799,2009-06-08
2009-06-12,8.003178020198733,6.8560091538849415,9.143329637659782,7.526007,2009-06-08
2009-06-13,7.842298947852274,6.793897928189551,8.961226719214546,7.68714,2009-06-08
2009-06-14,7.897678106124549,6.759752908204094,8.960645246644548,7.695173,2009-06-08
2009-06-15,7.920446207132077,6.709215525965535,9.098009287689639,7.449585,2009-06-08
2009-06-16,7.795740303921996,6.642363888240598,9.004688379985634,7.516751,2009-06-08
2009-06-17,7.772369249505232,6.615179350925542,8.930182400128109,7.3386,2009-06-08
2009-06-18,7.58154374817326,6.4171599019281915,8.686045330575485,7.091267,2009-06-08
2009-06-19,7.48636864551855,6.240130892951352,8.62882670929202,7.52252,2009-06-08
2009-06-20,7.379722615103651,6.247980820126708,8.51413085421737,7.223336,2009-06-08
2009-06-21,7.431358610660742,6.242409976139422,8.558923315118204,7.04411,2009-06-08
2009-06-22,7.331286080131612,6.026863167370771,8.388705291652256,6.659193,2009-06-08
2009-07-07,7.055277097528715,5.865837013326102,8.175949663513851,6.437273,2009-07-06
2009-07-08,6.96645878637036,5.7654512892217324,8.126549099027853,6.97291,2009-07-06
2009-07-09,7.154906981831449,6.042654445014036,8.310228872866656,7.184282,2009-07-06
2009-07-10,7.20597063339772,6.0553629400795845,8.397588845341305,7.257639,2009-07-06
2009-07-11,7.211609135454613,6.07088585208969,8.324419266220398,7.186228,2009-07-06
2009-07-12,7.1382398371932485,6.00629698372863,8.366390761104649,7.029226,2009-07-06
2009-07-13,7.30054602656643,6.171909519549468,8.433204223354686,7.079446,2009-07-06
2009-07-14,7.243074825525797,6.093766958914303,8.29436137248187,6.966884,2009-07-06
2009-07-15,7.230491741089548,6.08906909115709,8.359606535788613,6.902856,2009-07-06
2009-07-16,7.085576279920765,5.907181459512808,8.151171915721658,6.414941,2009-07-06
2009-07-17,7.107378622087257,5.902283695724879,8.180224972280758,6.018056,2009-07-06
2009-07-18,6.977172795743574,5.906526000059998,8.063398120627562,6.332356,2009-07-06
2009-07-19,7.119023293864419,5.971546420187899,8.269807783245886,6.6888,2009-07-06
2009-07-20,7.2674295062247145,6.081953179861254,8.431306147825664,6.708972,2009-07-06
2009-08-04,7.26473735228017,6.111776475363343,8.43546817016405,5.996831,2009-08-03
2009-08-05,7.216170731248579,5.972523291169098,8.414103270215943,5.595364,2009-08-03
2009-08-06,7.440656094642934,6.272026678778137,8.667455244340786,6.442271,2009-08-03
2009-08-07,7.387294844537618,6.264936488093691,8.539676460203902,6.322917,2009-08-03
2009-08-08,7.290501714979064,6.153175502231758,8.571824018576228,5.867614,2009-08-03
2009-08-09,7.122823620382224,6.017506195449117,8.382143116969566,5.9642,2009-08-03
2009-08-10,7.187157033321416,5.951414563521946,8.321369404696126,5.849705,2009-08-03
2009-08-11,7.338810892638571,6.212559305394521,8.519190754602079,6.050885,2009-08-03
2009-08-12,7.350478636745146,6.1918015186539295,8.604454944690582,6.287884,2009-08-03
2009-08-13,7.3677344009535375,6.218230550065958,8.520002879942725,6.400246,2009-08-03
2009-08-14,7.6294940759649315,6.454476032820881,8.81808740054238,6.929846,2009-08-03
2009-08-15,7.43602375805205,6.306366655172457,8.693716029247954,6.937061,2009-08-03
2009-08-16,7.8151316604482695,6.6599519218084415,9.001463394325254,7.761876,2009-08-03
2009-08-17,7.874553340635484,6.796521266212701,9.04249870226465,7.805503,2009-08-03
2009-09-01,7.7957459921710495,6.6633193242275,8.936998580553084,8.623108,2009-08-31
2009-09-02,7.799397753819382,6.635014089092388,8.884240224378463,8.494938,2009-08-31
2009-09-03,7.7026747917593665,6.58975950373104,8.927437728894583,8.595362,2009-08-31
2009-09-04,7.650881392784127,6.616030935806465,8.854297420452614,8.649363,2009-08-31
2009-09-05,7.71324007824893,6.598501643331441,8.825114574764441,8.13675,2009-08-31
2009-09-06,7.7232280840029395,6.572420169067969,8.896783477239678,7.8876,2009-08-31
2009-09-07,7.8166149090648815,6.685779788597014,8.965730795845689,8.426117,2009-08-31
2009-09-08,7.8182657337757515,6.669017311218692,8.940549105269922,8.3303,2009-08-31
2009-09-09,7.698513741069701,6.623853262909028,8.857418763865757,7.345571,2009-08-31
2009-09-11,7.75672576192385,6.537837133262073,8.923088988922606,7.164254,2009-08-31
2009-09-12,8.027157855404976,6.988321471744995,9.21038464077414,8.238667,2009-08-31
2009-09-13,7.980621518985608,6.848719271694565,9.084209257259557,8.126045,2009-08-31
2009-09-14,7.871126073408567,6.74546052745301,8.987355718358875,8.386107,2009-08-31
2009-10-20,8.156243920828764,7.075784785070268,9.314879444020184,7.862513,2009-10-19
2009-10-21,8.17827561512153,7.065020069926952,9.36249936155149,7.827082,2009-10-19
2009-10-22,8.173166056396342,6.93947524550604,9.331791657236435,8.668417,2009-10-19
2009-10-23,8.243525342509903,7.060250695482544,9.476581999442404,8.960464,2009-10-19
2009-10-24,8.404054112749616,7.191569712319639,9.5907844419321,9.279359,2009-10-19
2009-10-25,8.571902143436903,7.407384352696986,9.780342760083151,10.360886,2009-10-19
2009-10-26,8.61400482981641,7.462480842241953,9.750048678914073,10.212026,2009-10-19
2009-10-27,8.38680664366161,7.265873142318784,9.56431144196125,9.815116,2009-10-19
2009-10-28,8.204445353877169,7.088032892721858,9.371052970089565,8.888229,2009-10-19
2009-10-29,8.298809543631574,7.12412201773959,9.399558043665907,8.549642,2009-10-19
2009-10-30,8.218644397622043,7.005194706257495,9.320549117174345,8.081884,2009-10-19
2009-10-31,8.173207658939893,7.070121337692361,9.325626459584303,8.106697,2009-10-19
2009-11-01,8.134354158436707,6.860465259409764,9.295033628923866,7.513446,2009-10-19
2009-11-02,8.189633225112976,7.075015007239806,9.37546311736775,6.978084,2009-10-19
2009-11-17,8.383325194120333,7.28114815634226,9.579578092536225,7.937058,2009-11-16
2009-11-18,8.266398437295976,7.08342259161276,9.429667518426628,9.695228,2009-11-16
2009-11-19,8.445475730610582,7.291376831988313,9.696028340317932,10.014504,2009-11-16
2009-11-20,8.452274682809716,7.338639016214576,9.639017869934092,9.351698,2009-11-16
2009-11-21,8.501009726584673,7.2737432826007895,9.610994668198142,9.377313,2009-11-16
2009-11-22,8.588577383155698,7.498453901657584,9.716869966564772,9.929603,2009-11-16
2009-11-23,8.811683242996594,7.652560850005067,9.991343278710564,10.61277,2009-11-16
2009-11-24,8.91502922141922,7.760004020170392,10.07619512155212,10.066887,2009-11-16
2009-11-25,9.028129412476403,7.973934153449733,10.197803953497536,9.227756,2009-11-16
2009-11-26,9.110515717480325,7.967387056554271,10.318560644357758,9.206544,2009-11-16
2009-11-27,9.064961239866722,7.840009012278664,10.25425756104482,9.017235,2009-11-16
2009-11-28,9.104304943530607,8.002894594498793,10.268376732325029,9.138573,2009-11-16
2009-11-29,9.193387828723496,8.080423653750165,10.311809648038825,9.327329,2009-11-16
2009-11-30,9.440008277285425,8.316215606926024,10.5931428065177,9.550733,2009-11-16
2009-12-15,10.201242619742157,8.983722531606547,11.36305238923076,10.863531,2009-12-14
2009-12-16,10.291668538278163,9.134373935700248,11.454428044912733,11.701706,2009-12-14
2009-12-17,10.237147977026543,9.13613382421075,11.333034122228367,11.122564,2009-12-14
2009-12-18,10.514620195281276,9.360253956732988,11.66027472606175,11.170122,2009-12-14
2009-12-19,10.422038381298108,9.162928080940409,11.548709191393849,11.421507,2009-12-14
2009-12-20,10.60875192724177,9.457429657495332,11.723067765280453,11.528807,2009-12-14
2009-12-21,10.508343998224353,9.330258608492686,11.664413400375674,11.487706,2009-12-14
2009-12-22,10.527168360525202,9.325898461209713,11.728767423800987,11.026246,2009-12-14
2009-12-23,10.638550383960245,9.522482568857825,11.839753072614332,10.457212,2009-12-14
2009-12-24,10.737045288840985,9.592553733543197,11.917853829207205,10.150959,2009-12-14
2009-12-25,10.756404010547545,9.609223614169409,11.899119544436497,10.094769,2009-12-14
2009-12-26,10.733076215322692,9.653940114687714,11.873270615539951,10.559038,2009-12-14
2009-12-27,10.523295900532617,9.420203534497384,11.667358661512324,10.808826,2009-12-14
2009-12-28,10.567674500580718,9.444660631569823,11.68721563384837,10.79486,2009-12-14
2010-01-12,10.838180999572577,9.730930128096416,11.95554486446463,9.425211,2010-01-11
2010-01-13,11.163784588201084,10.060024266771885,12.408551387940953,10.489921,2010-01-11
2010-01-14,11.30661923129307,10.211473687652198,12.545141940990582,11.066699,2010-01-11
2010-01-15,11.144752129591067,10.045967138975449,12.242136455681107,10.686024,2010-01-11
2010-01-16,11.140071055133074,10.015422717101021,12.274611309523403,10.503046,2010-01-11
2010-01-17,11.129140853845271,9.953394267185733,12.303685262624075,10.187399,2010-01-11
2010-01-18,11.06143474333027,9.962314517174615,12.243890422791736,9.813311,2010-01-11
2010-01-19,11.087197111376469,9.921032411708074,12.210247494304054,10.096416,2010-01-11
2010-01-20,10.94568142294641,9.828463800071642,12.114325236885438,9.527707,2010-01-11
2010-01-21,10.882261844005393,9.79927884630538,12.070579959416738,8.949405,2010-01-11
2010-01-22,11.028239024098712,9.854322407559263,12.180044715509363,8.285842,2010-01-11
2010-01-23,11.065909461872725,9.894246344480159,12.180289230207382,7.537379,2010-01-11
2010-01-24,10.922018133935586,9.79130130058734,12.067675748726385,8.476545,2010-01-11
2010-01-25,10.626163405881023,9.516963509203041,11.735792565328216,8.319547,2010-01-11
2010-02-09,10.856396956974274,9.754462054759253,11.958585438758824,8.766254,2010-02-08
2010-02-10,10.6966140747878,9.621290584510263,11.901137057482343,9.070484,2010-02-08
2010-02-11,10.612639608426784,9.475627183841048,11.82660953972533,9.558453,2010-02-08
2010-02-12,10.74188607698143,9.599862187490777,11.848235978541975,10.158066,2010-02-08
2010-02-13,10.611902538241047,9.497198557049817,11.785811568813592,9.92338,2010-02-08
2010-02-14,10.616693255300673,9.438635713364208,11.789606622781525,10.597697,2010-02-08
2010-02-16,10.548969251607794,9.378021327330696,11.666866928256582,11.278362,2010-02-08
2010-02-17,10.568626395429957,9.435529781078435,11.781190647898434,11.221241,2010-02-08
2010-02-18,10.13235247879677,9.025950431198044,11.279732578282825,11.443843,2010-02-08
2010-02-19,10.368086740004577,9.142884632200238,11.575116420561093,11.77373,2010-02-08
2010-02-20,10.45546953828781,9.28042466459305,11.671997554907259,10.778986,2010-02-08
2010-02-21,10.553684126155563,9.422622560656233,11.658441650506143,10.691615,2010-02-08
2010-02-22,10.57181769446074,9.466218035104022,11.676307370471184,10.22875,2010-02-08
2010-03-09,10.240751706575209,9.097717823577222,11.412914945645428,10.405706,2010-03-08
2010-03-10,10.310045971037907,9.163585110206661,11.429610257944992,11.120843,2010-03-08
2010-03-11,10.096448500093667,8.85824739123535,11.135515415274385,11.076475,2010-03-08
2010-03-12,9.738365742604099,8.588960069287786,10.916502351882503,10.592446,2010-03-08
2010-03-13,9.777300688249976,8.632100138558117,10.943436162400076,10.284318,2010-03-08
2010-03-14,9.790724790968941,8.671156357451569,11.011797401728975,10.081547,2010-03-08
2010-03-15,9.728379501342372,8.623701262005113,10.87215217456138,10.344418,2010-03-08
2010-03-16,9.737252005478314,8.639823372242423,10.868212892653487,10.559493,2010-03-08
2010-03-17,9.469797631512435,8.209952244605043,10.647256796155817,9.964931,2010-03-08
2010-03-18,9.621941803274716,8.489388657804051,10.765247370879107,10.095698,2010-03-08
2010-03-19,9.492349119516716,8.272524023294114,10.606804449197638,10.06251,2010-03-08
2010-03-20,9.240788228418921,8.082351523871708,10.439032864399564,9.048808,2010-03-08
2010-03-21,9.333023849950635,8.255422589254415,10.50075376144844,9.72038,2010-03-08
2010-03-22,9.26729065597096,8.040236844040287,10.48530702353564,10.114269,2010-03-08
2010-04-06,9.285042526637627,8.119233386926842,10.547762789082864,9.399235,2010-04-05
2010-04-07,9.30410640241959,8.191639798257054,10.53092340622575,9.549816,2010-04-05
2010-04-08,9.377362520688353,8.214847896780501,10.523142812621927,9.952427,2010-04-05
2010-04-09,9.469993811595598,8.280110755018953,10.57872785749687,10.722397,2010-04-05
2010-04-10,9.570954485648246,8.422566723946982,10.770897605470589,10.627298,2010-04-05
2010-04-11,9.56291334881052,8.248631063203396,10.716628843687262,10.510763,2010-04-05
2010-04-12,9.463954154103204,8.299747975164518,10.642029530906413,9.593915,2010-04-05
2010-04-13,9.280537068415494,8.037310933046095,10.455261321912408,9.868519,2010-04-05
2010-04-14,9.328334203095363,8.144964683335667,10.534752082576636,9.585016,2010-04-05
2010-04-15,9.219519826291467,8.088526645862432,10.45651304577379,9.188775,2010-04-05
2010-04-16,9.062149786248659,7.9490745102493685,10.274055288882579,9.852987,2010-04-05
2010-04-17,9.022341781204746,7.797791413160333,10.202292133777746,9.850193,2010-04-05
2010-04-18,8.843871928726719,7.697638232896586,9.981996030749572,9.689378,2010-04-05
2010-04-19,8.802547721413578,7.627378826574594,9.97636704913776,9.422106,2010-04-05
2010-05-04,8.776031363281447,7.661159986532918,9.959960856704319,9.5655,2010-05-03
2010-05-05,8.896801954313085,7.7456094111438585,10.039204582708724,9.755942,2010-05-03
2010-05-06,8.627470830013152,7.447377757859114,9.858793931975805,9.27673,2010-05-03
2010-05-07,8.632424093170922,7.472096876071211,9.736166298400956,9.585579,2010-05-03
2010-05-08,8.507651140767564,7.3137189348716305,9.700039009004106,9.17263,2010-05-03
2010-05-09,8.277968195073605,7.08810855078227,9.425617079436195,8.2106,2010-05-03
2010-05-10,8.328949841313342,7.174998506148739,9.513562340811271,7.91714,2010-05-03
2010-05-11,8.202294251515866,7.04618710345766,9.431227932542512,7.732674,2010-05-03
2010-05-12,8.4208174635665,7.2323783658280325,9.634432403416044,7.598245,2010-05-03
2010-05-13,8.3944166217005,7.188154036775087,9.548139154099529,8.175964,2010-05-03
2010-05-14,8.586808517487201,7.382588476251394,9.777497038167391,8.476945,2010-05-03
2010-05-16,8.779150468803614,7.572180770630027,9.991487096273259,9.061392,2010-05-03
2010-05-17,8.302129398240108,7.058384877964074,9.504983060260582,8.95985,2010-05-03
2010-06-01,7.616900764071277,6.487927445313876,8.75205749556911,7.856528,2010-05-31
2010-06-02,7.690183411252305,6.644046457536297,8.757311859749437,7.665906,2010-05-31
2010-06-03,7.711486578121359,6.570266081283659,8.83668273514736,7.202478,2010-05-31
2010-06-04,7.67755843444575,6.507572741933248,8.851925910573273,7.695768,2010-05-31
2010-06-05,7.463232385475313,6.350258855509092,8.601348480512792,7.117471,2010-05-31
2010-06-06,7.4390711541437975,6.315911964233908,8.59904457670674,6.769159,2010-05-31
2010-06-07,7.333330084144179,6.192702643629284,8.435731731172412,6.478651,2010-05-31
2010-06-08,7.311849188970805,6.084266643711162,8.425218980207015,6.423784,2010-05-31
2010-06-09,7.351788228543806,6.200523923694181,8.474181459363821,6.238585,2010-05-31
2010-06-10,7.487196243219328,6.305099539748737,8.578245610090505,6.212387,2010-05-31
2010-06-11,7.492194923451089,6.337220850273157,8.65147812632484,6.950165,2010-05-31
2010-06-12,7.5544330945890605,6.437838166953336,8.723598187169346,7.424074,2010-05-31
2010-06-13,7.59173947286222,6.468712254448076,8.719475732185776,6.866291,2010-05-31
2010-06-14,7.627461408551465,6.437894015974762,8.788557161602414,6.091197,2010-05-31
2010-06-29,7.901184282766798,6.607135861645897,8.926586310785984,7.14897,2010-06-28
2010-06-30,7.7841236015016495,6.6197205538364745,9.011997437219046,7.697461,2010-06-28
2010-07-01,7.754573200190611,6.506401009990383,8.990397136558636,7.057684,2010-06-28
2010-07-02,7.770773760332942,6.567945533174068,8.941646193275067,6.808129,2010-06-28
2010-07-03,7.748510295341116,6.6384825293047935,8.866687859750058,6.865701,2010-06-28
2010-07-04,7.639967420069364,6.461357139360095,8.767352666566817,7.177514,2010-06-28
2010-07-05,7.718164130074364,6.485245728683817,8.854756320764247,6.64022,2010-06-28
2010-07-06,7.700442402800888,6.546726050478698,8.863147645633846,7.401771,2010-06-28
2010-07-07,7.582575798141264,6.390613222460917,8.708341495458853,7.778296,2010-06-28
2010-07-08,7.457568593815307,6.337140665904522,8.672261719560723,7.809802,2010-06-28
2010-07-09,7.576830466228645,6.425630152556786,8.825529520880528,7.430941,2010-06-28
2010-07-10,7.602070992616428,6.483140475155441,8.758228988269444,7.627554,2010-06-28
2010-07-11,7.719578818045104,6.5966939652796786,8.992386623377664,8.072892,2010-06-28
2010-07-12,7.667126152622588,6.505797768168355,8.73696159127532,7.48312,2010-06-28
2010-07-27,7.352866633939098,6.1440877091628066,8.619672465123521,7.154554,2010-07-26
2010-07-28,7.276650505057529,6.051150642807834,8.464810200382793,7.105901,2010-07-26
2010-07-29,7.4080637422762745,6.262705747775809,8.631122140014321,7.757973,2010-07-26
2010-07-30,7.480503558747201,6.287254695405143,8.702304586392335,7.955651,2010-07-26
2010-07-31,7.377552428169478,6.200962815572744,8.560023482746871,8.314771,2010-07-26
2010-08-01,7.368289109834676,6.120423422944965,8.500043120244367,7.799532,2010-07-26
2010-08-02,7.454191767963776,6.2730894608566805,8.653311608177539,8.351501,2010-07-26
2010-08-03,7.427354986544655,6.245101550893018,8.622565786086419,8.423228,2010-07-26
2010-08-04,7.311240251632791,6.182780109374469,8.444841758581235,8.467469,2010-07-26
2010-08-05,7.4480911426054295,6.348333618660842,8.641076872198175,8.896586,2010-07-26
2010-08-06,7.699490997731273,6.503600166133326,8.839250884958785,9.466322,2010-07-26
2010-08-07,7.654558061389309,6.466749216722882,8.843172847449587,9.081899,2010-07-26
2010-08-08,7.62395559131582,6.4314605580874975,8.783556108221452,8.543613,2010-07-26
2010-08-09,7.738945663395667,6.524796164248302,8.901259717469785,8.823926,2010-07-26
2010-08-24,8.033886636613381,6.875470528765018,9.228147605526113,8.447563,2010-08-23
2010-08-25,8.113395116777374,6.976692053597305,9.220910300170226,8.287046,2010-08-23
2010-08-26,8.098065421664637,7.02034360421303,9.149310241014861,8.088343,2010-08-23
2010-08-27,8.352941033345358,7.275165981881771,9.496105511058728,8.073336,2010-08-23
2010-08-28,8.190947929894978,7.0920611103672755,9.316624818495812,8.007529,2010-08-23
2010-08-29,8.042890974225909,6.901223673220205,9.18707942486882,7.887852,2010-08-23
2010-08-30,8.16653502192313,7.043268939254221,9.318558332091136,8.469886,2010-08-23
2010-08-31,8.032812468886311,6.892496666589673,9.151612242592012,7.716284,2010-08-23
2010-09-01,8.025174163291013,6.921822643414925,9.104235107737761,7.651379,2010-08-23
2010-09-02,8.233250787829927,7.188036717182099,9.425139987990073,7.622342,2010-08-23
2010-09-03,8.362556903427208,7.23985582475962,9.47673852904671,8.22432,2010-08-23
2010-09-04,8.544893342913587,7.414563958748821,9.660410835475474,8.646349,2010-08-23
2010-09-05,8.655133993146155,7.47739687904613,9.780030454635636,8.773024,2010-08-23
2010-09-06,8.809696604790176,7.701191690601598,9.970080570501585,8.978466,2010-08-23
2010-09-21,8.2459755749914,7.112670356654069,9.430713493467385,6.507269,2010-09-20
2010-09-22,8.211462096792538,6.934788941399512,9.36305776752439,6.862074,2010-09-20
2010-09-23,8.256579100388077,7.093479783572583,9.31697973952074,7.558478,2010-09-20
2010-09-24,8.32516493092097,7.096585778136357,9.466177954655937,6.834294,2010-09-20
2010-09-25,8.37358458202934,7.214779631032072,9.47951869160449,6.829516,2010-09-20
2010-09-26,8.488805234411707,7.310635035261331,9.608721388461852,7.256769,2010-09-20
2010-09-27,8.319748121786931,7.094685975343306,9.477699380608014,7.766985,2010-09-20
2010-09-28,8.210251336342626,7.080231017529312,9.33555348518385,7.482722,2010-09-20
2010-09-29,8.032049597118121,6.837560970375857,9.141626461439005,7.640599,2010-09-20
2010-09-30,8.000122952882212,6.972215483576328,9.217695442111923,7.931007,2010-09-20
2010-10-01,8.084764432368033,6.898432405260137,9.329436890724375,8.25369,2010-09-20
2010-10-02,8.19207835654726,6.990902504951155,9.364615220871888,8.25435,2010-09-20
2010-10-03,8.27664962146736,7.136197244677085,9.448915865875477,8.150185,2010-09-20
2010-10-04,8.207938728001531,7.0968958290231505,9.355474764148212,7.462467,2010-09-20
2010-10-19,8.330765439356298,7.1932086721343955,9.487113765013492,7.868815,2010-10-18
2010-10-20,8.314414576125282,7.174141372591329,9.535206722529782,8.322435,2010-10-18
2010-10-21,8.260479124305055,7.189313190017952,9.446548458299747,8.622598,2010-10-18
2010-10-22,8.412698553871515,7.29229178274441,9.499228468326054,8.977579,2010-10-18
2010-10-23,8.505452725186956,7.367111582375455,9.64985987241594,9.101081,2010-10-18
2010-10-24,8.485019064151679,7.322816021532737,9.56838316971571,8.680477,2010-10-18
2010-10-25,8.616115438773265,7.422813140053627,9.783280025861558,8.985104,2010-10-18
2010-10-26,8.390052505961632,7.21923272281245,9.535441566494855,8.099625,2010-10-18
2010-10-27,8.571185115360548,7.482302768436406,9.708000523142129,8.415776,2010-10-18
2010-10-28,8.656386341522431,7.548564520137553,9.762589992087392,7.689093,2010-10-18
2010-10-29,8.501483939559614,7.368636921041232,9.618818038835458,7.375761,2010-10-18
2010-10-30,8.527346913250698,7.442844420058637,9.690033197404853,9.232068,2010-10-18
2010-10-31,8.629799558973723,7.498856556896939,9.728103474271418,8.612792,2010-10-18
2010-11-01,8.548740102932607,7.427323676667187,9.694767032930484,7.865935,2010-10-18
2010-11-16,9.094189745050171,7.8556578188892034,10.260781909162883,9.620492,2010-11-15
2010-11-17,9.18467318216549,8.016093695790218,10.365412066747941,10.073323,2010-11-15
2010-11-18,9.072484741733653,7.978058870229001,10.208582382628546,10.585841,2010-11-15
2010-11-19,8.97605221259576,7.752042834043544,10.143643706461209,10.795221,2010-11-15
2010-11-20,9.127943088342045,7.965911918407915,10.252677353549442,10.792625,2010-11-15
2010-11-21,9.310432373683831,8.172391719785498,10.509096687090294,10.908406,2010-11-15
2010-12-14,9.518142993406542,8.312426142912857,10.73690374810939,9.7737,2010-12-13
2010-12-15,9.414456493665346,8.201161012794193,10.561213400983393,9.133367,2010-12-13
2010-12-16,9.483475623203136,8.27806265235872,10.665383396291869,9.501692,2010-12-13
2010-12-17,9.644722629849733,8.501400200923905,10.840248133017033,9.852129,2010-12-13
2010-12-18,9.30387263540674,8.16912053263294,10.52494140376988,10.103507,2010-12-13
2010-12-19,9.578136091761404,8.472858294435879,10.661854088382045,10.280178,2010-12-13
2010-12-20,9.816907569915312,8.709604024822392,10.976458555327886,10.293609,2010-12-13
2010-12-21,9.847924322995212,8.685250002498822,11.024055518631604,10.691507,2010-12-13
2010-12-22,9.854573116791306,8.69219070696332,10.977981801838817,10.498825,2010-12-13
2010-12-23,9.900334656548582,8.759490408713113,11.041243078890066,10.562256,2010-12-13
2010-12-24,10.00307256571496,8.73707582343461,11.152768453826129,10.84936,2010-12-13
2010-12-25,10.007360343237304,8.884880409910009,11.188575535997758,10.758633,2010-12-13
2010-12-26,9.984202498614795,8.928087993334904,11.165177333251556,10.684899,2010-12-13
2010-12-27,10.085520315228525,8.98797356435375,11.230134997256554,10.304574,2010-12-13
2011-01-11,10.075840008230438,8.953854282008376,11.273209682747579,10.629677,2011-01-10
2011-01-12,10.355720840649234,9.161472376866957,11.471043508180745,10.71011,2011-01-10
2011-01-13,10.425099929042947,9.346890447234738,11.550097740077957,10.764119,2011-01-10
2011-01-14,10.632901375685224,9.41739798926644,11.754571736822422,10.519025,2011-01-10
2011-01-15,10.523672433209391,9.358028818305657,11.596927984627367,10.51273,2011-01-10
2011-01-17,10.574022098471898,9.408066829171785,11.770266845545413,10.65669,2011-01-10
2011-01-18,10.623822555509774,9.41553575939828,11.720698906524174,10.384467,2011-01-10
2011-01-19,10.49734854619678,9.377111978003976,11.610036586042392,10.799696,2011-01-10
2011-01-20,10.453469673159898,9.352079485572709,11.639453669032502,9.835488,2011-01-10
2011-01-21,10.451753395757692,9.332791764077534,11.682962320829834,9.464172,2011-01-10
2011-01-22,10.869178924300122,9.688818607574698,12.061226616015782,8.956106,2011-01-10
2011-01-23,10.775826326767081,9.60338263780141,11.887048257311962,8.555007,2011-01-10
2011-01-24,10.700901813238909,9.438712905254777,11.842354559637217,8.765747,2011-01-10
2011-02-08,10.635085252391944,9.459912935486134,11.771751632054208,10.365091,2011-02-07
2011-02-09,10.443842700586018,9.241897950094966,11.583225951498076,10.332984,2011-02-07
2011-02-10,10.344330475363057,9.116020664753437,11.486169351748357,9.274561,2011-02-07
2011-02-11,10.457683867470962,9.346031296508091,11.641349683620398,9.198262,2011-02-07
2011-02-12,10.479236627905228,9.308948979149312,11.63882831620935,9.147282,2011-02-07
2011-02-13,10.506781217364498,9.330197678403207,11.709747404369026,9.302812,2011-02-07
2011-02-15,10.566532555789898,9.386940394793424,11.737307707382936,9.104265,2011-02-07
2011-02-16,10.721030602238278,9.538099203984386,11.843596456453952,9.402549,2011-02-07
2011-02-17,10.75785649441466,9.611914341271378,11.88833789052598,10.244401,2011-02-07
2011-02-18,10.597954040101923,9.45616956534891,11.710421913525384,9.843702,2011-02-07
2011-02-19,10.657043571538637,9.440682445360254,11.815289518095652,10.56375,2011-02-07
2011-02-20,10.612807571028275,9.372232003316267,11.802956217087802,10.949086,2011-02-07
2011-02-21,10.750784547822178,9.562581697929932,11.939319571560521,11.607795,2011-02-07
2011-03-08,10.531156497418431,9.485865991606365,11.673370962183862,10.131789,2011-03-07
2011-03-09,10.712950492246762,9.62809372541537,11.854468325607012,9.73981,2011-03-07
2011-03-10,10.719994389295257,9.60409078877429,11.789687718044084,9.622056,2011-03-07
2011-03-11,10.763930250484595,9.711943225804667,11.922491205526645,10.271284,2011-03-07
2011-03-12,10.5994503389461,9.391551922258657,11.735761112917636,10.475198,2011-03-07
2011-03-13,10.551921387412,9.413230648238196,11.61205148947751,10.526399,2011-03-07
2011-03-14,10.448292929056803,9.302894840524,11.541523244655473,10.834405,2011-03-07
2011-03-15,10.516508208692194,9.372913764957886,11.618673112812322,10.216003,2011-03-07
2011-03-16,10.70383103201691,9.510550607701004,11.762339494662774,9.72746,2011-03-07
2011-03-17,10.573723011370978,9.480716494971011,11.769099778693084,9.786156,2011-03-07
2011-03-18,10.458438656205663,9.394713954411321,11.677453235761186,9.230999,2011-03-07
2011-03-19,10.37957956768192,9.293583955061365,11.504173042351884,9.258907,2011-03-07
2011-03-20,10.48532147088936,9.313798049949762,11.622064696925964,9.917564,2011-03-07
2011-03-21,10.420600836637947,9.21808724274128,11.490938370509404,10.031263,2011-03-07
2011-04-05,10.079027780862667,8.891601579756426,11.254171870396725,9.285119,2011-04-04
2011-04-06,10.06828754247486,8.920287532326807,11.26733053029095,9.363808,2011-04-04
2011-04-07,10.056958852624263,8.917056755864797,11.304289606531826,9.503603,2011-04-04
2011-04-08,10.199569774981633,9.060720054266497,11.26954428101048,9.136756,2011-04-04
2011-04-09,10.28387322470434,9.068438109672108,11.488509119371443,10.211618,2011-04-04
2011-04-10,10.312593293369785,9.115231675065706,11.584132396617631,9.745578,2011-04-04
2011-04-11,10.357532386084447,9.075583108176234,11.507796816368508,8.940549,2011-04-04
2011-04-12,10.31248012358421,9.161014310531213,11.524199245901945,9.173926,2011-04-04
2011-04-13,10.18073401969972,8.896157046360662,11.363740791040435,9.264799,2011-04-04
2011-04-14,10.216847280138234,8.985646038669934,11.324673514901813,9.326969,2011-04-04
2011-04-15,10.02758013189398,8.82856635955284,11.219621397110615,10.035202,2011-04-04
2011-04-16,9.841783196458573,8.718551203286653,11.038878138014313,9.166625,2011-04-04
2011-04-17,9.838222571353299,8.72461157358754,10.994107621186442,9.850414,2011-04-04
2011-05-03,8.830211437872117,7.653163012152355,10.057959060972848,10.306418,2011-05-02
2011-05-04,8.655781566385441,7.436328819832532,9.863986447570197,10.23262,2011-05-02
2011-05-05,8.673681313693194,7.4526802979727815,9.803959768487033,9.912309,2011-05-02
2011-05-06,8.736019471278029,7.5247992144076035,9.958245330629387,9.588003,2011-05-02
2011-05-07,8.536212452475207,7.3323992289036966,9.763944213637613,9.105043,2011-05-02
2011-05-08,8.511371860865994,7.260261836034616,9.680798253159189,8.520731,2011-05-02
2011-05-09,8.388986182341311,7.150418961953146,9.530605108345025,8.883159,2011-05-02
2011-05-10,8.290231873459568,7.1199311473591935,9.411406967716982,8.865197,2011-05-02
2011-05-11,8.199414027247315,6.928332443226053,9.372171352708195,7.971392,2011-05-02
2011-05-12,8.167842834585096,7.025381963233978,9.37566445495752,8.108492,2011-05-02
2011-05-13,7.828263468166047,6.680115115105096,9.003487392864995,7.964357,2011-05-02
2011-05-14,7.729946320689822,6.536974150670949,8.93475528237926,7.909803,2011-05-02
2011-05-15,7.795271674702258,6.531033300013726,8.922437648875915,6.892236,2011-05-02
2011-05-16,7.903323288314418,6.820700479838041,9.10436451949363,7.269489,2011-05-02
2011-05-31,7.76707311677332,6.660027955261666,8.908734147923099,7.853175,2011-05-30
2011-06-01,7.679029802337369,6.510526196910901,8.904108095358986,7.725161,2011-05-30
2011-06-02,7.802179582956252,6.658579585221957,8.972712514274678,6.962617,2011-05-30
2011-06-03,7.641258744441941,6.417811653061516,8.825896817452135,6.89943,2011-05-30
2011-06-04,7.516509116125503,6.319276855151559,8.717716123679354,6.00195,2011-05-30
2011-06-05,7.46013429049655,6.261952974193966,8.688951530938592,6.650323,2011-05-30
2011-06-06,7.419347701104749,6.26085152321321,8.527204660628463,6.895821,2011-05-30
2011-06-07,7.2308639064322815,6.111064837197563,8.333127769469213,7.025307,2011-05-30
2011-06-08,7.458321152166349,6.289705191957497,8.671110025359955,7.031266,2011-05-30
2011-06-09,7.372941101096041,6.171432571285285,8.567290444202037,6.890945,2011-05-30
2011-06-10,7.280161448019544,6.066041724857901,8.412698672702072,7.393483,2011-05-30
2011-06-11,7.27068449512569,6.109298956671318,8.454950567513018,7.264284,2011-05-30
2011-06-12,7.410417274094168,6.245409487641749,8.545911972304234,6.852595,2011-05-30
2011-06-13,7.261461814098545,6.086254869040422,8.406704060930188,7.097121,2011-05-30
2011-06-28,7.123421389990502,5.929630319590213,8.284518247398266,6.174378,2011-06-27
2011-06-29,6.913814571359361,5.667552055803181,8.125000296048645,5.624252,2011-06-27
2011-06-30,6.919977879923635,5.712424156228706,8.084985829813089,5.836523,2011-06-27
2011-07-01,7.01887400651538,5.845618489791477,8.168316208540164,6.19707,2011-06-27
2011-07-02,7.142611478291112,5.89610437621915,8.351038524507631,6.383378,2011-06-27
2011-07-03,7.2477792308962075,5.994332535200051,8.428926146710763,6.560154,2011-06-27
2011-07-04,7.184176623337182,5.979685873305187,8.339822225488955,6.14639,2011-06-27
2011-07-05,7.160146487532993,6.046633461735829,8.311371619111652,6.987018,2011-06-27
2011-07-06,7.089462379675769,5.855384603929664,8.246146723620395,7.082673,2011-06-27
2011-07-07,7.260093309635115,6.0394582135310495,8.331180804114421,7.462495,2011-06-27
2011-07-08,7.473150867048156,6.346826936942143,8.62795360024422,6.368849,2011-06-27
2011-07-09,7.2877430509882135,6.065931590692041,8.481371501570134,6.098844,2011-06-27
2011-07-10,7.24290545053702,6.020606758726118,8.386801401348885,5.923191,2011-06-27
2011-07-11,7.364939130205707,6.235566072369605,8.553000616471412,6.47454,2011-06-27
2011-07-26,7.254476281874721,6.108149967492314,8.50062101328705,6.267229,2011-07-25
2011-07-27,7.12516876719919,5.993552843299137,8.371154721526874,6.156772,2011-07-25
2011-07-28,7.4531240558490826,6.286012406291317,8.515194816481097,6.771155,2011-07-25
2011-07-29,7.1437846816882855,5.995461327044786,8.31038583090752,6.932895,2011-07-25
2011-07-30,7.1913568713165965,5.991781105041229,8.311892936536749,7.420274,2011-07-25
2011-07-31,7.094826735805393,5.986401402374531,8.370118410661348,7.341659,2011-07-25
2011-08-01,7.040258603951893,5.804743729287126,8.189466349817224,7.342306,2011-07-25
2011-08-02,7.165015478897936,6.057619993256909,8.304088326113208,6.920706,2011-07-25
2011-08-03,7.087880487616879,5.909106032158581,8.194005741621542,6.931656,2011-07-25
2011-08-04,6.991983066339706,5.857935091617149,8.123509394721857,7.032627,2011-07-25
2011-08-05,7.190567170929453,6.085687238490138,8.314016908135843,7.238261,2011-07-25
2011-08-06,7.040054727179271,5.857889938275922,8.234729746198022,6.339818,2011-07-25
2011-08-07,7.205459934527131,6.11827954601971,8.322129869159431,6.086989,2011-07-25
2011-08-08,7.167043167036913,6.033651257886749,8.34737928777247,5.97468,2011-07-25
2011-08-23,7.789899538199297,6.655049158740268,8.9412507022424,7.283266,2011-08-22
2011-08-24,7.85755225572964,6.680998883713837,8.95145147322323,7.250674,2011-08-22
2011-08-25,7.8223368048905835,6.561664395143348,8.967990888687881,6.559076,2011-08-22
2011-08-26,7.923259400834685,6.76344629172338,9.155349358289515,7.014387,2011-08-22
2011-08-27,8.076998960454937,6.858928989236258,9.222861995435725,6.583196,2011-08-22
2011-08-28,8.026873004546509,6.861061929966678,9.209230764660125,6.904485,2011-08-22
2011-08-29,8.012159581212549,6.905142720856675,9.269152614868597,7.485671,2011-08-22
2011-08-30,7.841405940447963,6.646228800392165,9.157152844045768,7.748412,2011-08-22
2011-08-31,7.885777939458363,6.743662221491735,9.044496335065318,8.013144,2011-08-22
2011-09-01,8.121966846745654,6.984875478016318,9.275960175689384,8.155917,2011-08-22
2011-09-02,8.084778976839472,6.895360000053422,9.230214575721616,7.25042,2011-08-22
2011-09-03,8.082857869832441,6.8696166952576405,9.212547729579564,7.521529,2011-08-22
2011-09-04,8.163761453908267,6.992717054614523,9.343430422459436,8.542509,2011-08-22
2011-09-05,8.073764573889367,6.931334134829244,9.261071210845147,8.983507,2011-08-22
2011-09-20,8.000785471517698,6.843935420965565,9.207286852826112,7.849619,2011-09-19
2011-09-21,7.952813426274753,6.881102988752793,9.065240631789115,8.271599,2011-09-19
2011-09-22,7.917422582676934,6.747237681756288,9.001758164233854,7.397454,2011-09-19
2011-09-23,7.966583506916462,6.8772203236038045,9.084674234890896,7.466226,2011-09-19
2011-09-24,7.891959114834138,6.8192258455229595,8.99050231057114,7.259572,2011-09-19
2011-09-25,7.865511868199269,6.685356639912836,9.08482085398548,7.097227,2011-09-19
2011-09-26,7.865676520198123,6.78477191434725,8.995102239927235,7.351713,2011-09-19
2011-09-27,7.822280218594488,6.689080798290092,8.955971327934138,7.642681,2011-09-19
2011-09-28,7.882497992832874,6.816403532778457,9.079122621271916,7.652934,2011-09-19
2011-09-29,7.851129278464416,6.638051415081231,8.984642243232226,7.31648,2011-09-19
2011-09-30,7.999823188187078,6.80507402798498,9.145521801469158,7.100937,2011-09-19
2011-10-01,7.890281902191402,6.714879382408575,9.05680387744636,7.433692,2011-09-19
2011-10-02,8.06754449801718,6.935174229658526,9.112616820864767,8.178443,2011-09-19
2011-10-03,8.045430884683768,6.8763526175047565,9.17149489574894,7.484823,2011-09-19
2011-10-18,8.58178998864506,7.362723474632185,9.721372675418994,8.308327,2011-10-17
2011-10-19,8.64647221827427,7.499885434158893,9.841799479008369,8.306491,2011-10-17
2011-10-20,8.870476684680193,7.662355153789662,10.055109507891716,8.496222,2011-10-17
2011-10-21,8.826238249962493,7.714805561632951,10.005834699451858,8.291549,2011-10-17
2011-10-22,8.806195905648947,7.660696290750693,10.02659199131045,8.167752,2011-10-17
2011-10-23,8.826228185876486,7.513931530245824,9.972207227467848,9.06415,2011-10-17
2011-10-24,8.82296476268791,7.666996736283162,9.907087852293747,9.034385,2011-10-17
2011-10-25,8.753369974429148,7.578571966698537,9.863152172158578,9.626372,2011-10-17
2011-10-26,8.667959479203375,7.524751546087539,9.84929238296303,9.31236,2011-10-17
2011-10-27,8.626587607916747,7.4661119170739525,9.7603355181033,9.25523,2011-10-17
2011-10-28,8.539718880177581,7.343875856218791,9.632861613837678,9.571067,2011-10-17
2011-10-29,8.434009570147241,7.208075798188234,9.66242634408257,8.228864,2011-10-17
2011-10-30,8.426218129290913,7.180972661453238,9.600142069676256,8.697138,2011-10-17
2011-10-31,8.579646204024035,7.384980685873409,9.719560589026198,8.351223,2011-10-17
2011-11-15,8.479627090986263,7.400395120245397,9.69728485882788,7.093128,2011-11-14
2011-11-16,8.60126946314634,7.4215424093432665,9.83289856364514,8.481675,2011-11-14
2011-11-17,8.650037866608516,7.494342812403212,9.745526081853459,7.430289,2011-11-14
2011-11-18,8.59125533993438,7.367013869360223,9.65909729632399,7.758302,2011-11-14
2011-11-19,8.751122545629709,7.622238360769796,9.916229045805185,7.423771,2011-11-14
2011-11-20,8.662991553713637,7.486694660454265,9.7762677318409,8.007255,2011-11-14
2011-11-21,8.714834965451065,7.509684282371719,9.871272991417666,9.20101,2011-11-14
2011-11-22,8.768435257897092,7.5951807049861335,9.880962661853264,9.168995,2011-11-14
2011-11-23,8.885339994372563,7.700357499171364,10.030872075070326,9.152912,2011-11-14
2011-11-24,8.95796985316694,7.767727682751496,10.026923589353908,8.906122,2011-11-14
2011-11-25,8.879047538534918,7.712176814063219,10.12875698578945,9.086101,2011-11-14
2011-11-26,8.974063829421384,7.839368181549646,10.161948181437301,9.396544,2011-11-14
2011-11-27,9.117451528621725,7.989556510609055,10.26985007469295,9.53267,2011-11-14
2011-11-28,9.079877958050517,8.01182466043451,10.261296070128317,9.04051,2011-11-14
2011-12-13,9.795839893093554,8.601769873774055,10.904371449860434,10.066866,2011-12-12
2011-12-14,9.731115174961946,8.59589890274281,10.95192630424385,10.714607,2011-12-12
2011-12-15,9.564442549848835,8.370389710919357,10.720541643803232,10.485365,2011-12-12
2011-12-16,9.685574108290178,8.478456424764317,10.827421638656551,10.400092,2011-12-12
2011-12-17,9.92999639084715,8.749230825778909,11.069082286056759,10.588457,2011-12-12
2011-12-18,10.024034061626937,8.805905153026934,11.185018058958672,11.164107,2011-12-12
2011-12-19,10.184611991220383,8.991597419793932,11.404810129661007,10.75264,2011-12-12
2011-12-20,10.211073760026496,9.133147462449923,11.263101925550856,11.109282,2011-12-12
2011-12-21,10.06463127932895,8.903066463574996,11.188557623820465,10.874257,2011-12-12
2011-12-22,9.987896681533165,8.836279793924435,11.160877786762562,10.027451,2011-12-12
2011-12-23,9.930164651089564,8.8001714218739,11.114401841002545,9.444735,2011-12-12
2011-12-24,9.88700310298861,8.770706229716742,10.996070536221698,10.266387,2011-12-12
2012-01-10,10.526466020299507,9.287028012176796,11.734786273737138,10.17611,2012-01-09
2012-01-11,10.577222626191418,9.353490454120223,11.767158541790568,10.998344,2012-01-09
2012-01-12,10.571406858302236,9.432704724380693,11.825796452427154,11.348838,2012-01-09
2012-01-13,10.489028467198958,9.316418589684076,11.605604865720338,11.127288,2012-01-09
2012-01-14,10.485945598911858,9.32372883775041,11.637119802570409,10.32167,2012-01-09
2012-01-15,10.367022231489232,9.140280957053827,11.554015573063785,10.219129,2012-01-09
2012-01-16,10.344205313964444,9.116173984220904,11.470898240546969,11.098274,2012-01-09
2012-01-17,10.372524107621961,9.27163544707959,11.603889615278021,10.927838,2012-01-09
2012-01-18,10.548151490500164,9.302506247388997,11.683250459135163,11.354995,2012-01-09
2012-01-19,10.563270074374596,9.348969224535887,11.768049323587292,11.305188,2012-01-09
2012-01-20,10.578374308144658,9.364807830018988,11.704517480149809,10.88765,2012-01-09
2012-01-21,10.356051381270866,9.196307171431274,11.55334691371767,11.266746,2012-01-09
2012-01-22,10.495480996611617,9.317251461205071,11.691326963391736,11.024242,2012-01-09
2012-01-23,10.822728483962733,9.6633495791759,12.040261576735228,10.699902,2012-01-09
2012-02-07,10.799038464875933,9.562062308219767,11.974064259778846,10.155791,2012-02-06
2012-02-08,10.816119942176691,9.744296937946368,11.83810076035789,9.690023,2012-02-06
2012-02-09,10.817934447400388,9.672931772082404,12.00903851054273,10.3077,2012-02-06
2012-02-10,10.681020092788547,9.558009634698646,11.823216033062309,10.29102,2012-02-06
2012-02-11,10.59578971124804,9.452309848017547,11.765468400975278,10.842567,2012-02-06
2012-02-12,10.639539395433703,9.555592001716516,11.822210014975097,10.572426,2012-02-06
2012-02-13,10.719613684920132,9.504656834581594,11.842662972930771,10.763758,2012-02-06
2012-02-14,10.808327108296199,9.663284757994903,11.951878484375879,11.622841,2012-02-06
2012-02-15,10.801273066394566,9.604138663156222,12.03728299906715,11.798209,2012-02-06
2012-02-16,10.795258221344557,9.621987787889976,11.926227016918412,12.660013,2012-02-06
2012-02-17,10.85586125240902,9.740694830440335,11.925576922587686,12.251759,2012-02-06
2012-02-18,10.907421534667126,9.699144520684394,12.076185061270339,12.304049,2012-02-06
2012-02-19,10.85380155987992,9.681484905456081,12.087562002866882,11.817538,2012-02-06
2012-02-20,10.900489913553562,9.704251926590365,12.082197779913956,11.983028,2012-02-06
2012-03-06,10.462566939462565,9.303088503056502,11.644486397839197,10.022458,2012-03-05
2012-03-07,10.369035735239354,9.143268340101129,11.53330230557193,10.475084,2012-03-05
2012-03-08,10.402290147938954,9.290662015981692,11.599002940346368,10.75554,2012-03-05
2012-03-09,10.381506373380363,9.211228177759027,11.569861736333362,10.494311,2012-03-05
2012-03-10,10.267891628345994,9.050598743903185,11.39756331834867,10.029386,2012-03-05
2012-03-11,10.412424461815965,9.264034922160324,11.70459940444278,9.940207,2012-03-05
2012-03-12,10.380352592280076,9.193102284597867,11.5836739616545,9.522356,2012-03-05
2012-03-13,10.23577660428257,9.066970367937829,11.427636340687567,9.609436,2012-03-05
2012-03-14,10.063130115868438,8.893856869270914,11.207480291066569,8.747992,2012-03-05
2012-03-15,10.08742620689177,8.871259975209126,11.310500951481579,9.315682,2012-03-05
2012-03-16,10.06280012541234,8.94115947782871,11.270927197895164,9.705149,2012-03-05
2012-03-17,10.006989046360987,8.840522195154483,11.155349493553993,9.868606,2012-03-05
2012-03-18,9.723527931867624,8.462999279417199,10.837202682380457,9.621021,2012-03-05
2012-03-19,9.71910793747796,8.622254673550454,10.889235042061802,10.158598,2012-03-05
2012-04-03,9.723584607117006,8.456309815981646,10.806530718883911,10.802677,2012-04-02
2012-04-04,9.596992996128826,8.389571974358114,10.700538560020869,10.773463,2012-04-02
2012-04-05,9.610433446438725,8.429371146264767,10.735496505098416,11.376952,2012-04-02
2012-04-06,9.414784112100323,8.27863616508628,10.624806773788956,10.530815,2012-04-02
2012-04-07,9.411515904869875,8.286298150900743,10.60036630390421,10.392214,2012-04-02
2012-04-08,9.391733777253933,8.195519760679526,10.530709619614743,10.381429,2012-04-02
2012-04-09,9.471276247547877,8.318664732186885,10.697331024984624,9.548537,2012-04-02
2012-04-10,9.305677198151207,8.18838675457017,10.40654594528484,9.469436,2012-04-02
2012-04-11,9.314828926119997,8.121119626504836,10.488424614867673,10.001176,2012-04-02
2012-04-12,9.324864217355247,8.172885471858036,10.47105947331159,9.601652,2012-04-02
2012-04-13,9.349517737597797,8.291863465549797,10.429279531651591,8.869523,2012-04-02
2012-04-14,9.32031560938421,8.138007334219065,10.466969401852916,8.066414,2012-04-02
2012-04-15,9.075537487681261,7.915406524917562,10.261886533974268,7.669911,2012-04-02
2012-04-16,8.897730165417059,7.762641702347082,10.040049274789762,8.870323,2012-04-02
2012-05-01,8.413742208445713,7.251020659885802,9.535598848745705,7.834781,2012-04-30
2012-05-02,8.531647926161385,7.378422617158067,9.672659388290025,7.875325,2012-04-30
2012-05-03,8.269678918224633,7.114682608847401,9.440070974442753,7.593728,2012-04-30
2012-05-04,8.32355591116917,7.227034976655324,9.456422766694438,8.103851,2012-04-30
2012-05-05,8.33694799406487,7.193660762689138,9.400485401775116,9.096949,2012-04-30
2012-05-06,8.38329025651512,7.329265410643446,9.650848578606222,8.627745,2012-04-30
2012-05-07,8.359238761879855,7.183312067322592,9.575309891235595,7.636935,2012-04-30
2012-05-08,8.362173752564619,7.222526114774915,9.518147278857565,8.057619,2012-04-30
2012-05-09,8.254752842534865,7.156967687019665,9.427816524542553,8.381397,2012-04-30
2012-05-10,8.031423686026761,6.9186541875705085,9.112091544171067,7.576599,2012-04-30
2012-05-11,7.995573898271396,6.718309614935059,9.068270401887958,7.801425,2012-04-30
2012-05-12,7.872954515891907,6.771968729736497,8.965448682562691,7.171789,2012-04-30
2012-05-13,7.881992617724656,6.7586162158517,9.111537977198156,7.441624,2012-04-30
2012-05-14,8.169504673692312,6.929657904950136,9.342589201090433,7.653402,2012-04-30
2012-05-29,8.48165672533017,7.3733957338916545,9.638929324050432,8.441237,2012-05-28
2012-05-30,8.36282946845062,7.191897123663222,9.530945242163673,7.988258,2012-05-28
2012-05-31,8.120709712469615,6.967745204239829,9.280945508152902,8.263354,2012-05-28
2012-06-01,8.199998887203147,7.029079926477871,9.45725294470537,7.608496,2012-05-28
2012-06-03,7.971602551938319,6.7383593455401085,9.153496898577881,8.290245,2012-05-28
2012-06-04,7.884595366990383,6.75670094101946,9.087092902642151,8.100366,2012-05-28
2012-06-05,7.842420885745389,6.689570166830262,9.049945222597845,8.715555,2012-05-28
2012-06-06,7.501473371981303,6.340584038925703,8.6454131023272,8.062944,2012-05-28
2012-06-07,7.22207808142327,6.040503649132686,8.332113581488983,7.987941,2012-05-28
2012-06-08,7.413784383331622,6.21857272680432,8.476451480358135,8.567666,2012-05-28
2012-06-09,7.464204059441149,6.390752163875027,8.63204933490271,9.16816,2012-05-28
2012-06-10,7.513321547366157,6.32698612395858,8.718567821417714,9.531009,2012-05-28
2012-06-11,7.524629546055376,6.377439599986447,8.726061312608035,9.438668,2012-05-28
2012-06-26,7.374125620156657,6.162018131268834,8.502784969912517,8.468924,2012-06-25
2012-06-27,7.21747687760027,6.134338159982276,8.417759597650925,8.096561,2012-06-25
2012-06-28,7.242038375706439,6.062205216697537,8.364681663830346,8.375517,2012-06-25
2012-06-29,6.984328682667342,5.860423760762666,8.15690912406127,7.112373,2012-06-25
2012-06-30,7.023149953614338,5.860774857073752,8.18291069643779,6.922583,2012-06-25
2012-07-01,7.0488767226945255,5.928894063613305,8.257284432560466,7.41987,2012-06-25
2012-07-02,7.138157140279375,6.004863301673927,8.319697498500402,7.360457,2012-06-25
2012-07-03,7.153971667452178,6.032723623294776,8.319394292955216,8.05657,2012-06-25
2012-07-04,7.014172196135766,5.891702340522281,8.240601973028152,6.770588,2012-06-25
2012-07-05,7.20905342548495,5.997744273876111,8.35673992099011,6.48721,2012-06-25
2012-07-06,7.13296004489807,5.9752444961573765,8.297693821407846,6.516168,2012-06-25
2012-07-07,6.907858897668305,5.748965738746495,7.985354683483129,6.323795,2012-06-25
2012-07-08,7.007585619753641,5.882728999381353,8.117519478802738,6.397109,2012-06-25
2012-07-09,6.929739673006109,5.8883510621688036,8.124556607594585,6.844465,2012-06-25
2012-07-24,7.527598905438303,6.292063670887346,8.702297265021745,8.001969,2012-07-23
2012-07-25,7.845197549719934,6.693498789382821,9.043289238578632,7.52607,2012-07-23
2012-07-26,7.662272666305229,6.534849809110447,8.83181419119915,7.66358,2012-07-23
2012-07-27,7.827838759791161,6.670682192909287,8.959217229501784,7.658589,2012-07-23
2012-07-28,7.929765336050456,6.766907026515825,9.121969337275646,7.795937,2012-07-23
2012-07-29,8.063437038369088,6.918988052318718,9.223044762876134,8.159425,2012-07-23
2012-07-30,8.012394462674745,6.8657757871633125,9.175798519316327,7.987374,2012-07-23
2012-08-01,8.046729919458864,6.952401075657402,9.13669312038922,7.808224,2012-07-23
2012-08-02,8.009732152344514,6.757834503393642,9.228273136936203,7.789242,2012-07-23
2012-08-03,8.14298510386507,6.9096717630688795,9.19732943526731,8.854727,2012-07-23
2012-08-04,8.134208892651527,7.04348381596275,9.366402317457347,8.275783,2012-07-23
2012-08-05,8.095360845306454,6.9030023863623065,9.179698644484333,8.702591,2012-07-23
2012-08-06,8.165625102914879,6.917222743457532,9.2749630396596,8.457892,2012-07-23
2012-08-21,7.811791277691546,6.660092847547253,8.854472337315,7.701793,2012-08-20
2012-08-22,7.529531476442048,6.349966442613138,8.624915722681298,7.371314,2012-08-20
2012-08-23,7.303884130456718,6.130815076273641,8.466170640667226,7.449419,2012-08-20
2012-08-24,7.2886264763514275,6.090920724663193,8.33709040014651,7.473926,2012-08-20
2012-08-25,7.398607553471514,6.260372010719856,8.610800493560712,7.58006,2012-08-20
2012-08-26,7.677792018340774,6.6276273413387,8.769515848887801,7.634931,2012-08-20
2012-08-27,7.418786148199413,6.215790990696815,8.605963212475132,7.311748,2012-08-20
2012-08-28,7.288989743305126,6.149258345439745,8.320339227742094,7.354177,2012-08-20
2012-08-29,7.038590928432586,5.85161258292348,8.212933719933917,7.548455,2012-08-20
2012-08-30,7.105317225603818,5.8662071265037445,8.166068300587964,7.964196,2012-08-20
2012-08-31,7.539643346803562,6.331236476383172,8.721550763152884,8.135811,2012-08-20
2012-09-01,7.623358116079889,6.5202326003760955,8.783815858952625,8.222823,2012-08-20
2012-09-02,7.7433549197857285,6.606975762900625,8.91231775587909,8.522755,2012-08-20
2012-09-03,7.863089345662504,6.765533781159114,8.963732695311872,8.964219,2012-08-20
2012-09-18,8.008168200924985,6.781311487395736,9.159087534454343,7.945495,2012-09-17
2012-09-19,7.850001681470721,6.723368316319159,9.057693776123989,7.971256,2012-09-17
2012-09-20,7.923932052794744,6.787176724888408,9.072334197283388,8.193499,2012-09-17
2012-09-21,7.9896755259638015,6.709522878527693,9.204739788417221,8.712899,2012-09-17
2012-09-22,8.098335568183604,6.947962780614228,9.242149080530071,9.396892,2012-09-17
2012-09-23,7.7795018015815245,6.5617228188299626,8.88235654285498,8.50901,2012-09-17
2012-09-24,7.722703519426486,6.498301117610931,8.91709097159729,8.461546,2012-09-17
2012-09-25,7.769275823865371,6.6089637464433295,9.084023582710165,8.66663,2012-09-17
2012-09-26,7.979351141931438,6.729026101190254,9.148461316282868,8.73202,2012-09-17
2012-09-27,7.992136855696684,6.864610899898812,9.218854328041242,8.361906,2012-09-17
2012-09-28,8.121473122136074,6.828802420262858,9.330088348907422,7.488947,2012-09-17
2012-09-29,8.162463697988882,7.02316707168406,9.388306602384603,7.546725,2012-09-17
2012-09-30,8.265154205679789,7.143370018454498,9.47402307084616,8.003463,2012-09-17
2012-10-01,8.335099107738081,7.11112511973159,9.493942984007372,8.605235,2012-09-17
2012-10-16,9.003892403848983,7.864385752029631,10.156909425588983,9.674696,2012-10-15
2012-10-17,8.635969248448577,7.521725112511467,9.727886791062147,9.739752,2012-10-15
2012-10-18,8.423851239196976,7.230141806872092,9.658687641194698,8.905185,2012-10-15
2012-10-19,8.332655720291893,7.090720198549525,9.566809347350556,8.494951,2012-10-15
2012-10-20,8.071546333381358,6.9660754458195555,9.251143015908468,8.408833,2012-10-15
2012-10-21,7.949565974478791,6.814721430991453,9.084307359930182,8.660414,2012-10-15
2012-10-22,8.144600856292941,6.944268185647745,9.241668882551737,9.106008,2012-10-15
2012-10-23,8.021954648290587,6.862791197817721,9.202022714033955,7.952404,2012-10-15
2012-10-25,7.8477761007895195,6.712697490483502,9.013081841993285,8.083955,2012-10-15
2012-10-26,7.878343198128264,6.6734771392304335,8.941105800152464,8.704064,2012-10-15
2012-10-27,7.904233495464026,6.76236922319717,9.059684974816781,8.424538,2012-10-15
2012-10-28,7.980241043837087,6.814727111356175,9.099516341908684,8.610321,2012-10-15
2012-10-29,8.098522841009885,6.938235997580475,9.173280699408355,8.122869,2012-10-15
2012-11-14,8.461826033446759,7.320151510761967,9.667492847471905,9.388188,2012-11-12
2012-11-15,8.34493847937726,7.192121814200457,9.573691457614164,8.866631,2012-11-12
2012-11-16,8.28308924973475,7.067711602403416,9.425558562067446,8.425442,2012-11-12
2012-11-17,7.997630485891318,6.776887186654144,9.127539951514049,7.929993,2012-11-12
2012-11-20,8.041509040222296,6.86213658782798,9.18066625788677,7.917123,2012-11-12
2012-11-21,8.118205462377825,6.9652194861454255,9.159500930731578,8.627679,2012-11-12
2012-11-22,8.119350266975426,6.8364037374324385,9.18628020910257,8.209548,2012-11-12
2012-11-23,8.212861299180716,7.04283307856986,9.498590644746285,7.741871,2012-11-12
2012-11-24,8.493046303716659,7.372783756478536,9.68700458035835,7.24686,2012-11-12
2012-11-26,8.763150469626398,7.643010308801676,10.013044198191317,8.211174,2012-11-12
2012-12-11,9.706677976277918,8.509691359513377,10.80073794488996,10.088415,2012-12-10
2012-12-13,9.67542138100512,8.477266348158974,10.799888932854072,9.780403,2012-12-10
2012-12-14,9.765108347035952,8.581943078480457,10.880074018019599,10.182066,2012-12-10
2012-12-15,10.023815727105744,8.896564351792557,11.205538951429599,10.810885,2012-12-10
2012-12-16,10.133547875553054,9.038881247060845,11.225749579168868,11.518315,2012-12-10
2012-12-17,10.359139934176467,9.1700739489254,11.566555141707585,11.62633,2012-12-10
2012-12-18,10.334691629927597,9.17612738197992,11.447661426498417,10.690448,2012-12-10
2012-12-19,10.391243383143621,9.225793030400235,11.468132275442127,10.574392,2012-12-10
2012-12-20,10.182344616009638,9.005780036903769,11.309047698008502,9.799797,2012-12-10
2012-12-21,9.955045899799016,8.82145903403393,11.109410539957613,9.545676,2012-12-10
2012-12-22,9.845939620104435,8.765211549004421,10.943987393052831,9.746637,2012-12-10
2012-12-23,10.10264978687429,8.845706269455148,11.22177276999376,10.058092,2012-12-10
2012-12-24,10.111071880574759,8.967042886032562,11.217463552134435,9.986982,2012-12-10
2013-01-08,10.559380317545983,9.423971116535704,11.689307920434745,11.153166,2013-01-07
2013-01-09,10.48211849651234,9.376985226301192,11.575018652197782,11.507243,2013-01-07
2013-01-10,10.870910334970203,9.75184206027753,12.047918444709454,12.535989,2013-01-07
2013-01-11,10.937724940117805,9.756789486464134,12.09864357122588,11.289293,2013-01-07
2013-01-12,11.020006382246397,9.934924147550063,12.081755132241437,11.205573,2013-01-07
2013-01-13,11.14509785567328,10.013791228696086,12.31848795496611,11.291778,2013-01-07
2013-01-14,11.471857210115942,10.305491503063417,12.552673307536152,11.446555,2013-01-07
2013-01-15,11.416007840569405,10.264002961152242,12.551595916957684,11.925204,2013-01-07
2013-01-16,11.412837240280826,10.313934100344097,12.507618287980035,12.560628,2013-01-07
2013-01-17,11.696851525058982,10.52036553181851,12.918014511988769,13.202165,2013-01-07
2013-01-18,11.567228977058022,10.507974214964449,12.736595819362215,13.945283,2013-01-07
2013-01-19,11.433285793310567,10.39536823889636,12.59600909361939,11.433587,2013-01-07
2013-01-20,11.483659534584751,10.4159877471697,12.62997858485011,11.96203,2013-01-07
2013-01-21,11.668698404811233,10.56021018458389,12.895865443588836,11.641123,2013-01-07
2013-02-05,11.369611980885065,10.296014577887826,12.530327350049278,11.219525,2013-02-04
2013-02-06,11.273180052913286,10.04066752177321,12.500975101296333,10.826509,2013-02-04
2013-02-07,11.250611232489835,10.046748825868791,12.432504444989558,11.124697,2013-02-04
2013-02-08,11.306785477964652,10.191861301907302,12.49995004739781,10.421013,2013-02-04
2013-02-09,11.068990131349068,9.852053506913874,12.179891387546014,9.638803,2013-02-04
2013-02-10,10.953305945307461,9.866077928735034,12.084577387919834,10.397249,2013-02-04
2013-02-11,10.945158758419781,9.751311330861245,12.078182245830906,10.64723,2013-02-04
2013-02-12,10.87110329740908,9.734514573550307,12.063426767553567,11.506965,2013-02-04
2013-02-13,10.820322864922344,9.67000863619818,11.97433622032773,11.649473,2013-02-04
2013-02-15,10.754146779819393,9.624686006985828,11.938520943451168,11.525777,2013-02-04
2013-02-16,10.603876722885193,9.370822243763659,11.700399741134046,11.938596,2013-02-04
2013-02-17,10.637272853015158,9.436750670418181,11.711335080276426,12.703407,2013-02-04
2013-02-18,10.516475385378456,9.389018151128825,11.678601082216952,13.108746,2013-02-04
2013-03-05,10.30120723971291,9.08138886099244,11.475939779729732,10.142258,2013-03-04
2013-03-06,10.217062062438076,9.094118721974949,11.399161361980903,9.945774,2013-03-04
2013-03-07,10.489171754725646,9.234766295426597,11.702534909289405,10.833076,2013-03-04
2013-03-08,10.560906520777754,9.381276694152076,11.664676414182386,10.446981,2013-03-04
2013-03-09,10.468471946206463,9.319101791802941,11.631414474747068,10.933812,2013-03-04
2013-03-10,10.580606264610187,9.422717240388698,11.796608345197805,11.33448,2013-03-04
2013-03-11,10.50027927192792,9.319850528477374,11.648127368649124,11.291957,2013-03-04
2013-03-12,10.601600577615951,9.410858460367937,11.757652531577081,11.430412,2013-03-04
2013-03-13,10.383491364318825,9.170087249946015,11.538478987441147,10.407907,2013-03-04
2013-03-14,10.264327902266107,9.098262342596632,11.42597763361427,9.260572,2013-03-04
2013-03-15,10.425401888235053,9.221726491242716,11.566413606199944,9.330363,2013-03-04
2013-03-16,10.527105682130328,9.287299079765624,11.740245617901982,10.176425,2013-03-04
2013-03-17,10.279429502673892,9.075384304082277,11.424685420776859,10.95503,2013-03-04
2013-03-18,10.230340460092389,9.094816085357927,11.413377166429251,10.901944,2013-03-04
2013-04-02,10.301256258728863,9.083963615542327,11.389357163021922,9.25224,2013-04-01
2013-04-03,10.25616520479333,9.090640695303025,11.504462854124277,9.057141,2013-04-01
2013-04-04,10.29239562043123,9.127741062880826,11.431074386278674,8.862438,2013-04-01
2013-04-05,10.52761539906649,9.439573460946033,11.74960163726847,10.084539,2013-04-01
2013-04-06,10.505135484265773,9.446214229338679,11.727035083017197,9.324099,2013-04-01
2013-04-07,10.272852278511747,9.138211602680869,11.348362881068645,9.484187,2013-04-01
2013-04-08,10.159276274397312,9.010627775270159,11.279307615396293,9.135689,2013-04-01
2013-04-09,10.086159505618198,8.914055076947234,11.193594053734554,9.937273,2013-04-01
2013-04-10,10.063898156600633,8.947196845286985,11.21448754176025,9.215888,2013-04-01
2013-04-11,10.21073861087552,9.103962601231045,11.391654802932582,10.042484,2013-04-01
2013-04-12,10.358519442756469,9.243586072764332,11.498717640504996,10.215886,2013-04-01
2013-04-13,10.226059205607918,9.080851590546636,11.348600329988388,10.249825,2013-04-01
2013-04-14,10.044357649397178,8.904528642003376,11.173137130871137,9.824664,2013-04-01
2013-04-15,10.131982534766333,9.057447264711744,11.302657259656831,9.555696,2013-04-01
2013-04-30,9.047506718780014,7.968156517787035,10.159787166370693,8.511529,2013-04-29
2013-05-01,8.84242072069096,7.693279704668903,9.99929563964732,8.498266,2013-04-29
2013-05-02,8.973903161403129,7.91968225547717,10.14972624057462,8.611902,2013-04-29
2013-05-03,9.042736381567993,7.9001405515134895,10.240945875033438,8.251664,2013-04-29
2013-05-04,9.120382662250062,8.025076704358899,10.28617861929665,7.994293,2013-04-29
2013-05-05,8.911205221288116,7.7811592273524415,10.041734390507893,7.790634,2013-04-29
2013-05-06,9.059321159778992,7.827568214944188,10.219473598231268,8.37804,2013-04-29
2013-05-07,9.117093095207075,7.943948770915711,10.133247172685772,8.748586,2013-04-29
2013-05-08,9.014988924762404,7.82462365304457,10.154077911113342,9.49814,2013-04-29
2013-05-09,9.099839835110378,8.023142112195732,10.295299554635397,8.837473,2013-04-29
2013-05-10,9.014362077710125,7.910570917539621,10.148457810181046,8.581293,2013-04-29
2013-05-11,8.778692111277866,7.643958251154686,9.892634889155735,8.780106,2013-04-29
2013-05-12,8.751958873708553,7.728812210291797,9.87661445322154,8.132183,2013-04-29
2013-05-13,8.61830067911751,7.481559363842578,9.821718801943648,8.149401,2013-04-29
2013-05-28,7.827005131614846,6.800292807135983,8.957213731423275,7.971598,2013-05-27
2013-05-29,7.624042313991692,6.528922052586092,8.791906774948076,8.248919,2013-05-27
2013-05-30,7.471634489831668,6.338179600931329,8.65815502061948,8.041594,2013-05-27
2013-05-31,7.4153557416483995,6.2533908658243655,8.515221679665306,8.209297,2013-05-27
2013-06-01,7.337428781904904,6.220872541098504,8.494339410063509,7.138543,2013-05-27
2013-06-02,7.640508520514117,6.561733974983756,8.753964962168089,6.666837,2013-05-27
2013-06-03,7.73860224694867,6.686476682750509,8.7781093703314,6.950421,2013-05-27
2013-06-04,7.692326411396547,6.5088474418106435,8.777795616907191,7.375386,2013-05-27
2013-06-05,7.6525686955212535,6.556445363431839,8.80710340519043,7.08722,2013-05-27
2013-06-06,7.529739614296985,6.353139999538586,8.728181739363128,7.373667,2013-05-27
2013-06-07,7.775780144384534,6.582756529464252,8.898543244459313,7.730518,2013-05-27
2013-06-08,7.970985900014349,6.73855299228905,9.132362443662975,7.750993,2013-05-27
2013-06-09,8.061873638146078,6.928621129272388,9.15559835837124,8.350343,2013-05-27
2013-06-10,8.07884431777252,6.973797647945175,9.290405664279492,8.996969,2013-05-27
2013-06-25,7.471835769310798,6.343214707121933,8.555106806483675,8.036177,2013-06-24
2013-06-26,7.340225232887754,6.285512500738373,8.435015423942604,7.597483,2013-06-24
2013-06-27,7.510716090572286,6.356901122757331,8.558375845575496,8.363646,2013-06-24
2013-06-28,7.432900451259025,6.3311696327380025,8.529083784602669,8.276008,2013-06-24
2013-06-29,7.213856645284188,6.0083012595082685,8.336625571784998,8.098267,2013-06-24
2013-06-30,7.2044787124787035,6.148422353036094,8.345422166214227,7.44483,2013-06-24
2013-07-01,7.107575945583035,6.041021046942712,8.217242382837702,7.03665,2013-06-24
2013-07-02,6.819668414624214,5.673601914416048,7.9541825114726095,6.602522,2013-06-24
2013-07-03,6.94727855464773,5.765910477893156,8.124987456547231,6.534178,2013-06-24
2013-07-04,6.930525936470865,5.709158426300667,8.050651896026213,6.831896,2013-06-24
2013-07-05,6.87907955183346,5.727982493331614,8.036972223577907,5.95929,2013-06-24
2013-07-06,6.824060740086551,5.680855997338178,7.883664367487758,6.255485,2013-06-24
2013-07-07,6.9055936786558165,5.798403439913288,8.011380429856782,6.735292,2013-06-24
2013-07-08,6.919511509647851,5.651325805564576,8.116192203694537,6.629845,2013-06-24
2013-07-23,6.937697188037543,5.750568159476429,8.049708776271101,6.394404,2013-07-22
2013-07-24,6.995992961577571,5.915181463744035,8.164906815249374,5.870577,2013-07-22
2013-07-25,7.093751016737657,5.986444083800776,8.256033899850248,5.787023,2013-07-22
2013-07-26,7.315626997892313,6.254954035875191,8.50359580892384,5.126539,2013-07-22
2013-07-27,7.176676555250752,5.980428826097462,8.373418323705614,5.894536,2013-07-22
2013-07-28,7.358881390338418,6.2309972848468655,8.483417376998968,5.958384,2013-07-22
2013-07-29,7.43615673192063,6.280188414589819,8.625236489140146,6.482663,2013-07-22
2013-07-30,7.723005885750917,6.506826370233811,8.916972953099538,6.875009,2013-07-22
2013-07-31,7.556947663442068,6.458028982045203,8.703816176120105,7.166862,2013-07-22
2013-08-01,7.50366049879494,6.3715586158482,8.640086619359433,6.956763,2013-07-22
2013-08-02,7.526453478635144,6.308601530262429,8.570217320179898,6.96215,2013-07-22
2013-08-03,7.52697049727149,6.374142248413745,8.71242678981132,6.833339,2013-07-22
2013-08-05,7.693349131507082,6.559556689089843,8.794137988602749,6.489036,2013-07-22
2013-08-20,8.101927288912217,6.943938069650506,9.22627128911504,8.248118,2013-08-19
2013-08-21,8.128749494842877,6.96932641171747,9.283472153680993,8.339393,2013-08-19
2013-08-22,7.999464297609825,6.840645885738446,9.254769156839703,8.505512,2013-08-19
2013-08-23,8.215812096235988,7.080057803222335,9.237212551023314,8.322665,2013-08-19
2013-08-24,8.260501218357295,7.1468484988775085,9.412613899595495,8.437999,2013-08-19
2013-08-25,8.499415753844088,7.357875533343157,9.60269212707316,8.887377,2013-08-19
2013-08-26,8.432045814033094,7.2649977711052225,9.596523427616155,8.242484,2013-08-19
2013-08-27,8.366750884407454,7.211244358519663,9.554490208454764,8.274189,2013-08-19
2013-08-28,8.289233228902807,7.164112970712164,9.40783884178686,8.297656,2013-08-19
2013-08-29,8.584106311774114,7.436022134881708,9.766551607502741,8.308721,2013-08-19
2013-08-30,8.647466268196085,7.524962823366489,9.813364323676694,8.349523,2013-08-19
2013-08-31,8.42130856042362,7.315034124475189,9.534622934803917,8.589356,2013-08-19
2013-09-01,8.380982407896838,7.046734900326822,9.471022178448342,9.162164,2013-08-19
2013-09-02,8.348624156825684,7.220893200511986,9.504973571474707,8.633944,2013-08-19
2013-09-17,8.268993378700713,7.122179442511795,9.398444691485999,9.05736,2013-09-16
2013-09-18,8.334974075865631,7.234204515332049,9.432266871468043,9.209942,2013-09-16
2013-09-19,8.41646238942762,7.313321724562774,9.589583347819092,9.008809,2013-09-16
2013-09-20,8.110759745013079,6.964062886104217,9.176446465731784,8.859475,2013-09-16
2013-09-21,8.204637647728973,7.107445740519735,9.309944932883614,8.572602,2013-09-16
2013-09-22,8.179767225330172,7.026747166466319,9.29856652871034,9.379427,2013-09-16
2013-09-23,8.276085280765079,7.0554326689099005,9.440415212305748,9.185516,2013-09-16
2013-09-24,8.116689272338437,7.014350770790876,9.284921526015767,8.071406,2013-09-16
2013-09-25,8.169164101909717,7.065329022896764,9.261846744112294,8.058823,2013-09-16
2013-09-26,8.405212177809048,7.345364144287064,9.512478987758485,8.499647,2013-09-16
2013-09-27,8.352975953967787,7.222584776332329,9.434252532388166,7.938261,2013-09-16
2013-09-28,8.499115390804745,7.391123581194871,9.670141916213012,8.923511,2013-09-16
2013-09-29,8.26340864671486,7.060588935474498,9.326542261081576,9.066709,2013-09-16
2013-09-30,8.359363532968604,7.235024883443902,9.520418797891358,9.713005,2013-09-16
2013-10-15,7.978600618302928,6.832440662536791,9.03548102816304,8.246766,2013-10-14
2013-10-16,8.041530052109005,6.986470942185825,9.241580688417164,8.50244,2013-10-14
2013-10-17,8.219149633873865,6.9745010121363435,9.269601049864727,8.422299,2013-10-14
2013-10-18,8.209373070254985,7.0255893622671435,9.417225884806053,8.991366,2013-10-14
2013-10-19,8.270689401885484,7.188522814831216,9.412724966870204,8.695729,2013-10-14
2013-10-20,8.339312943122524,7.12999403655425,9.418703134862113,8.14643,2013-10-14
2013-10-21,8.35754218934048,7.223250764295603,9.395459368315189,8.003978,2013-10-14
2013-10-22,8.315130776888353,7.218899624918331,9.451456036098444,8.390199,2013-10-14
2013-10-23,8.508143283900504,7.401300714901125,9.622564503342605,9.119736,2013-10-14
2013-10-24,8.441949522563792,7.326221666073274,9.587005584703192,9.159131,2013-10-14
2013-11-15,7.9616224964558615,6.88900393603498,9.073917467638605,9.199148,2013-11-11
2013-11-16,8.010568620233364,6.958340645444251,9.120827335273036,9.204789,2013-11-11
2013-11-18,8.184619661496559,7.048644499962212,9.332133625261203,9.48265,2013-11-11
2013-11-19,8.299737389784722,7.275515981234856,9.394807481391219,9.067298,2013-11-11
2013-11-20,8.127638327230361,7.112916065201273,9.31245626077107,8.787997,2013-11-11
2013-11-21,8.169433787466954,7.04635855307425,9.283311670102245,7.847731,2013-11-11
2013-11-22,8.147950714575165,6.976494886697944,9.275895857718814,7.331191,2013-11-11
2013-11-23,8.258203228037436,7.145120863065071,9.32035469874119,7.599875,2013-11-11
2013-11-24,8.260656818872263,7.0901660147217695,9.34899987162877,8.008508,2013-11-11
2013-11-25,8.622419770658114,7.463193208618341,9.743944321047813,8.315286,2013-11-11
2013-12-10,10.053560246127535,8.895092943898364,11.182659429852281,8.841662,2013-12-09
2013-12-11,10.060169823047353,8.970728618122793,11.184573795098954,9.900483,2013-12-09
2013-12-12,9.774245199703724,8.687462674430611,10.917216483533936,9.106394,2013-12-09
2013-12-13,9.751776982427394,8.598215287672929,10.819776667864705,9.376556,2013-12-09
2013-12-14,9.825151776511694,8.663576319439887,10.973558901466143,9.669775,2013-12-09
2013-12-15,9.952273673435004,8.763247787335024,11.05644684610003,10.24208,2013-12-09
2013-12-16,10.133475261367675,9.022012464306135,11.27561693414167,10.675237,2013-12-09
2013-12-17,10.180481677509217,9.079050205846288,11.324600692238578,10.399496,2013-12-09
2013-12-18,10.075699964744237,8.997938693927004,11.211413836844011,9.028942,2013-12-09
2013-12-19,10.397215486269495,9.20667349023345,11.485490227782075,9.11003,2013-12-09
2013-12-21,10.519911010116244,9.416416774815119,11.722453632037261,10.468781,2013-12-09
2013-12-22,10.426534306601276,9.340147957228304,11.475940730269771,10.278732,2013-12-09
2013-12-23,10.33818774331849,9.201370602231748,11.479920584408962,9.964562,2013-12-09
2014-01-07,10.865141356447019,9.774648169738601,12.110604644944088,11.838439,2014-01-06
2014-01-08,10.920038341521042,9.786512196737213,12.107696961545322,11.151361,2014-01-06
2014-01-09,10.791210902618197,9.666371992305997,11.928872213299474,10.781577,2014-01-06
2014-01-10,10.650548536755403,9.534002434839579,11.86055949642397,10.852503,2014-01-06
2014-01-11,10.647250137441635,9.477970244717012,11.782468677879535,11.110026,2014-01-06
2014-01-12,10.875942964465235,9.691776727784983,12.080143362935605,10.999333,2014-01-06
2014-01-13,10.752889171148514,9.702391376957337,11.879046385534547,10.559023,2014-01-06
2014-01-14,10.791592216969294,9.630340226740346,11.886425164454332,10.725306,2014-01-06
2014-01-15,11.022046007998785,9.941312692948921,12.2158630359808,10.994034,2014-01-06
2014-01-16,10.970865590274142,9.788359897072151,12.04434421562072,11.000116,2014-01-06
2014-01-17,10.774076160864192,9.59309504286819,12.036512604233621,10.942781,2014-01-06
2014-01-18,10.810556476197618,9.694330039558007,11.97613672976749,11.474688,2014-01-06
2014-01-19,10.90626949920901,9.762950117413292,12.060537306426406,12.371595,2014-01-06
2014-01-20,10.868666054927813,9.728529790626451,12.009082637949772,11.44104,2014-01-06
2014-02-04,11.02796126884968,9.946553774457074,12.143320162873053,10.561386,2014-02-03
2014-02-05,11.147345942626838,10.031337234449476,12.303972730010083,10.834177,2014-02-03
2014-02-06,11.201256887581192,10.043372059725357,12.334700233842208,11.025475,2014-02-03
2014-02-07,11.190603077461988,10.098225348008068,12.397804592182112,10.338063,2014-02-03
2014-02-08,11.211096830056702,10.11129958216853,12.44738403259342,11.302167,2014-02-03
2014-02-09,11.23450923753786,10.106581168390637,12.33065296351234,11.60963,2014-02-03
2014-02-10,11.193319316388287,10.07386706668307,12.346396024790712,11.698623,2014-02-03
2014-02-11,11.163633737643872,9.998839118300255,12.245019067279271,11.762002,2014-02-03
2014-02-12,11.093767800974053,9.871218586069462,12.15921792194961,10.967174,2014-02-03
2014-02-13,11.096373694023203,10.037885289452953,12.219796710869621,11.563876,2014-02-03
2014-02-14,11.040016891448118,9.840512489996456,12.132601483439496,11.897549,2014-02-03
2014-02-15,11.156066135884211,10.093657574163338,12.195270620155076,13.336456,2014-02-03
2014-02-16,10.8891440914886,9.763460815188305,12.03668020129771,13.275374,2014-02-03
2014-02-17,10.980462831078682,9.896030342298737,12.155802021907373,13.654856,2014-02-03
2014-03-04,10.798215111165336,9.661962653322462,11.948154232943915,10.94207,2014-03-03
2014-03-05,10.697025057325071,9.638056104117402,11.819695249325697,10.715413,2014-03-03
2014-03-06,10.682494406278076,9.63125238392687,11.750922764642015,10.236986,2014-03-03
2014-03-07,10.722402050264384,9.584476059145492,11.845743891062234,10.264606,2014-03-03
2014-03-08,10.544567700577428,9.388694740498593,11.613363600688487,8.695207,2014-03-03
2014-03-09,10.526275092141123,9.4455227890579,11.66815110485832,8.305404,2014-03-03
2014-03-12,10.221471788878079,9.083443127058183,11.330190847238487,8.843629,2014-03-03
2014-03-13,10.330795146673116,9.219530583505197,11.434598091156055,9.071855,2014-03-03
2014-03-14,10.18466723157408,9.10919317779095,11.389802244551435,8.208135,2014-03-03
2014-03-15,10.179691625775956,9.06892892219657,11.354388041165862,8.67936,2014-03-03
2014-03-16,10.350072324524337,9.192071079998065,11.494532592575668,9.441462,2014-03-03
2014-03-17,10.401434479154663,9.257229776377025,11.565577316909287,9.710838,2014-03-03
2014-04-01,10.486404929808435,9.388995206860661,11.63267624409745,9.554549,2014-03-31
2014-04-02,10.27840033949366,9.171743120114401,11.420809116189714,9.349626,2014-03-31
2014-04-03,10.27481411806434,9.062644405810122,11.403255401168515,8.981996,2014-03-31
2014-04-04,10.443361782265,9.300762766942313,11.571541743721383,9.137103,2014-03-31
2014-04-05,10.597188533837027,9.478921890918881,11.793485649344234,10.682379,2014-03-31
2014-04-06,10.361792765921892,9.157804940019492,11.418011576499625,10.19246,2014-03-31
2014-04-07,10.280397578355611,9.129308795240224,11.460832713441272,10.249815,2014-03-31
2014-04-08,10.440735937567108,9.266839399527035,11.5630029444621,11.524949,2014-03-31
2014-04-09,10.288108546185695,9.218062839665587,11.573185789913309,11.873582,2014-03-31
2014-04-10,10.214372047925764,8.920742626539438,11.352409434656069,11.532508,2014-03-31
2014-04-11,10.10918855644318,8.929257499170134,11.220611930285358,10.622867,2014-03-31
2014-04-12,10.115911566535523,9.06640892821357,11.343845597351683,9.369104,2014-03-31
2014-04-13,10.134732348635357,8.989808393483015,11.288678583258752,9.697865,2014-03-31
2014-04-14,10.191214247761387,8.989273260897509,11.30681762801774,8.910435,2014-03-31
2014-04-29,9.414568859952208,8.220122778564768,10.681804016542502,9.770337,2014-04-28
2014-04-30,9.297493086634969,8.18891920491523,10.432510298768808,9.82018,2014-04-28
2014-05-01,9.106273377237908,7.903143246837642,10.230123377297462,9.889449,2014-04-28
2014-05-02,8.897626528073342,7.776433876391947,9.970679372120511,10.328301,2014-04-28
2014-05-03,8.899953878628063,7.685706112077596,10.037085920731718,9.739473,2014-04-28
2014-05-04,8.815144203871244,7.638198033708756,9.922840303656328,9.5956,2014-04-28
2014-05-05,8.987980645776,7.854909558147336,10.164830552086025,8.212323,2014-04-28
2014-05-06,8.953981881948607,7.795741976530724,10.07676029865922,7.996222,2014-04-28
2014-05-07,8.932687479678254,7.741146373062468,9.96634583469045,8.5352,2014-04-28
2014-05-08,8.764041237441338,7.558011984935822,9.933573333658408,7.788249,2014-04-28
2014-05-09,8.902344437981549,7.755868074599932,10.159562055393394,7.827009,2014-04-28
2014-05-10,8.704846920583872,7.528398559929424,9.80423910480178,8.005291,2014-04-28
2014-05-11,8.580642035704948,7.395128808727303,9.737901501999408,7.200292,2014-04-28
2014-05-12,8.427950583281396,7.245834565458497,9.580315489640347,6.552431,2014-04-28
2014-05-27,8.563953994414726,7.362536643735404,9.659764287834872,8.417983,2014-05-26
2014-05-28,8.679197723079453,7.635422280541215,9.758081449856983,8.902052,2014-05-26
2014-05-29,8.544957102779001,7.4426441000853405,9.574324639660293,9.472401,2014-05-26
2014-05-30,8.621971787276241,7.481221693197261,9.729943262270258,8.81453,2014-05-26
2014-05-31,8.648532076622859,7.425662820587833,9.722621079759701,8.871755,2014-05-26
2014-06-01,8.684469756693622,7.621340417444534,9.74577898079666,8.875474,2014-05-26
2014-06-02,8.358900051146753,7.256431504378014,9.426149617381348,8.469384,2014-05-26
2014-06-03,8.322646522043506,7.1734306615321515,9.40095403656515,8.65459,2014-05-26
2014-06-04,8.511966581048668,7.35771379866556,9.655243858067424,8.087584,2014-05-26
2014-06-05,8.14997135359542,7.070298557390519,9.2380369641739,7.769785,2014-05-26
2014-06-06,8.182632716976844,6.99271415417205,9.253515250086473,7.781422,2014-05-26
2014-06-07,7.9470572139624975,6.837991983605143,9.031529242822293,7.622445,2014-05-26
2014-06-08,8.03991891272975,6.949603891254969,9.128205003730125,7.020067,2014-05-26
2014-06-09,8.040208454958721,7.020407435536733,9.252719559341179,6.76832,2014-05-26
2014-06-24,7.340947435823513,6.211245872677962,8.47141389035253,7.994591,2014-06-23
2014-06-25,7.546718608896584,6.384767627738983,8.665030852220623,8.501426,2014-06-23
2014-06-26,7.450319842219234,6.308102804562038,8.568220014974024,7.861978,2014-06-23
2014-06-27,7.4316863786333265,6.3049893230058665,8.481091570635344,7.80562,2014-06-23
2014-06-28,7.57524539715458,6.487861643561692,8.706263826993965,8.010353,2014-06-23
2014-06-29,7.724399695625664,6.643668075559259,8.77213376753414,8.323438,2014-06-23
2014-06-30,7.803512746296546,6.7200467848017436,8.914268787484744,8.637791,2014-06-23
2014-07-02,7.8454114058808315,6.786651607161139,8.930516751204115,8.248792,2014-06-23
2014-07-03,7.869335446220494,6.821923715065476,9.046789325625433,7.631762,2014-06-23
2014-07-04,7.67835936077728,6.504347904045915,8.787355751611953,7.061835,2014-06-23
2014-07-05,7.6599643760652745,6.593977247657447,8.787856053532623,7.428086,2014-06-23
2014-07-06,7.367960984006616,6.180978781127213,8.428307669286543,7.461659,2014-06-23
2014-07-07,7.223203895897672,6.181321726346214,8.27295200761307,7.965879,2014-06-23
2014-07-22,7.357189803732624,6.25873296570644,8.5166487440886,7.932748,2014-07-21
2014-07-23,7.119874747533431,5.9113652265756995,8.204791201714254,7.176791,2014-07-21
2014-07-24,7.240800743959333,6.136421076638536,8.308624696767373,7.287809,2014-07-21
2014-07-25,7.529928923977636,6.399323250620756,8.687558855986165,7.488049,2014-07-21
2014-07-26,7.726030319764337,6.644758179808833,8.899485833862418,7.711823,2014-07-21
2014-07-27,7.733509730777749,6.602958097670738,8.881861848188331,7.442145,2014-07-21
2014-07-28,7.6549098047805035,6.496149579357592,8.709450638727903,7.519704,2014-07-21
2014-07-29,7.535236637305319,6.444735663023662,8.708802451066198,7.348517,2014-07-21
2014-07-30,7.59654216961949,6.485278016565504,8.776716542345605,7.394067,2014-07-21
2014-07-31,7.604069807530099,6.457504648435863,8.699551956032217,7.44357,2014-07-21
2014-08-01,7.63391953154343,6.508325098527571,8.778203257149771,7.159106,2014-07-21
2014-08-02,7.639284670618205,6.440194084306688,8.838540838846138,6.986152,2014-07-21
2014-08-03,7.369940100197187,6.249298832607471,8.596649537427245,7.079127,2014-07-21
2014-08-04,7.524971890189121,6.324676632375423,8.65673209210352,7.162628,2014-07-21
2014-08-20,7.5741137651344745,6.457236982950116,8.759569966177773,7.288999,2014-08-18
2014-08-21,7.727307652523965,6.6101418550446915,8.856537718409895,8.054882,2014-08-18
2014-08-22,7.730710769959929,6.6152256535887135,8.8749415576733,8.071579,2014-08-18
2014-08-23,7.851965277906412,6.649503081096433,8.930838064449427,7.538161,2014-08-18
2014-08-24,7.783582550484522,6.623557768061366,8.940941451499398,7.298937,2014-08-18
2014-08-25,7.611031862153962,6.383946187143111,8.759486202404695,7.524443,2014-08-18
2014-08-26,7.175200524604385,5.987464703745702,8.31230012062644,7.321779,2014-08-18
2014-08-27,7.210870691616085,6.051475090975834,8.321124128631201,6.917205,2014-08-18
2014-08-28,7.502341315474119,6.369291062418055,8.637747327021371,7.128601,2014-08-18
2014-08-29,7.643480556158599,6.461108486672895,8.769977896265873,7.582738,2014-08-18
2014-08-30,7.577196497506726,6.400399461550157,8.80869478537198,7.098043,2014-08-18
2014-08-31,7.509829495285812,6.4442814608992975,8.736023216470269,7.116245,2014-08-18
2014-09-01,7.360118430683678,6.181000113258949,8.480069708995842,7.335694,2014-08-18
2014-09-16,8.738049577799224,7.561979853122192,9.883791738868533,9.103008,2014-09-15
2014-09-17,8.67018689682066,7.428711596731269,9.837033187289547,8.864194,2014-09-15
2014-09-18,8.841443044238982,7.687373133515709,9.989240183981666,8.63437,2014-09-15
2014-09-19,8.719573315234584,7.507774158261727,9.881876647451582,8.241382,2014-09-15
2014-09-20,8.803968410383419,7.589863267204356,10.069808615376955,8.247203,2014-09-15
2014-09-21,8.727645992800637,7.573920961956483,9.830575012333938,8.390254,2014-09-15
2014-09-22,8.998603435169464,7.829909776809869,10.118204058016241,8.503544,2014-09-15
2014-09-23,8.663895422089348,7.44901367189963,9.873841700711527,8.588428,2014-09-15
2014-09-25,8.576359964271639,7.381242009480337,9.71799423672137,8.60646,2014-09-15
2014-09-26,8.537485599271593,7.31167204380042,9.62752469423857,8.767502,2014-09-15
2014-09-27,8.273697382128077,7.098725654120175,9.495182121407597,8.310182,2014-09-15
2014-09-28,8.261563300608342,7.148642403502293,9.450867412803186,7.90908,2014-09-15
2014-09-29,8.25562299205403,7.044303636803551,9.539422916275141,8.302909,2014-09-15
2014-10-14,8.65342236310309,7.607575368403395,9.791518270327204,8.351006,2014-10-13
2014-10-15,8.632888460707393,7.523124051572239,9.838075588376942,8.414074,2014-10-13
2014-10-16,8.62119251614848,7.377764801237354,9.813236179718313,8.464602,2014-10-13
2014-10-17,8.528965286153403,7.408872143370101,9.681799603404603,8.43971,2014-10-13
2014-10-18,8.715308457174725,7.569064488589247,9.921970106195452,8.985078,2014-10-13
2014-10-19,8.84760936592793,7.732094984261354,9.976327405291906,9.771876,2014-10-13
2014-10-20,8.801838230161245,7.583174214046457,10.001979602889266,9.5511,2014-10-13
2014-10-21,8.835626575335938,7.666203284680587,9.973358816784161,9.752577,2014-10-13
2014-10-22,8.764530585172835,7.541697157756285,9.91239905548563,8.610779,2014-10-13
2014-10-23,8.778880804694282,7.633102219785206,9.909596539389543,8.270539,2014-10-13
2014-10-24,9.043512225886712,7.908921242638888,10.148159098784458,8.871002,2014-10-13
2014-10-25,9.002620703946818,7.839473556344631,10.196670043172634,8.676903,2014-10-13
2014-10-26,9.005068987570143,7.861529467886685,10.127247316801398,8.472057,2014-10-13
2014-10-27,9.09672464563363,7.939539652393085,10.298486958228308,9.156875,2014-10-13
2014-11-11,8.550977366777362,7.4367579585191645,9.678685163658777,9.518663,2014-11-10
2014-11-12,8.677761549778754,7.426113976525969,9.813381200947251,9.298104,2014-11-10
2014-11-13,8.86740701589474,7.790538056443121,9.995510172846542,9.103705,2014-11-10
2014-11-14,8.60315691646844,7.510726268489668,9.809587922348571,8.091743,2014-11-10
2014-11-15,8.484746991055697,7.405248891988326,9.674705313879429,7.912687,2014-11-10
2014-11-16,8.532818862747206,7.418306761362657,9.726608977243686,8.89753,2014-11-10
2014-11-17,8.644334894706601,7.474812822993132,9.783952667475713,9.294896,2014-11-10
2014-11-18,8.473821479029212,7.329799037487369,9.562037202323946,9.117996,2014-11-10
2014-11-20,8.411740017796054,7.278860961264403,9.563347295152067,9.069045,2014-11-10
2014-11-21,8.42658951982186,7.356135279622482,9.546814076115776,8.229307,2014-11-10
2014-11-22,8.597648928682238,7.417232715440052,9.747984206988724,8.655136,2014-11-10
2014-11-23,8.852426088592955,7.658660385147039,9.917203119452434,8.909833,2014-11-10
2014-12-15,9.1299798403962,8.052743445395727,10.27883331322432,9.272582,2014-12-08
2014-12-16,9.261871490873624,8.199359033071103,10.36601840069169,9.021806,2014-12-08
2014-12-17,9.34845080815129,8.254052264686697,10.425515632548176,9.116751,2014-12-08
2014-12-18,9.230935303188076,8.03894818801348,10.387249166898949,9.860011,2014-12-08
2014-12-19,9.363669912527255,8.19721340298036,10.479333264070865,9.761709,2014-12-08
2014-12-20,9.316690144878416,8.212325388262194,10.466445745575545,9.333183,2014-12-08
2014-12-21,9.263359839624536,8.088787965610601,10.330517649692762,9.43015,2014-12-08
2014-12-22,9.337010200721963,8.295327865896237,10.464220373520023,9.97899,2014-12-08
2015-01-06,10.716612786123582,9.648236041591133,11.935329547837405,11.66776,2015-01-05
2015-01-07,10.946741415033733,9.781803267505513,12.10127869842603,11.159635,2015-01-05
2015-01-08,11.04280285793738,9.848089099180413,12.184115476229394,11.043483,2015-01-05
2015-01-09,11.00405634311418,9.819186219667984,12.122173071457533,10.939791,2015-01-05
2015-01-10,11.033442458101069,9.855749851948104,12.18769846124987,10.274187,2015-01-05
2015-01-11,11.12847926779726,9.942911736174583,12.359486585254785,10.810636,2015-01-05
2015-01-12,11.03496053967283,9.92340535013129,12.194468704663668,10.535552,2015-01-05
2015-01-13,11.150561662727002,9.974984467197732,12.302277708964118,10.169162,2015-01-05
2015-01-14,11.20177138966858,10.044915937903324,12.358953504391447,9.947819,2015-01-05
2015-01-15,11.276518598360536,10.18432737884463,12.34255692924318,9.600586,2015-01-05
2015-01-16,11.219182229337239,10.07938469353319,12.347464722931104,10.263861,2015-01-05
2015-01-17,11.440658890166121,10.305582535834464,12.631352804257778,10.44915,2015-01-05
2015-01-18,11.498838143078363,10.347293553633765,12.588272794975266,10.720185,2015-01-05
2015-01-19,11.329834431207066,10.216312234637705,12.422056447241532,10.1848,2015-01-05
2015-02-03,10.96903852553572,9.827223806584566,12.094008863362722,11.047798,2015-02-02
2015-02-04,11.164964221284425,10.044543790342269,12.327979799614294,12.208997,2015-02-02
2015-02-05,10.934823491882188,9.75344921522821,12.118529506923297,11.965363,2015-02-02
2015-02-06,10.838176474757665,9.752157650330508,12.046650907006354,11.966552,2015-02-02
2015-02-07,10.845964742306009,9.625460929114213,12.045263164275939,10.977899,2015-02-02
2015-02-08,10.806664405583406,9.673702288726355,11.945468285006072,10.679724,2015-02-02
2015-02-09,10.785202086758945,9.611274891143948,11.970163324021467,11.052401,2015-02-02
2015-02-10,10.935315140400835,9.731102580559394,12.015269945799037,11.453852,2015-02-02
2015-02-11,11.08698272057481,9.944535549887098,12.192298141474582,12.290696,2015-02-02
2015-02-12,10.956483060318245,9.778828634472495,12.128858788463097,12.445305,2015-02-02
2015-02-13,11.30009264160766,10.137072111968857,12.40010613333113,12.946366,2015-02-02
2015-02-14,11.168172138038155,10.063592391083738,12.261038737855818,13.131237,2015-02-02
2015-02-15,10.968511038895986,9.760824616052355,12.176419740964109,12.397167,2015-02-02
2015-02-16,10.66376015038172,9.578614870430881,11.944829659719813,11.680503,2015-02-02
2015-03-03,10.77686493518777,9.63693394129939,11.965619683529559,9.512857,2015-03-02
2015-03-04,10.890429851876341,9.752899917032023,12.003263693816344,9.226883,2015-03-02
2015-03-05,11.009190269657745,9.840698605983526,12.209050077422809,9.517152,2015-03-02
2015-03-06,11.18033646098352,9.988941821898768,12.268023668433978,9.867592,2015-03-02
2015-03-07,10.93331311181229,9.777685123305805,12.014088917373888,11.061604,2015-03-02
2015-03-08,10.777912570592523,9.58387229776089,11.878811757620902,10.580896,2015-03-02
2015-03-09,10.525523057078603,9.369949517205013,11.685453310538097,10.566353,2015-03-02
2015-03-10,10.490112641458554,9.275221241747907,11.584770389973029,10.715996,2015-03-02
2015-03-11,10.338993310645424,9.167952038280573,11.461880259829682,11.135477,2015-03-02
2015-03-12,10.260454466132384,9.153778488258927,11.4022574205745,11.542269,2015-03-02
2015-03-13,10.15091355267449,8.965187670271677,11.285626930719646,11.36092,2015-03-02
2015-03-14,10.28376513082804,9.14734825882161,11.378469273220492,12.267211,2015-03-02
2015-03-15,10.289005057861779,9.196579233081362,11.368262690067223,12.250165,2015-03-02
2015-03-16,10.223210171213587,9.094447310052688,11.37839274620605,12.155,2015-03-02
2015-03-31,10.378769138297297,9.179526142004626,11.525745252008344,10.911082,2015-03-30
2015-04-01,10.357161028085901,9.08918853021492,11.504083574584739,11.045775,2015-03-30
2015-04-02,10.284599745322451,9.199030178466366,11.39247669659313,10.465708,2015-03-30
2015-04-03,10.174349413492175,8.987451412445916,11.365843809441756,11.030786,2015-03-30
2015-04-04,10.197779063329419,9.047886927993678,11.33571667659901,10.736663,2015-03-30
2015-04-05,10.21006429829461,9.02461958031956,11.410538471264083,9.631698,2015-03-30
2015-04-06,9.941995286715123,8.72982520715958,11.003152866995316,9.76549,2015-03-30
2015-04-07,9.925141624929973,8.86508033188967,11.064178330436274,10.25958,2015-03-30
2015-04-08,9.67555509594639,8.553728235409517,10.75299342782208,9.063772,2015-03-30
2015-04-09,9.586039502476611,8.42224379762998,10.715879553651291,9.85451,2015-03-30
2015-04-10,9.652187937635478,8.440605334124896,10.84828264096837,10.397809,2015-03-30
2015-04-11,9.609981087553058,8.398510621227043,10.79341977095446,11.095141,2015-03-30
2015-04-12,9.658556796118026,8.44694064829583,10.888722571226712,11.424095,2015-03-30
2015-04-13,9.616105872767271,8.435699068860215,10.77587762231521,10.986069,2015-03-30
2015-04-28,9.166015368978549,8.042611776676887,10.389736706002873,9.467688,2015-04-27
2015-04-30,8.870767072284952,7.680190059630327,10.009712514630905,8.952583,2015-04-27
2015-05-01,8.925755684037835,7.748444114471497,10.07150517407221,10.203815,2015-04-27
2015-05-02,8.910265332217328,7.787090605152669,10.057561269703863,10.109575,2015-04-27
2015-05-03,9.028625803889984,7.869482921876931,10.232398347689275,9.610588,2015-04-27
2015-05-04,8.887446151665545,7.737104729266373,10.083791546510616,8.928774,2015-04-27
2015-05-05,8.858216184036408,7.750220789225473,10.042181438120338,9.287306,2015-04-27
2015-05-06,8.599134917780757,7.402951301343687,9.772127103289993,8.764411,2015-04-27
2015-05-07,8.632224276586964,7.519154025710884,9.743592584116888,8.923346,2015-04-27
2015-05-08,8.631614949628561,7.435553094340679,9.76119171111083,8.274869,2015-04-27
2015-05-09,8.781822939660561,7.696515568570563,9.904581293960346,8.052549,2015-04-27
2015-05-10,8.7543361947605,7.623890694406918,9.946303835951086,7.932355,2015-04-27
2015-05-11,8.529102574415623,7.330844630901255,9.7442461930592,6.948305,2015-04-27
2015-05-26,7.888368450840175,6.7152252379952335,8.96615578088079,8.916555,2015-05-25
2015-05-27,8.005654848718775,6.8202827492026765,9.176254773179812,8.218931,2015-05-25
2015-05-28,7.9832118267593515,6.775479169869067,9.171887234708318,8.949287,2015-05-25
2015-05-29,7.96066891617779,6.809039244928998,9.09280966892625,8.517489,2015-05-25
2015-05-30,7.921742580608146,6.802626143514009,9.104798167574899,7.865218,2015-05-25
2015-05-31,7.89149855950463,6.744493330229433,9.072170805301559,7.875999,2015-05-25
2015-06-01,7.77938317311334,6.6195397496159325,8.993855862427154,8.039877,2015-05-25
2015-06-02,7.8804162795900226,6.777456554146014,9.03425004235267,7.708495,2015-05-25
2015-06-03,7.7764220550949315,6.552578814455115,8.909601468774492,7.315796,2015-05-25
2015-06-04,7.56187392024709,6.401334636222616,8.637068608530445,6.985136,2015-05-25
2015-06-05,7.406657457181213,6.293165244491676,8.578951698578152,6.780437,2015-05-25
2015-06-06,7.35145560978446,6.1859341015544755,8.480575352220866,6.526205,2015-05-25
2015-06-07,7.4668612750608965,6.208025649091166,8.602461321595195,6.945305,2015-05-25
2015-06-08,7.558775130289887,6.462076091512829,8.718067988056486,6.942681,2015-05-25
2015-06-23,7.539156646501969,6.427939017072458,8.68547784273896,7.275044,2015-06-22
2015-06-24,7.616936033396312,6.518278516960096,8.788286441015218,7.98169,2015-06-22
2015-06-25,7.4664446007459775,6.300033612096042,8.60526228538349,7.525087,2015-06-22
2015-06-26,7.369846309673265,6.2574783871734425,8.510873706098206,7.294527,2015-06-22
2015-06-27,7.433698723389704,6.353304861628406,8.629255988348852,7.503915,2015-06-22
2015-06-28,7.526344629371895,6.370201728276409,8.676241664270018,7.193137,2015-06-22
2015-06-29,7.692274962885275,6.592673715794658,8.75386413487911,6.772756,2015-06-22
2015-06-30,7.831050370769115,6.647284287891713,9.018556258142084,6.645264,2015-06-22
2015-07-01,7.829904596766084,6.67683436110873,8.926776975824033,6.30427,2015-06-22
2015-07-02,7.954503532070895,6.820636266331663,9.21286020973349,5.47751,2015-06-22
2015-07-03,7.951152049546995,6.8687347611432115,9.082550991640534,5.379713,2015-06-22
2015-07-04,7.931415550049682,6.826638825166422,9.124631456338756,6.005663,2015-06-22
2015-07-05,7.878934021295125,6.792717209036422,9.037665351740262,6.819898,2015-06-22
2015-07-06,7.782087757336173,6.6110452965240105,8.904210279467845,7.112144,2015-06-22
2015-07-21,7.232950311724897,6.1056295879885605,8.383348752282274,7.349026,2015-07-20
2015-07-22,7.400813563180644,6.237702211086446,8.42422330835722,7.691019,2015-07-20
2015-07-23,7.383521412851394,6.23166083694328,8.524566990109498,7.99511,2015-07-20
2015-07-24,7.416004942403749,6.309232568227163,8.634736735777798,7.008921,2015-07-20
2015-07-25,7.555539350868998,6.366589746414751,8.714512609425803,6.563027,2015-07-20
2015-07-27,7.646899921458472,6.534084763299282,8.866429041420794,6.497452,2015-07-20
2015-07-28,7.491406825389383,6.432907621722881,8.676618910474303,6.461868,2015-07-20
2015-07-29,7.351092159703992,6.258798938312351,8.501327827021449,6.430765,2015-07-20
2015-07-30,7.077182178689924,5.920754090443842,8.196376538209144,6.481143,2015-07-20
2015-07-31,7.0896005526669,5.905327319358966,8.229338271590407,6.282974,2015-07-20
2015-08-01,7.021206196377468,5.918203818369895,8.120979710009646,6.560226,2015-07-20
2015-08-02,7.044649798854702,5.8676849077184485,8.197188983557966,6.534207,2015-07-20
2015-08-03,7.296693919577827,6.186050795823967,8.378436265563753,6.455013,2015-07-20
2015-08-18,7.940993901201577,6.93455928933422,9.061142927330051,8.122062,2015-08-17
2015-08-19,7.934728299131493,6.891937700653404,9.0725499596453,7.975719,2015-08-17
2015-08-20,8.038727621451004,6.933036184143038,9.173626409294735,7.547231,2015-08-17
2015-08-21,8.028412230872611,6.890510864926159,9.114994729074862,7.259384,2015-08-17
2015-08-22,7.876422112609568,6.86152401630785,8.946008604394736,6.831564,2015-08-17
2015-08-23,7.78486063811922,6.716928772481896,8.95319545638007,7.864608,2015-08-17
2015-08-24,7.728580888367981,6.65107932004606,8.876494603300328,7.291502,2015-08-17
2015-08-27,7.8728606630053,6.725931093222243,8.91139407712351,8.021216,2015-08-17
2015-08-28,8.005774828655495,6.957713879197771,9.111151801752074,8.176608,2015-08-17
2015-08-29,7.978955430166921,6.901144660474341,9.071323559074795,7.468048,2015-08-17
2015-08-30,8.301183620517625,7.20107533208646,9.435558272152312,7.411976,2015-08-17
2015-08-31,8.165119554233598,7.057346857185068,9.357082496373383,7.642594,2015-08-17
2015-09-15,8.054511956528739,6.872666499811582,9.09628099679344,8.328778,2015-09-14
2015-09-16,8.173255512712704,7.073777602028084,9.203942255951551,8.082675,2015-09-14
2015-09-17,8.09037290045839,6.975864482897544,9.362942255195968,7.419374,2015-09-14
2015-09-18,8.195719275245109,7.1045327896129855,9.407249083449141,7.91732,2015-09-14
2015-09-19,7.975340085163941,6.885123649052311,9.111221758387611,8.254204,2015-09-14
2015-09-20,8.022229599404087,6.915792608097332,9.157080369551723,8.676815,2015-09-14
2015-09-21,8.00482420903606,6.90374464546221,9.064461950810934,9.197984,2015-09-14
2015-09-22,8.007366844804503,6.892175461500723,9.10362403345799,9.328266,2015-09-14
2015-09-23,8.057199914067342,6.977415037118568,9.287446610876014,8.561108,2015-09-14
2015-09-24,8.292689478702552,7.209059332568319,9.375366717208717,9.145906,2015-09-14
2015-09-25,8.21157794416262,7.102746575794619,9.368613243768554,9.15507,2015-09-14
2015-09-26,8.194785320218324,7.013995249585008,9.267153034610526,9.204506,2015-09-14
2015-09-27,8.221176866446841,7.083839214539815,9.27691902151726,9.538115,2015-09-14
2015-09-28,8.21577045232113,7.073635520755782,9.293021594427337,8.644753,2015-09-14
2015-10-13,8.332547283272884,7.211905764824862,9.38841622276921,6.475017,2015-10-12
2015-10-14,8.079010427221021,6.973790191446494,9.190756872989393,6.252949,2015-10-12
2015-10-15,8.151021662218923,7.074238065632747,9.255393334912256,6.811913,2015-10-12
2015-10-16,8.164505541537284,7.098006422995997,9.326301360168552,6.985818,2015-10-12
2015-10-17,8.516084214517155,7.4100810774397505,9.717560332973855,7.813894,2015-10-12
2015-10-18,8.55931003371602,7.410604352963358,9.645268285430612,7.353286,2015-10-12
2015-10-19,8.565257891473708,7.4287891192234925,9.665812360589673,7.794136,2015-10-12
2015-10-20,8.453415827682598,7.323768506784338,9.556374863029612,7.226805,2015-10-12
2015-10-21,8.564155112884428,7.410280871684484,9.686777427905422,7.579389,2015-10-12
2015-10-23,8.627141781464154,7.509190857444009,9.703529168476333,8.303311,2015-10-12
2015-10-24,8.54906727756011,7.404490321862195,9.776401144448647,8.251582,2015-10-12
2015-10-25,8.553514037686947,7.375676992264192,9.674633774149257,8.28662,2015-10-12
2015-10-26,8.464750099773376,7.393011857437917,9.622520511120786,7.950324,2015-10-12
2015-11-10,8.232324152771353,7.197251762857327,9.388492725752496,8.985546,2015-11-09
2015-11-11,8.302810427648486,7.208281845773882,9.456794216222267,9.105214,2015-11-09
2015-11-12,8.337790268531243,7.213826667705787,9.47361358188493,9.237027,2015-11-09
2015-11-13,8.33029842679243,7.253265047376974,9.456722542038383,8.993756,2015-11-09
2015-11-14,8.152077347786825,7.05172473759,9.272249872069525,8.845788,2015-11-09
2015-11-15,8.312167324574531,7.050188867358345,9.401290357061548,9.238954,2015-11-09
2015-11-16,8.37963900931117,7.206589039204092,9.515618243034266,9.131443,2015-11-09
2015-11-17,8.28085095691397,7.10662655436995,9.43673243325824,9.284249,2015-11-09
2015-11-18,8.124984085014985,6.889827852941242,9.186950560060765,9.076596,2015-11-09
2015-11-19,8.270007311156947,7.067784344510873,9.470419438990687,8.589359,2015-11-09
2015-11-20,8.463696542325106,7.344048139765759,9.648384466425329,8.291387,2015-11-09
2015-11-21,8.590721620233778,7.464478944565087,9.787837223994305,8.709505,2015-11-09
2015-11-22,8.699778565334581,7.540611783713837,9.901954774261105,8.629048,2015-11-09
2015-11-23,8.719363279830045,7.568964373794805,9.780329666905377,8.358076,2015-11-09
2015-12-08,9.50655937030538,8.279895445034434,10.621003683813388,9.639828,2015-12-07
2015-12-09,9.459561343603315,8.410885858699729,10.554306340418693,9.729113,2015-12-07
2015-12-10,9.658935587538432,8.50167571501372,10.799461776223886,9.521001,2015-12-07
2015-12-11,9.834222086489252,8.749607512572606,11.060266115044362,9.193163,2015-12-07
2015-12-12,9.920479298538677,8.780772144138052,11.039919053344342,9.325878,2015-12-07
2015-12-13,9.860994546681859,8.70154834951309,11.012414978365921,9.475288,2015-12-07
2015-12-14,10.08244525033607,9.007088824661313,11.25584936342625,9.064047,2015-12-07
2015-12-15,10.260441391069053,9.071297533596503,11.493295902787452,9.796454,2015-12-07
2015-12-17,10.270510545945395,9.176802890822444,11.41925046963705,9.567643,2015-12-07
2015-12-18,10.174927530096776,9.044686973843538,11.357176365249082,9.178161,2015-12-07
2015-12-19,10.267343034413772,9.185970009905393,11.381117820489822,8.597805,2015-12-07
2015-12-20,10.141749995916394,9.06471297222378,11.270472529282156,8.965808,2015-12-07
2015-12-21,10.361909665162855,9.286076131752209,11.48927636122668,9.214858,2015-12-07
2016-01-05,10.520947456061288,9.436745433072508,11.604071297670703,10.506642,2016-01-04
2016-01-06,10.440132452759215,9.371094123983376,11.517030267166108,10.804984,2016-01-04
2016-01-07,10.357257096965657,9.255651449214627,11.439869598323718,10.504665,2016-01-04
2016-01-08,10.495140167885832,9.342851613378542,11.637265772281816,10.939661,2016-01-04
2016-01-09,10.46361519745354,9.322064941111497,11.613391817691685,10.466847,2016-01-04
2016-01-10,10.699925738240335,9.58778955586664,11.79070258688994,11.979531,2016-01-04
2016-01-11,10.6838310170719,9.596658450105183,11.78554287629798,12.531994,2016-01-04
2016-01-12,10.773230127057744,9.635936229272174,11.822969515651746,12.341971,2016-01-04
2016-01-13,10.645149145274512,9.514496163911781,11.72290786950392,13.261965,2016-01-04
2016-01-14,10.460002020232647,9.337327430938936,11.602558875214935,12.263615,2016-01-04
2016-01-15,10.674146231675142,9.538846826235423,11.839603176134291,13.127824,2016-01-04
2016-01-16,10.638846234886433,9.53944223967906,11.798136090054738,12.427443,2016-01-04
2016-01-17,10.662978764073944,9.561692088337969,11.812526025960091,12.667703,2016-01-04
2016-01-18,10.750698972479274,9.642317388038528,11.901149697282737,11.813499,2016-01-04
2016-02-02,10.786472253246627,9.624310961710071,11.888364647500135,10.0542,2016-02-01
2016-02-03,10.89941397278082,9.859566660556059,12.030121455094994,10.389621,2016-02-01
2016-02-04,10.774743326831581,9.66471771515671,11.907284284632128,10.798739,2016-02-01
2016-02-05,10.811519400758968,9.68099071483721,11.822150503065972,10.857958,2016-02-01
2016-02-06,10.641247594349757,9.466411621464582,11.762781702567613,10.329107,2016-02-01
2016-02-07,10.5759059987146,9.462390587901172,11.718992820348712,10.314934,2016-02-01
2016-02-08,10.597480249837226,9.555846898914725,11.756290350467244,10.310616,2016-02-01
2016-02-09,10.593940419098324,9.486733256757615,11.804586029407146,10.885817,2016-02-01
2016-02-11,10.79656699221973,9.69349872166018,11.931178961682464,10.58166,2016-02-01
2016-02-12,11.129384885956378,10.013438703352213,12.17386133243245,11.05696,2016-02-01
2016-02-13,11.40140317442702,10.300029322511245,12.554573868453124,11.893972,2016-02-01
2016-02-14,11.279464729706614,10.197676809827614,12.33949144748829,11.768934,2016-02-01
2016-02-15,11.457330630967059,10.258337411137394,12.575268987412679,12.392057,2016-02-01
2016-03-01,10.18458712847445,9.046359049146375,11.370135716784018,10.260181,2016-02-29
2016-03-02,10.087989834262368,8.963604416168724,11.279993621395452,10.783479,2016-02-29
2016-03-03,9.984227436729876,8.876352303230998,11.06840704121064,11.640747,2016-02-29
2016-03-04,9.920361011895523,8.767622167974142,11.012612447822521,10.940264,2016-02-29
2016-03-05,10.034789788236704,8.89168176093963,11.14439215596609,10.711432,2016-02-29
2016-03-07,10.10220642609581,8.991617511983344,11.26625190456367,9.51839,2016-02-29
2016-03-08,10.055349256527169,9.006815136614797,11.204634299434414,9.771945,2016-02-29
2016-03-09,10.189995842926855,9.000625918934942,11.356705954188145,10.048198,2016-02-29
2016-03-10,10.121932539898495,8.98447245110972,11.240755920108162,10.315011,2016-02-29
2016-03-11,10.063140547622597,8.938300712472842,11.144006509353135,9.617567,2016-02-29
2016-03-12,10.010501032902628,8.911441584257323,11.042888745585753,10.333077,2016-02-29
2016-03-13,9.92097384514783,8.829161792295501,11.061529747619664,10.903666,2016-02-29
2016-03-14,9.731311811081138,8.666590923909421,10.84097898501443,11.142084,2016-02-29
2016-03-29,9.631318999316157,8.467826192708916,10.763238752721572,8.885876,2016-03-28
2016-03-30,9.971109929327069,8.839686332931695,11.107267137106815,9.599078,2016-03-28
2016-03-31,9.909078642738574,8.699512322207635,11.065367308905769,9.813719,2016-03-28
2016-04-01,9.887514934028774,8.807968567339685,11.10786234353878,10.058019,2016-03-28
2016-04-02,10.041684368931326,8.974843633804857,11.14243091543835,10.916533,2016-03-28
2016-04-03,10.008252209828763,8.802348419322946,11.245491244903258,11.099762,2016-03-28
2016-04-04,9.997842567823053,8.92437498058143,11.213204692200451,10.754412,2016-03-28
2016-04-05,10.047539144486901,8.943489798908955,11.278766545810127,11.766434,2016-03-28
2016-04-06,10.107388542063145,8.974030700127217,11.250385729570512,12.33679,2016-03-28
2016-04-07,10.028723507566665,8.908157359681763,11.063669852472769,11.752882,2016-03-28
2016-04-08,10.126307652812997,9.006802858201544,11.206823367550616,11.538591,2016-03-28
2016-04-09,10.122981800378042,9.00999345212648,11.200818480071238,10.999901,2016-03-28
2016-04-10,10.32805812870007,9.170587915121835,11.519509479213506,10.364882,2016-03-28
2016-04-11,10.23632987914377,9.053035261387903,11.303842637224138,10.958577,2016-03-28
2016-04-26,8.840664921326173,7.692133482016901,9.956866553239216,9.208888,2016-04-25
2016-04-27,8.866678887509506,7.764636553311009,9.966493253321827,9.185323,2016-04-25
2016-04-28,8.686162371340043,7.608098957075362,9.796519298447535,8.57391,2016-04-25
2016-04-29,8.652316782599009,7.549276839514544,9.77686431269869,8.446555,2016-04-25
2016-04-30,8.847612293949602,7.637662866914703,9.97072734997588,8.938063,2016-04-25
2016-05-01,8.625513019706407,7.539190721627464,9.761167837442661,8.373548,2016-04-25
2016-05-02,8.852097857633764,7.632880600053492,9.999615867734748,8.430341,2016-04-25
2016-05-03,8.759917443863614,7.7062543985364185,9.911114983026165,8.681239,2016-04-25
2016-05-04,8.784968251714842,7.809175818811161,9.930548663643103,9.146921,2016-04-25
2016-05-05,8.673685361151756,7.5052542734235095,9.80200628301028,9.042916,2016-04-25
2016-05-06,8.69846592557864,7.743214151760033,9.873081349164053,7.70877,2016-04-25
2016-05-07,8.654468351912326,7.4903377475719894,9.824159762684829,7.560729,2016-04-25
2016-05-08,8.51859609521132,7.340475664352925,9.599674403718105,6.638298,2016-04-25
2016-05-09,8.29218243544845,7.201953863311873,9.481432529868437,5.668581,2016-04-25
2016-05-24,7.341797388238951,6.179633369327629,8.437037183287174,7.076982,2016-05-23
2016-05-25,7.377829570257269,6.236481150794412,8.568682598328396,7.62471,2016-05-23
2016-05-26,7.327148066673361,6.255977802730626,8.474712658929125,7.258835,2016-05-23
2016-05-27,7.2496952553966025,6.019253599362056,8.415416366434345,8.104,2016-05-23
2016-05-28,7.259823827473738,6.0928106338992505,8.400394937394788,8.055145,2016-05-23
2016-05-29,7.198398852002368,6.042425235287299,8.316032944561494,8.141883,2016-05-23
2016-05-30,7.069514365778783,5.90618123500788,8.200175280303698,7.812766,2016-05-23
2016-05-31,7.134003648485827,5.998387934472029,8.285252543982185,8.148871,2016-05-23
2016-06-01,7.002124558060545,5.943271873362994,8.09429310932722,8.421632,2016-05-23
2016-06-02,6.986899631478681,5.829800278259982,8.140424594998619,8.284051,2016-05-23
2016-06-03,6.901493007373067,5.774686144889586,8.009072500554307,8.530862,2016-05-23
2016-06-04,6.732456350270558,5.637423336284426,7.873486568745367,8.064699,2016-05-23
2016-06-05,6.953597566091666,5.817223530031834,8.102058667551068,8.238993,2016-05-23
2016-06-06,7.09189786181285,5.933805589735257,8.223819929264087,8.790849,2016-05-23
2016-06-21,7.677484744971409,6.5345831871290345,8.742812380515348,7.656966,2016-06-20
2016-06-22,7.647510723724975,6.513716738408388,8.809020318213982,7.803173,2016-06-20
2016-06-23,7.6886466704094065,6.595740017434019,8.811065187963198,7.128677,2016-06-20
2016-06-24,7.437139800873121,6.26523839735819,8.511916463466225,7.006262,2016-06-20
2016-06-26,7.341263935281179,6.137311213420615,8.494661277628513,6.8442,2016-06-20
2016-06-27,7.37033676465475,6.174296677319282,8.55874893097271,6.529392,2016-06-20
2016-06-28,7.410661665151947,6.215315433795331,8.601104266452388,7.412946,2016-06-20
2016-06-29,7.237005375206305,6.029420436275438,8.288458258014154,7.442003,2016-06-20
2016-06-30,7.2005100134517965,6.086577001081858,8.342870041256317,7.325184,2016-06-20
2016-07-02,7.388629564717422,6.291773873924745,8.445672929723797,8.253844,2016-06-20
2016-07-03,7.3603775176134345,6.145243104853806,8.402403498860911,7.955061,2016-06-20
2016-07-04,7.375543832960397,6.266888740105921,8.551335617587542,7.721635,2016-06-20
2016-07-29,7.7899460143929105,6.631014458519433,8.949349977528897,6.951841,2016-07-18
2016-07-30,7.398625339386828,6.247926710479362,8.470226257577627,6.042975,2016-07-18
2016-07-31,7.088035537768251,5.900605793683252,8.232150540224213,6.016622,2016-07-18
2016-08-01,7.218440446022831,6.160337333086662,8.324789327388112,5.777727,2016-07-18
2016-08-16,7.866258472409706,6.768869857671438,8.966165446558504,8.461559,2016-08-15
2016-08-17,7.985899353434384,6.778320270831648,9.11743860328081,8.22362,2016-08-15
2016-08-18,8.144059198362475,7.018175491991798,9.226553342864438,8.18358,2016-08-15
2016-08-19,7.898920847968473,6.742925348585842,8.966028100886522,7.902226,2016-08-15
2016-08-20,7.878411956874734,6.756501317657346,8.981841298795821,7.338475,2016-08-15
2016-08-21,7.77794590696301,6.633688139546101,8.971163486030184,6.265719,2016-08-15
2016-08-22,7.852581294358936,6.766931295646579,9.060258830454721,6.124136,2016-08-15
2016-08-23,7.790854960805969,6.594991180296547,8.929023680994744,5.864253,2016-08-15
2016-08-24,7.593690167271018,6.36137265338708,8.666899119295831,6.289752,2016-08-15
2016-08-25,7.581412002904198,6.376748076293441,8.6895466932787,6.469801,2016-08-15
2016-08-26,7.441938770960764,6.322765702456192,8.53512229200774,6.644325,2016-08-15
2016-08-27,7.665046484874791,6.469784903856699,8.786361634103631,6.726931,2016-08-15
2016-08-28,7.769686317173024,6.717933768258158,8.854467142692997,5.869843,2016-08-15
2016-08-29,7.7142308496158485,6.624433506235115,8.883411343400576,6.013208,2016-08-15
2016-09-13,7.890549803371581,6.713620312583725,8.970399368302685,7.309772,2016-09-12
2016-09-14,7.850600346774964,6.667851030077206,8.947448053469687,7.397762,2016-09-12
2016-09-15,7.984231665890409,6.879291662815426,9.109733854019954,7.440036,2016-09-12
2016-09-16,7.95781888664177,6.820580077548323,9.037036641350763,7.685735,2016-09-12
2016-09-17,7.907222943644589,6.743546422620121,8.99648516673162,8.016049,2016-09-12
2016-09-18,8.020772961484294,6.856832951699846,9.242225183170312,7.623107,2016-09-12
2016-09-19,8.074180653612105,6.926978824326444,9.139529650558718,7.738372,2016-09-12
2016-09-20,8.119993584294813,6.923102500013391,9.252252385947461,8.607093,2016-09-12
2016-09-21,8.14511900696083,6.994874499518454,9.281968958836634,9.459608,2016-09-12
2016-09-22,8.034151073632088,6.958263448335848,9.14574046148419,9.373411,2016-09-12
2016-09-23,7.949182079275648,6.898718813315445,9.116932984081474,7.926685,2016-09-12
2016-09-24,7.812874161603771,6.715494422695371,8.96187230238779,7.516671,2016-09-12
2016-09-25,7.692179575907775,6.4949303688014215,8.8021393885317,7.992581,2016-09-12
2016-09-26,7.7653620000069985,6.69526311013821,8.888885466537214,7.791745,2016-09-12
2016-10-11,8.158010299276704,7.055924674762673,9.316965762065795,7.834912,2016-10-10
2016-10-12,8.14530931235449,7.012747526280601,9.33707164159538,7.168444,2016-10-10
2016-10-13,8.095179806766586,6.904037861216655,9.146102049822657,7.573604,2016-10-10
2016-10-14,8.091292771312549,6.914543271021987,9.17915923287182,7.185183,2016-10-10
2016-10-15,8.28349948794584,7.16216353535574,9.433807604904883,7.04238,2016-10-10
2016-10-16,8.322846194993573,7.106267515738372,9.438805028053665,7.687592,2016-10-10
2016-10-17,8.403426497002346,7.2577755352208975,9.528190077041153,7.461552,2016-10-10
2016-10-18,8.538855552221703,7.384158700257117,9.741220766464574,7.098497,2016-10-10
2016-10-19,8.470593809819059,7.293247797098929,9.686249295155148,7.232717,2016-10-10
2016-10-20,8.57474980787598,7.487761212645725,9.749165372482507,7.472152,2016-10-10
2016-10-21,8.479693215052395,7.3007533028885785,9.590473260376067,8.17395,2016-10-10
2016-10-22,8.397780805107326,7.197032800008941,9.619825651457663,8.253377,2016-10-10
2016-10-23,8.400871393606351,7.232396886628408,9.501964254452483,8.213808,2016-10-10
2016-10-24,8.387212700975839,7.2319894592165594,9.587869085028622,8.588079,2016-10-10
2016-11-08,8.755315180823855,7.576941003959004,9.847261917981328,8.07266,2016-11-07
2016-11-09,8.781480298302263,7.672831706724875,9.93650598260335,8.365959,2016-11-07
2016-11-10,8.705857663416573,7.567334363264383,9.83023939121373,9.245986,2016-11-07
2016-11-11,8.569243121209386,7.38058316280593,9.699761764731635,9.322241,2016-11-07
2016-11-12,8.4866484942175,7.382373325123923,9.637037975228614,9.021637,2016-11-07
2016-11-13,8.3552301866613,7.191053089505626,9.438690774920708,7.962055,2016-11-07
2016-11-14,8.369964801559389,7.242216035234557,9.423349845008596,7.589026,2016-11-07
2016-11-15,8.239454963869607,7.12732551315422,9.390812484774498,7.292968,2016-11-07
2016-11-16,8.181302378023851,7.058034051746213,9.363770050324355,7.505763,2016-11-07
2016-11-17,8.226622797172865,7.067539564992076,9.486130990207679,7.537561,2016-11-07
2016-11-18,8.217906949290748,6.993953091625717,9.367326171925114,8.099343,2016-11-07
2016-11-19,8.178715362170887,7.076315306405055,9.286685227581929,7.798475,2016-11-07
2016-11-20,8.288347812475811,7.23166665964784,9.37368014461471,8.427079,2016-11-07
2016-11-21,8.337779010761201,7.211383842538827,9.515217610679162,8.105047,2016-11-07
2016-12-26,9.528580495187882,8.37664170961751,10.703676887402773,8.245168,2016-12-25
2016-12-27,9.579275443309836,8.412390702875971,10.686114366927743,8.4636,2016-12-25
2016-12-28,10.34854978524855,9.229473774523823,11.587163168856138,11.911254,2016-12-25
2016-12-29,10.44117086542927,9.244072489265672,11.56382653350427,11.788469,2016-12-25
2016-12-30,10.428264259743841,9.327115604302637,11.526622661915631,12.752947,2016-12-25
2016-12-31,10.498601691089261,9.2803576095986,11.58997937811494,12.425833,2016-12-25
2017-01-02,10.748464599747289,9.62568978628257,11.931963918850531,12.163457,2016-12-25
2017-01-03,10.896073508952604,9.788082639265758,12.099219094295133,11.937375,2016-12-25
2017-01-04,10.77630963647129,9.546151368512412,11.951280920698958,11.974141,2016-12-25
2017-01-05,10.90091451031398,9.80722744962227,12.079429709847645,12.182433,2016-12-25
2017-01-06,11.026626884158185,9.893057796336677,12.271646569683963,11.894788,2016-12-25
2017-01-07,11.016164357686666,9.839091568654679,12.178407079410578,11.700105,2016-12-25
2017-01-08,11.161923164798083,9.975670676232177,12.225717683772775,12.087275,2016-12-25
2017-01-23,10.83565508299005,9.703297088612436,11.913277065356628,11.170042,2017-01-22
2017-01-24,10.84344922694426,9.769909073283456,12.04951088172681,10.700282,2017-01-22
2017-01-25,10.76860095086427,9.661161623446596,11.947583374757402,10.235251,2017-01-22
2017-01-26,10.733797100927978,9.560777935004051,11.903537378270364,10.933115,2017-01-22
2017-01-27,10.635564101908468,9.559627341569191,11.670572865789818,10.70725,2017-01-22
2017-01-28,10.652051373050206,9.531033343359107,11.78975368623893,9.759645,2017-01-22
2017-01-29,10.856036539895493,9.741080658214905,11.978852647422974,9.254557,2017-01-22
2017-01-30,10.746984652356819,9.599181116185248,11.930956761969929,9.166635,2017-01-22
2017-01-31,10.850049355775814,9.63970266888558,11.976896187763737,9.024791,2017-01-22
2017-02-01,10.52708797892875,9.410787291605711,11.658262778215647,8.059956,2017-01-22
2017-02-02,10.391544953579157,9.239680792597555,11.51197405072714,9.498402,2017-01-22
2017-02-03,10.385470603175252,9.237635994945558,11.497667161433492,9.048795,2017-01-22
2017-02-04,10.415530946840146,9.264487246668116,11.548175023427781,10.117802,2017-01-22
2017-02-05,10.487992857848774,9.37936786924916,11.535155247526186,11.016715,2017-01-22
2017-02-20,10.84961005598154,9.708795350448092,11.89384919696233,12.544043,2017-02-19
2017-02-21,10.794547056377196,9.701699504212975,11.803373306435121,12.29317,2017-02-19
2017-02-22,10.896838234482338,9.772550854034208,11.977635962023065,13.285295,2017-02-19
2017-02-23,10.894837687839937,9.798788536777915,11.972906683064034,12.710293,2017-02-19
2017-02-24,10.761660097452804,9.639598323906696,11.860514771263771,12.248553,2017-02-19
2017-02-25,10.745446103014057,9.595613490552253,11.817933303104368,11.38513,2017-02-19
2017-02-26,10.941095246990201,9.819236273473901,12.096844795350174,11.444234,2017-02-19
2017-02-27,10.853388614744507,9.74964381958695,12.020079672552338,11.004426,2017-02-19
2017-02-28,10.724888090746894,9.61331271445762,11.852842612514928,11.465746,2017-02-19
2017-03-01,10.568581209183456,9.490600281637702,11.772595872943132,10.426116,2017-02-19
2017-03-02,10.526878855496147,9.398591298377777,11.541672447913013,10.073715,2017-02-19
2017-03-03,10.487375013533827,9.43883464105016,11.609803970183723,10.17404,2017-02-19
2017-03-04,10.613003662832643,9.563469601619364,11.812779835596896,11.649715,2017-02-19
2017-03-05,10.792131180056664,9.710588058488332,11.934680697105014,12.14753,2017-02-19
2017-03-20,9.90077539958788,8.802906199776688,11.059687824878935,10.12246,2017-03-19
2017-03-21,9.742886156143605,8.590295173209459,10.815297057541127,10.640131,2017-03-19
2017-03-22,9.644777577237303,8.540039265467078,10.709288028597546,10.106547,2017-03-19
2017-03-23,9.61334218305711,8.50190319566923,10.82327791650292,10.373948,2017-03-19
2017-03-24,9.860811309256619,8.748938800514049,10.969493274771281,9.372633,2017-03-19
2017-03-25,10.047511500312376,8.87817961536242,11.14886892630419,9.817712,2017-03-19
2017-03-26,10.221975737295093,9.136913280008748,11.363176373409479,10.205055,2017-03-19
2017-03-27,10.53935293699399,9.412484562116784,11.644365168480984,11.576419,2017-03-19
2017-03-28,10.353079889169054,9.244265880825354,11.511999755033386,10.959859,2017-03-19
2017-03-29,10.221168747257613,9.150852893306695,11.33265151572888,10.697151,2017-03-19
2017-03-30,10.33225844804876,9.182020594645902,11.491049342480265,10.177866,2017-03-19
2017-03-31,10.52329411210953,9.389099894803387,11.64546485525327,10.493315,2017-03-19
2017-04-01,10.419957684381373,9.273951074708055,11.499825251047628,9.749606,2017-03-19
2017-04-02,10.73336595657447,9.517669592174743,11.839824138895567,9.611325,2017-03-19
2017-04-17,10.0266791811554,8.793760928972839,11.13461354940761,9.539585,2017-04-16
2017-04-18,9.998989019820582,8.812206674733217,11.211418760400992,9.574362,2017-04-16
2017-04-19,9.833109919672827,8.683712879486647,10.915227107216406,9.743374,2017-04-16
2017-04-20,9.796535197870414,8.648644132778527,10.882993925115462,9.939776,2017-04-16
2017-04-21,9.669400484021445,8.563561357203522,10.742562287774174,10.369224,2017-04-16
2017-04-22,9.621789586052762,8.424031820414159,10.795417749803018,9.921734,2017-04-16
2017-04-23,9.795927518248854,8.631803713086345,10.9288796769584,9.838842,2017-04-16
2017-04-24,9.410545260923403,8.282422999874102,10.548195276615226,8.908533,2017-04-16
2017-04-25,9.311261180650954,8.225293361483745,10.358872967933232,9.378396,2017-04-16
2017-04-26,9.36086794849245,8.295506939505707,10.500282610410835,9.332986,2017-04-16
2017-04-27,9.520226827771648,8.380702591503553,10.590303507499728,10.055903,2017-04-16
2017-04-28,9.569587544530805,8.392674619905549,10.736135320116263,10.026067,2017-04-16
2017-04-29,9.61016100786015,8.507175240358906,10.728928584733156,10.382122,2017-04-16
2017-04-30,9.540829541527172,8.495591768947817,10.674674733612028,9.795091,2017-04-16
2017-05-15,8.35534177064272,7.286463001942373,9.404764490071893,7.387534,2017-05-14
2017-05-16,8.094736496325543,6.967748941351776,9.27046522495822,8.162408,2017-05-14
2017-05-17,7.952305113042159,6.894974950137146,9.140685890439647,8.058767,2017-05-14
2017-05-18,7.80163203403566,6.661153758676098,8.870131985082315,7.615402,2017-05-14
2017-05-19,7.727820003996287,6.566194385331664,8.792471027691864,7.286684,2017-05-14
2017-05-20,7.73536846760545,6.606530128317101,8.94073355552994,6.964863,2017-05-14
2017-05-21,7.839797085966335,6.7423035147408195,8.952213178692494,6.662578,2017-05-14
2017-05-22,7.977783445174381,6.830170235267439,9.014549525112349,6.831523,2017-05-14
2017-05-23,8.003473811903756,6.9474388796015,9.155137667059009,7.405559,2017-05-14
2017-05-24,8.01000913249647,6.886093838948402,9.071529330912185,7.449521,2017-05-14
2017-05-25,7.6988593371635305,6.650842639304991,8.867890484671426,7.021254,2017-05-14
2017-05-26,7.812723328922244,6.746390321692244,8.951594103327034,7.625678,2017-05-14
2017-05-27,7.985663249544324,6.886297753179419,9.079787148876715,7.86583,2017-05-14
2017-05-28,7.90151546249244,6.805788301169944,8.926695371667792,7.853844,2017-05-14
2017-06-12,7.306388756884202,6.153822477870213,8.353262164836753,7.977306,2017-06-11
2017-06-13,7.236603781894564,6.046008919046416,8.368108147781149,8.110992,2017-06-11
2017-06-14,7.181317968954106,6.043408299899977,8.250754279536114,8.464822,2017-06-11
2017-06-15,7.241686364630878,6.095814226338492,8.339558753510019,8.305754,2017-06-11
2017-06-16,7.216694614276601,6.16043265934575,8.3897411169078,8.267731,2017-06-11
2017-06-17,7.261520713594121,6.163307520228434,8.405824606940323,7.761574,2017-06-11
2017-06-19,7.064734289428782,5.880689057398934,8.233112469632903,7.828459,2017-06-11
2017-06-20,7.2166868117573735,6.056916523680568,8.319953545862068,7.89025,2017-06-11
2017-06-21,7.330072060184806,6.21794439802614,8.478844926634887,7.895199,2017-06-11
2017-06-22,7.324053266907557,6.107194175418699,8.487696548993897,7.283885,2017-06-11
2017-06-23,7.251488442612613,6.0916503215772115,8.440163529258786,6.952328,2017-06-11
2017-06-24,7.338015759428297,6.129675440157248,8.46472455542814,7.342369,2017-06-11
2017-06-25,7.480489603905666,6.387656668272127,8.627769686829119,7.452781,2017-06-11
2017-07-18,7.802352991478434,6.645252463766441,8.984011034575225,7.050462,2017-07-09
2017-07-19,7.933360629685471,6.800074573115253,9.045028471433861,7.050293,2017-07-09
2017-07-20,7.965962956331022,6.870181878014918,9.064322260866161,6.574705,2017-07-09
2017-07-21,7.692728924143466,6.596310034948768,8.841102514968084,5.438462,2017-07-09
2017-07-22,7.544204647872839,6.426749250042634,8.784658538028992,5.587586,2017-07-09
2017-07-23,7.704941777331444,6.643938398524806,8.865620161739386,6.199426,2017-07-09
2017-08-07,8.078698246312166,6.904743296533383,9.166503598786369,6.428083,2017-08-06
2017-08-08,7.998654283083287,6.960099019059671,9.196953120639327,7.05316,2017-08-06
2017-08-09,7.811937894263144,6.587984977558375,8.830018684680072,6.569908,2017-08-06
2017-08-10,7.720934994958035,6.502638405218778,8.749642644533658,6.589381,2017-08-06
2017-08-11,7.630528238930885,6.490562833250504,8.721744465851257,6.98509,2017-08-06
2017-08-12,7.662747845475402,6.54560855607301,8.820803787701243,7.027854,2017-08-06
2017-08-13,7.584741124796969,6.525477750608951,8.741367464926286,7.571471,2017-08-06
2017-08-14,7.662681806577687,6.442336761888207,8.779468374309312,7.325353,2017-08-06
2017-08-15,7.900484816493831,6.795810532875291,9.010111168837561,7.247287,2017-08-06
2017-08-16,7.6378893276681215,6.584004720223088,8.739331970880198,7.243539,2017-08-06
2017-08-18,7.757132801377073,6.674609029581925,8.939971678668801,6.41058,2017-08-06
2017-08-19,7.89254002686868,6.746420861999677,8.994928957276933,6.854822,2017-08-06
2017-08-20,7.730693992260053,6.565431685501641,8.918139459022688,7.216899,2017-08-06
2017-09-04,7.952866968943086,6.840587450679288,9.107669917262228,7.92752,2017-09-03
2017-09-05,7.817375296615013,6.722558634989028,8.954112826280586,7.668685,2017-09-03
2017-09-06,7.858023198736823,6.722565877994641,8.970395456438753,7.447469,2017-09-03
2017-09-07,7.855162847706673,6.7500230245749036,9.016719311537873,7.859058,2017-09-03
2017-09-08,7.998917045238116,6.905835534021908,9.084781089037246,7.807746,2017-09-03
2017-09-09,7.9727469468636745,6.762805684499387,9.075968364477971,7.481251,2017-09-03
2017-09-10,8.199983560369027,7.109382169501997,9.378621353125489,7.190549,2017-09-03
2017-09-11,8.212210082495497,7.095738145664937,9.276406228898143,7.565789,2017-09-03
2017-09-12,7.9240216411735105,6.818554155304164,8.983424328950635,6.978782,2017-09-03
2017-09-13,7.848146807148712,6.712956759489382,9.020750550548593,6.607052,2017-09-03
2017-09-14,7.973729755445,6.856080130387252,9.156514958520916,6.526204,2017-09-03
2017-09-15,8.01493934302034,6.929056959786453,9.160182658780315,5.764316,2017-09-03
2017-09-16,8.321260874484814,7.269641810200087,9.497211276293605,7.116715,2017-09-03
2017-09-17,8.286923716269024,7.057308962302748,9.386302919114682,7.012124,2017-09-03
2017-10-02,8.374636934684217,7.1672606339836475,9.596519428041823,8.984065,2017-10-01
2017-10-03,8.597364453022086,7.459396253301455,9.704764917434742,8.606909,2017-10-01
2017-10-04,8.508180093690047,7.4211881023170045,9.589450763576735,9.082395,2017-10-01
2017-10-05,8.362900712742174,7.233442879595274,9.517303714558903,8.870259,2017-10-01
2017-10-06,8.269922628795099,7.10086412059061,9.406691507620256,9.366397,2017-10-01
2017-10-07,8.133326370317434,6.945599994556379,9.295717674507586,8.591922,2017-10-01
2017-10-08,8.157929709660307,7.008382860614499,9.20955050819997,8.496333,2017-10-01
2017-10-09,8.182205203535975,7.056266994608173,9.275799307822673,8.793433,2017-10-01
2017-10-10,8.150444828379364,7.021923133669171,9.227072471188745,8.209331,2017-10-01
2017-10-11,8.270536521063601,7.152700018954405,9.36809031287818,8.669693,2017-10-01
2017-10-12,8.29173945777384,7.098752071903306,9.353692585080902,8.696057,2017-10-01
2017-10-13,8.570018829917636,7.447253125613884,9.740149750896956,9.296356,2017-10-01
2017-10-14,8.504196232864238,7.387722754874769,9.66328006376277,9.071448,2017-10-01
2017-10-15,8.844428116230484,7.665627175142233,10.032206175414101,9.196702,2017-10-01
2017-10-30,8.999233808876493,7.840542492169175,10.16875529144008,9.078442,2017-10-29
2017-10-31,8.871833716828833,7.687391119893371,9.945332056873376,8.908785,2017-10-29
2017-11-01,8.860542579577652,7.698268012091359,9.951273553859007,8.647974,2017-10-29
2017-11-02,8.869182455157517,7.757735697911888,10.024893844424993,8.676293,2017-10-29
2017-11-03,8.761008987366939,7.637252986504088,9.872189930940063,7.81741,2017-10-29
2017-11-04,8.90946310962617,7.81608748832977,10.050816543225238,8.636997,2017-10-29
2017-11-05,8.885221079032352,7.695367545465538,10.034929062213195,8.988744,2017-10-29
2017-11-06,8.86340135122804,7.706762493723901,10.020828080753828,8.985995,2017-10-29
2017-11-07,8.681830950978249,7.661095542236624,9.838182977063685,8.972693,2017-10-29
2017-11-08,8.939674880938888,7.7751202612388735,10.063066199523403,8.904516,2017-10-29
2017-11-09,8.694924238925092,7.589921246259195,9.787049183766824,9.262057,2017-10-29
2017-11-10,8.65519102036893,7.575038309138341,9.80883101152203,9.024379,2017-10-29
2017-11-11,8.592828948966748,7.369387003212367,9.736488986350416,8.861131,2017-10-29
2017-11-12,8.486052618201803,7.487819633305711,9.60128693851739,9.257401,2017-10-29
2017-11-27,9.368704949850535,8.274209068825105,10.51241461465485,7.672717,2017-11-26
2017-11-28,9.668884072390357,8.576677095616027,10.792329188660586,8.055054,2017-11-26
2017-11-29,9.817938461892865,8.658961966910539,10.942215268205972,7.699855,2017-11-26
2017-11-30,9.872576961985285,8.618181080352182,10.964948731214273,7.714541,2017-11-26
2017-12-01,9.858779467524174,8.74122866002975,10.974884357861807,8.683126,2017-11-26
2017-12-02,9.996595837800603,8.867109843490494,11.098907580086026,8.092259,2017-11-26
2017-12-03,9.860827378665096,8.698838504727936,10.992693362656395,9.00786,2017-11-26
2017-12-04,10.020140475641325,8.882788698279759,11.193101448639734,9.93984,2017-11-26
2017-12-05,9.980132233939763,8.818378352828987,11.170918353972818,9.907414,2017-11-26
2017-12-06,10.153827967036506,9.006382800070053,11.30533506287024,10.553175,2017-11-26
2017-12-07,10.07281716393484,8.865064485558507,11.251758501919818,10.724946,2017-11-26
2017-12-08,9.959819674970753,8.82299394695612,11.188526694691612,10.809679,2017-11-26
2017-12-09,10.158937334408813,8.94143376438754,11.357948596536877,11.79664,2017-11-26
2017-12-10,10.242378718060829,9.097343655206586,11.404526840167486,11.634221,2017-11-26
2017-12-25,10.15273860519792,9.045118707566338,11.206893646282698,10.153751,2017-12-24
2017-12-26,10.253731707661956,9.035369272144772,11.372625124195254,10.701068,2017-12-24
2017-12-27,10.27308949318831,9.224695717563808,11.419556490219604,10.769567,2017-12-24
2017-12-28,10.413537793673228,9.19321823002057,11.518701724870624,11.498676,2017-12-24
2017-12-29,10.52954914900613,9.428948496188475,11.640146568483763,11.593956,2017-12-24
2017-12-30,10.595059010448395,9.554599762498704,11.677169526447946,12.362346,2017-12-24
2017-12-31,10.739790193436287,9.588749587404081,11.895594605407352,13.058018,2017-12-24
2018-01-01,10.741568402652627,9.640115211505128,11.843706482827837,13.263444,2017-12-24
2018-01-02,10.954933893611338,9.814693821352845,12.016277870110354,12.092671,2017-12-24
2018-01-03,10.814484205499088,9.712027257705136,11.910818655989658,11.130914,2017-12-24
2018-01-04,10.943814375086369,9.801916273572248,12.139999076539516,12.227778,2017-12-24
2018-01-05,10.943292940873231,9.940862033868264,12.132664446240728,11.873303,2017-12-24
2018-01-06,10.880365442345031,9.81766101566761,12.019352686637516,11.110439,2017-12-24
2018-01-07,10.72424339773417,9.606654400136192,11.91772988574516,11.104072,2017-12-24
2018-01-22,11.137243118847795,10.024787264360707,12.263331261649915,10.502976,2018-01-21
2018-01-23,11.07692953685761,9.925763017342613,12.19618343685432,10.731259,2018-01-21
2018-01-24,10.992405807857914,9.862031922922677,12.169874361302151,10.522247,2018-01-21
2018-01-25,10.501924664636334,9.31334934620193,11.538641861659379,10.621023,2018-01-21
2018-01-26,10.593202852274995,9.433548876133665,11.676528866197991,10.955322,2018-01-21
2018-01-28,10.568015268040307,9.391259157387731,11.671526027203749,11.531148,2018-01-21
2018-01-29,10.62577356420148,9.440867459349388,11.745777632952569,11.012189,2018-01-21
2018-01-30,10.504364632934259,9.362462644217521,11.637629294537591,9.971077,2018-01-21
2018-01-31,10.36973441907895,9.203274666587719,11.605054506185489,9.192382,2018-01-21
2018-02-01,10.234268937269317,9.150628072641288,11.383474941840992,9.913214,2018-01-21
2018-02-02,10.318172283483303,9.192208650813438,11.407510829676099,9.609745,2018-01-21
2018-02-03,10.151154096977425,8.991531490072527,11.274384341549077,8.796442,2018-01-21
2018-02-04,10.417760548811934,9.275805791361444,11.488712668167329,8.601132,2018-01-21
2018-02-19,10.378393541725924,9.231007137233298,11.50395834891699,8.922223,2018-02-18
2018-02-20,10.409173994961536,9.305810045416042,11.518625557524691,8.581658,2018-02-18
2018-02-21,10.274050654146173,9.012076854052879,11.413027389320273,8.956215,2018-02-18
2018-02-22,10.31030047675752,9.215864001812186,11.52406142064184,9.766138,2018-02-18
2018-02-23,10.317117562286368,9.10532912402503,11.533077260244022,9.277308,2018-02-18
2018-02-24,10.513655897625487,9.335945784489276,11.741482861538081,8.995623,2018-02-18
2018-02-25,10.644643491838204,9.389475511908097,11.771992952896408,9.994911,2018-02-18
2018-02-26,10.642357696819406,9.420801167633778,11.750642655442716,11.362653,2018-02-18
2018-02-28,10.716799073793073,9.521622073333992,11.857327267047772,12.513329,2018-02-18
2018-03-01,10.65799326391964,9.502302145680044,11.87619655252095,11.715518,2018-02-18
2018-03-02,10.710370739566134,9.568433612790852,11.76099056669138,12.054928,2018-02-18
2018-03-03,10.800692954685834,9.608204237413208,11.949480264728994,12.481152,2018-02-18
2018-03-04,10.897673565842856,9.767944344448914,12.076976232927658,12.188065,2018-02-18
2018-03-19,9.962674785731906,8.923212560751967,11.131793808710198,9.067395,2018-03-18
2018-03-20,9.817368565512902,8.716844972893446,11.042081756883137,8.420951,2018-03-18
2018-03-21,9.696884016941102,8.523270691909396,10.771585382244115,8.457199,2018-03-18
2018-03-22,9.765275863762044,8.647595194044055,10.939269639177526,9.278879,2018-03-18
2018-03-23,9.844002947365892,8.736054860300126,10.929432633314331,9.796923,2018-03-18
2018-03-24,9.831896975563867,8.694914479051478,10.946624610145623,8.904165,2018-03-18
2018-03-25,9.811257090994005,8.677736440759055,11.021644699803442,8.283351,2018-03-18
2018-03-26,9.868686448416835,8.740538776285545,10.933103765819517,8.210761,2018-03-18
2018-03-27,9.84348907949814,8.808469442401046,10.995401686380804,8.519049,2018-03-18
2018-03-28,9.701388976711932,8.527001467185197,10.773631155658915,8.387675,2018-03-18
2018-03-29,9.600660247027255,8.517374911414134,10.675808081266428,8.722991,2018-03-18
2018-03-30,9.569261474651485,8.424232204841182,10.645456511617018,8.314947,2018-03-18
2018-03-31,9.613638719291183,8.579312006805143,10.711670320317143,8.032399,2018-03-18
2018-04-01,9.810165587798428,8.641136833015741,10.906442146711175,6.426156,2018-03-18
2018-04-16,9.011584696908374,7.89816331812326,10.167775623564978,8.61749,2018-04-15
2018-04-17,8.987454673117256,7.9401401837047425,10.187497328067709,9.178772,2018-04-15
2018-04-18,8.984859945988575,7.8164510455997895,10.139363898585254,9.530578,2018-04-15
2018-04-19,8.864003907679745,7.735130126961556,10.088614401668636,8.974005,2018-04-15
2018-04-20,8.683066084492488,7.543750871633698,9.855122504248254,8.683756,2018-04-15
2018-04-21,8.79226892575632,7.742435784904618,9.974565041077591,9.349901,2018-04-15
2018-04-22,8.755563944537261,7.6322712837840925,9.894482426719264,9.844789,2018-04-15
2018-04-23,8.684145094795467,7.60753694869801,9.853064608165424,9.262259,2018-04-15
2018-04-24,8.716780592158695,7.614455994148819,9.85979513356084,9.348578,2018-04-15
2018-04-25,8.577752731563223,7.382625088759148,9.670040779832823,8.434056,2018-04-15
2018-04-26,8.392302014864654,7.217115884653242,9.510874158050656,8.409276,2018-04-15
2018-04-27,8.329890903789007,7.222162377912113,9.452726786342321,8.521885,2018-04-15
2018-04-28,8.494463767462165,7.378991478963181,9.64517086480168,8.696838,2018-04-15
2018-04-29,8.521132527079613,7.36953962917805,9.613516392919296,8.603825,2018-04-15
2018-05-14,7.966295510203522,6.867543189309678,9.18488775401608,7.186371,2018-05-13
2018-05-15,7.843131799755244,6.723834063074886,8.90693949073764,6.243087,2018-05-13
2018-05-16,7.790685622634848,6.660275243430322,8.922732426300568,7.129592,2018-05-13
2018-05-17,7.663679492375798,6.638285321594003,8.683769738290348,6.620656,2018-05-13
2018-05-18,7.835243810167208,6.726731543882983,8.951288155308232,6.572159,2018-05-13
2018-05-19,7.767532192240198,6.661728208240156,8.915792319613924,7.126959,2018-05-13
2018-05-20,7.689732296776444,6.559676073046981,8.831819933246877,6.403056,2018-05-13
2018-05-21,7.998955328409131,6.899171349718115,9.16705991258351,6.576652,2018-05-13
2018-05-22,7.887215184773731,6.752833332113717,9.05745554106438,6.446263,2018-05-13
2018-05-23,7.766723119088401,6.673907120334613,8.943762607861606,6.436648,2018-05-13
2018-05-24,7.619268900852918,6.507374049341921,8.780784046476247,6.19423,2018-05-13
2018-05-25,7.602604082898251,6.510510904743108,8.710337478822241,6.198084,2018-05-13
2018-05-26,7.774944255053145,6.659922798594791,8.876204439420906,6.071843,2018-05-13
2018-05-27,7.816799883114268,6.605560163888843,8.968802997681546,7.063455,2018-05-13
2018-06-11,7.452537019359998,6.416825535119038,8.556138557709202,8.143359,2018-06-10
2018-06-12,7.388849012914434,6.332578844805431,8.58092880001549,8.337612,2018-06-10
2018-06-13,7.237162988307293,5.993242973016087,8.408237512156,8.178975,2018-06-10
2018-06-14,7.141728489836901,6.079915612553176,8.319784256586852,7.825382,2018-06-10
2018-06-15,7.040984138120078,5.919001312248293,8.23973697737602,7.867848,2018-06-10
2018-06-16,7.064724066235426,5.918644959422702,8.201068281008112,7.802011,2018-06-10
2018-06-17,7.124898448781384,5.995977023749797,8.266118300025393,7.923317,2018-06-10
2018-06-18,7.113211597372864,6.0063631761756575,8.163402135952278,7.558015,2018-06-10
2018-06-19,7.031423175166422,5.92690491868594,8.177329075851583,7.52133,2018-06-10
2018-06-20,7.270335215262296,6.151244735799229,8.40956419447959,7.665139,2018-06-10
2018-06-21,7.110951502029225,5.952892640931209,8.296072564127735,7.343043,2018-06-10
2018-06-22,7.28851452524275,6.138074965786994,8.374667374283213,7.390871,2018-06-10
2018-06-23,7.293864630171082,6.168675890816218,8.322440585161683,7.560837,2018-06-10
2018-06-24,7.3578163570578505,6.204839959095584,8.39470702792057,7.342028,2018-06-10
2018-07-09,7.620836662140217,6.46671039417277,8.772059282771947,8.863145,2018-07-08
2018-07-10,7.646038077614566,6.4742974799436634,8.687691867302082,8.892503,2018-07-08
2018-07-11,7.678348892181141,6.505049738370807,8.779918013967372,9.039157,2018-07-08
2018-07-12,7.651935396627235,6.525438737038765,8.845144073891438,9.145859,2018-07-08
2018-07-13,7.462897276372985,6.40923494183902,8.577009033281167,8.180086,2018-07-08
2018-07-14,7.427681598672038,6.245456037895049,8.52668032895694,8.029211,2018-07-08
2018-07-15,7.526242652377465,6.332452286354848,8.659800801317932,8.225582,2018-07-08
2018-07-16,7.64131405897943,6.579613393903687,8.78512933738912,8.317882,2018-07-08
2018-07-17,7.429147294323582,6.214384998203081,8.577310092047924,7.126556,2018-07-08
2018-07-18,7.473828713922117,6.29501908013961,8.646002626427752,7.563064,2018-07-08
2018-07-19,7.392699055093133,6.295038041526867,8.411074288746274,7.50643,2018-07-08
2018-07-20,7.151233404988622,6.019123683010478,8.316609172842739,7.302107,2018-07-08
2018-07-21,7.206877995436389,5.992502456991551,8.3679070853562,7.463689,2018-07-08
2018-07-22,7.138294868792611,6.07101148662384,8.313159018199679,7.449741,2018-07-08
2018-08-06,7.615680664046325,6.441047274617321,8.802214566178542,8.536475,2018-08-05
2018-08-07,7.656543647800512,6.458531062162786,8.842532066155174,8.070475,2018-08-05
2018-08-08,7.662518023929832,6.510507892511774,8.73289618080742,7.988744,2018-08-05
2018-08-09,7.645326507924307,6.473164910693942,8.766563734872848,7.768633,2018-08-05
2018-08-11,7.79904362128056,6.61070585342859,8.865191083097839,7.506768,2018-08-05
2018-08-12,7.536608848827324,6.324820600012731,8.668763759390266,7.387914,2018-08-05
2018-08-13,7.5508037318046854,6.410296791112251,8.713657540478208,7.648241,2018-08-05
2018-08-14,7.453268695271838,6.372679425872881,8.624248852508611,7.666123,2018-08-05
2018-08-15,7.373052491017443,6.282525319698277,8.4738147692055,6.958387,2018-08-05
2018-08-16,7.521544173083882,6.37243734696836,8.676324859206911,7.628833,2018-08-05
2018-08-17,7.433680561302777,6.190261396273756,8.614861845370665,7.462255,2018-08-05
2018-08-18,7.24630784456172,6.082280870356367,8.40476373681348,7.300359,2018-08-05
2018-08-19,7.342126358729146,6.2349153439786456,8.48905104536103,7.187093,2018-08-05
2018-09-03,7.4083441217719415,6.2823655067885955,8.641333400380521,7.328989,2018-09-02
2018-09-04,7.547419711649782,6.34954822369846,8.650342891695114,6.835911,2018-09-02
2018-09-05,7.556905663320236,6.433321024256167,8.722293017960496,7.874377,2018-09-02
2018-09-06,8.018684023240407,6.7932556807742825,9.184200581202521,8.589186,2018-09-02
2018-09-07,7.927384127454871,6.869164579712504,9.070907480385515,7.51038,2018-09-02
2018-09-08,7.8167414523276815,6.65815426986611,8.986703577265446,7.335801,2018-09-02
2018-09-09,7.699386475460592,6.587708962247837,8.78910693915244,7.874141,2018-09-02
2018-09-10,7.646392378839499,6.45252483201662,8.802292321157699,7.430578,2018-09-02
2018-09-11,7.587820428387122,6.4213761347364,8.76525413407187,8.323464,2018-09-02
2018-09-12,7.725157605041654,6.513852983578214,8.861935541043772,8.739258,2018-09-02
2018-09-14,7.629615469987905,6.497274838372965,8.848760238602505,9.2271,2018-09-02
2018-09-15,7.832849968515529,6.759792548560276,8.9951980833716,9.316725,2018-09-02
2018-09-16,7.762114687312091,6.576016994480053,8.932473687252513,8.667378,2018-09-02
2018-10-01,7.694100952755882,6.59568234939037,8.816191620783,7.292934,2018-09-30
2018-10-02,7.699612379395456,6.521363556633324,8.7464003937866,7.988669,2018-09-30
2018-10-03,7.741086599432297,6.56477800356336,8.903208084093794,8.340993,2018-09-30
2018-10-04,7.7142774263495895,6.637084905794578,8.799030691638446,7.921987,2018-09-30
2018-10-05,7.5957325293814,6.415516040648223,8.676422442592237,7.835876,2018-09-30
2018-10-06,7.5854749636206735,6.485594761264482,8.810580244113543,8.421799,2018-09-30
2018-10-07,7.654514449369316,6.513668760123207,8.757809706668645,8.549156,2018-09-30
2018-10-08,7.8115502245221595,6.67087945754166,8.951727754134781,8.466014,2018-09-30
2018-10-09,7.8161126844080435,6.638921920267445,9.08003424179843,9.187014,2018-09-30
2018-10-11,7.970173773935699,6.81620228737952,9.183420649688328,9.187734,2018-09-30
2018-10-12,8.005686193181221,6.911661154457902,9.172937786098133,9.003579,2018-09-30
2018-10-13,7.937336165688634,6.80273925394862,9.12355560221654,9.209221,2018-09-30
2018-10-29,8.507210174813189,7.292466854928774,9.706982179570925,7.632876,2018-10-28
2018-10-30,8.261271694388096,6.988131839491297,9.3759800747042,7.708521,2018-10-28
2018-10-31,8.167119575223083,6.948011780207246,9.32461974539065,7.982194,2018-10-28
2018-11-01,8.438911550273547,7.260169037141169,9.58259096325762,8.023255,2018-10-28
2018-11-02,8.442047902404331,7.265437287141196,9.550103730208981,8.457804,2018-10-28
2018-11-04,8.261741656655584,7.095343247876567,9.481098016191835,8.696362,2018-10-28
2018-11-05,8.305186305829558,7.11252249801304,9.48833574265805,8.809162,2018-10-28
2018-11-06,8.291954781058452,7.061285190603605,9.446575842236237,9.209418,2018-10-28
2018-11-07,8.24944486445746,7.120956604850366,9.41465543093294,8.611109,2018-10-28
2018-11-08,8.318595232166096,7.1833528477564705,9.425747304765997,8.653771,2018-10-28
2018-11-09,8.459139960856126,7.278834260224516,9.626158271712654,10.22192,2018-10-28
2018-11-10,8.319364808510528,7.112153326330364,9.410653077989728,10.102029,2018-10-28
2018-11-11,8.206969630092084,7.134301937292076,9.443607217920599,9.124501,2018-10-28
2018-11-26,8.822237907074896,7.7155037175384935,9.921615104731872,8.374094,2018-11-25
2018-11-27,8.989665918078535,7.931255169745777,10.053632327849552,9.048515,2018-11-25
2018-11-28,8.98619797228506,7.881587276896234,10.196644321692734,8.964294,2018-11-25
2018-11-29,8.92117832741413,7.821264279483368,10.084776736101414,8.803974,2018-11-25
2018-11-30,9.075328564478182,7.986239969651967,10.179976757257737,9.27977,2018-11-25
2018-12-01,9.26641920841429,8.127124063555595,10.528126569117383,9.245129,2018-11-25
2018-12-02,9.144802272063512,7.990480706808765,10.357349707500328,9.281756,2018-11-25
2018-12-03,9.202883345276668,8.093902021329347,10.274583049786363,9.347362,2018-11-25
2018-12-04,9.087617818061167,8.008771685408174,10.221843403846918,9.586295,2018-11-25
2018-12-05,9.062977735737691,8.017600335506085,10.274568051024817,7.868697,2018-11-25
2018-12-06,9.267360852415667,8.227396703822173,10.5026950758406,7.492245,2018-11-25
2018-12-07,9.245118920473459,8.107035211819626,10.363652799209785,8.092259,2018-11-25
2018-12-08,9.2735009156425,8.095340194877231,10.484889232835092,8.487794,2018-11-25
2018-12-09,9.489755347758175,8.335022692516844,10.641624204525597,9.266869,2018-11-25
2018-12-25,9.930753548826543,8.825651364385125,11.123978591648335,10.608867,2018-12-23
2018-12-26,10.057369695793463,8.858880258264536,11.104230870886983,9.05182,2018-12-23
2018-12-27,10.138585876193808,9.022683634294076,11.299781480152399,8.018933,2018-12-23
2018-12-28,10.039211479958816,8.917774941720388,11.189879048783697,8.960072,2018-12-23
2018-12-30,10.194959811980915,8.988591043734909,11.28155762269868,9.473731,2018-12-23
2018-12-31,10.12863680685187,9.006470465643153,11.253715479230737,10.076265,2018-12-23
2019-01-01,10.113275675661376,8.962201695888886,11.187493220908463,10.967164,2018-12-23
2019-01-02,10.076710114979702,8.911498691476714,11.190040492437365,10.158581,2018-12-23
2019-01-04,10.100354478557753,9.048951133452023,11.202050789657806,10.744441,2018-12-23
2019-01-05,10.417787497019171,9.207623148469933,11.635110745257233,12.258124,2018-12-23
2019-01-06,10.471854943491,9.322945430708243,11.6095870889885,11.616879,2018-12-23
2019-01-21,11.152919473940853,10.028859242216283,12.363044037491553,10.487324,2019-01-20
2019-01-22,11.149988156698143,9.979968597408206,12.219720414277216,11.795597,2019-01-20
2019-01-23,11.115573380699203,10.02795767689667,12.30979102963971,11.944261,2019-01-20
2019-01-24,10.998541541930386,9.907508263563908,12.117692097898146,12.077064,2019-01-20
2019-01-25,10.968547598489184,9.826530542037462,12.12282637382949,13.134792,2019-01-20
2019-01-26,10.901839830365914,9.828926673122425,12.110873244685688,12.401728,2019-01-20
2019-01-27,10.884978984991116,9.728260235610206,12.018390834719236,12.349019,2019-01-20
2019-01-28,10.995825165462518,9.80538580448924,12.101631732861298,12.056855,2019-01-20
2019-01-29,11.051459768233157,9.898612952624054,12.183615387907322,11.882428,2019-01-20
2019-01-30,10.98523107406641,9.7946286669469,12.111238782983623,11.051112,2019-01-20
2019-01-31,10.934518565762083,9.749998176186313,12.027207929528313,11.177764,2019-01-20
2019-02-01,11.01128454913935,9.90757011138058,12.10214458917495,11.371812,2019-01-20
2019-02-02,10.867738583958406,9.85701939086169,12.06383399710399,11.499431,2019-01-20
2019-02-03,11.010853949309102,9.833545117422391,12.198779032917749,10.557207,2019-01-20
2019-02-18,10.773076001053347,9.658808453575901,11.908921365052834,10.104418,2019-02-17
2019-02-19,10.788494437251492,9.608321998273682,11.861874296780002,9.52605,2019-02-17
2019-02-20,10.810923562898028,9.61627543640467,11.87763669428867,9.148331,2019-02-17
2019-02-21,10.697985386878203,9.538683817353148,11.772950575077846,8.946169,2019-02-17
2019-02-23,10.895906699311967,9.816281061377431,12.167184193391833,8.404381,2019-02-17
2019-02-24,10.981244709578688,9.78580575776368,12.173074038150123,7.745599,2019-02-17
2019-02-25,11.057798249066828,9.976744272186973,12.132508122275468,7.380793,2019-02-17
2019-02-26,10.999094208812224,9.806198760671037,12.084349144961422,8.962952,2019-02-17
2019-02-27,10.859627632141407,9.78216256138603,12.0305461107376,9.59146,2019-02-17
2019-02-28,10.744398259570065,9.718890421084044,11.90240252352538,8.580931,2019-02-17
2019-03-01,10.650310626610212,9.477799188978226,11.798263861602164,8.695551,2019-02-17
2019-03-02,10.613669184813158,9.403292349265438,11.685185753918269,8.815217,2019-02-17
2019-03-03,10.577545732636903,9.434851574846453,11.736457249344033,8.877498,2019-02-17
2019-03-18,10.292224206540192,9.189940177548122,11.436034164512623,9.580202,2019-03-17
2019-03-19,10.064634533746919,8.96879918577512,11.284378607465264,10.666265,2019-03-17
2019-03-20,10.053102068977676,8.84006670694656,11.213474998405065,10.465112,2019-03-17
2019-03-21,9.88596079493115,8.719728534678287,10.97262398289623,10.64701,2019-03-17
2019-03-22,9.932723192000928,8.758660874909857,11.030697546627811,10.808424,2019-03-17
2019-03-23,9.838305893067371,8.75210857077423,10.841623994203841,10.777554,2019-03-17
2019-03-24,9.824047810351534,8.66760899123914,10.926756209901692,10.389228,2019-03-17
2019-03-25,9.596630667507231,8.497670341280834,10.786703669422216,10.14765,2019-03-17
2019-03-26,9.680940108241925,8.60530548022231,10.866165677075008,10.246748,2019-03-17
2019-03-27,9.624565231405823,8.529429173583274,10.75769348822676,10.17059,2019-03-17
2019-03-28,9.540543363622536,8.470064572995597,10.70270151408767,9.203291,2019-03-17
2019-03-29,9.231507143968024,8.086513699587911,10.331377027537977,8.318531,2019-03-17
2019-03-30,9.313299118112965,8.079230504734598,10.470085395412365,7.544325,2019-03-17
2019-03-31,9.426922743779036,8.232029632405128,10.510776062277408,7.773523,2019-03-17
2019-04-15,9.527631735998183,8.376876743939777,10.672963076473309,10.20084,2019-04-14
2019-04-16,9.475839339554678,8.266876222980889,10.649033805093433,8.778595,2019-04-14
2019-04-17,9.568172269858115,8.500538681616588,10.727662720147052,8.820473,2019-04-14
2019-04-19,9.378886028162263,8.203496587740887,10.58917062659749,9.652074,2019-04-14
2019-04-20,9.428788207113515,8.24409628741208,10.578485134902847,9.553541,2019-04-14
2019-04-21,9.22920846178138,8.071576304632575,10.420697516569037,8.52444,2019-04-14
2019-04-22,9.158508043011025,8.001359786007734,10.318345592708623,8.754524,2019-04-14
2019-04-23,9.009129621910482,7.85030364778569,10.136223088805732,8.99659,2019-04-14
2019-04-24,8.993613221109332,7.886245562108025,10.154350670436205,8.699644,2019-04-14
2019-04-25,8.890725572523069,7.767467717661191,10.13640847640956,9.312975,2019-04-14
2019-04-26,8.863536864099148,7.669575203219524,10.077983673462983,9.08937,2019-04-14
2019-04-27,8.969360272376903,7.838498966843367,10.176826935884328,8.275908,2019-04-14
2019-04-28,8.905759381799712,7.728493057622071,10.028812945345353,7.057789,2019-04-14
2019-05-13,8.114250350018407,7.026401005633156,9.211100418249249,8.090319,2019-05-12
2019-05-14,7.922445461204653,6.82392875030068,9.027846988220299,7.11421,2019-05-12
2019-05-15,8.0278221936669,6.932743977377264,9.157316392365649,6.686905,2019-05-12
2019-05-16,8.037327915968993,6.834564702019084,9.042310480351615,6.628614,2019-05-12
2019-05-17,7.734435573201684,6.5843011324638,8.82748154608961,6.589291,2019-05-12
2019-05-18,7.757033954240168,6.644437941711269,8.84379671727056,6.687722,2019-05-12
2019-05-19,7.835074621573007,6.6899944668611235,8.963110233611234,6.939774,2019-05-12
2019-05-20,7.662770514359433,6.453565068994819,8.76006182875084,6.997492,2019-05-12
2019-05-21,7.619854811613923,6.550342379321755,8.77317919460809,6.995795,2019-05-12
2019-05-22,7.425389883880663,6.317665638742067,8.556695605449228,6.826363,2019-05-12
2019-05-23,7.905155303107515,6.736164730809502,9.025196699945521,6.648885,2019-05-12
2019-05-24,7.866345048307064,6.777725111060518,8.999810236092198,6.143867,2019-05-12
2019-05-25,7.80742347909408,6.7950154799536095,8.942621705752858,6.864923,2019-05-12
2019-06-10,7.525392167411446,6.4249673124126785,8.643701516885459,7.736934,2019-06-09
2019-06-11,7.432245548139993,6.334678149956974,8.584974351947071,7.213319,2019-06-09
2019-06-12,7.338498715538399,6.235296079229927,8.531828171193625,6.688163,2019-06-09
2019-06-13,7.2763203540265575,6.189974903796605,8.355913050240632,6.558356,2019-06-09
2019-06-14,7.163715279891357,5.995903580529917,8.328589806778227,6.955407,2019-06-09
2019-06-15,7.245383104980813,6.049142952243359,8.306043324642644,7.195038,2019-06-09
2019-06-16,7.267940822069413,6.188821740914847,8.421823401131226,7.098397,2019-06-09
2019-06-17,7.135158690264647,5.948099918763696,8.251449183496982,7.049352,2019-06-09
2019-06-18,7.141952437217128,6.006086921206858,8.29045100751138,7.238675,2019-06-09
2019-06-19,7.3116527585985995,6.161184317864446,8.508391629133566,7.443875,2019-06-09
2019-06-20,6.945869832361533,5.798484082439181,8.085825029493476,6.913962,2019-06-09
2019-06-21,7.116656894299753,6.013138548447294,8.320248087610272,7.132169,2019-06-09
2019-06-22,7.0799517198130975,5.977213888695517,8.260739392411724,6.379632,2019-06-09
2019-06-23,7.114909100188068,6.029860481535159,8.30048843598096,6.111288,2019-06-09
2019-07-08,7.288805761303815,6.2401168673476475,8.461532820077284,7.90388,2019-07-07
2019-07-10,7.394109874472665,6.2870047406816365,8.560624313195856,7.431557,2019-07-07
2019-07-11,7.451424534307768,6.332394407410733,8.5214370258151,7.203876,2019-07-07
2019-07-12,7.672500341085705,6.54238027683483,8.834500275094815,7.930265,2019-07-07
2019-07-13,7.746184965685506,6.587649250298392,8.775936133929,8.226948,2019-07-07
2019-07-14,7.678453652769941,6.425696952929897,8.806001922030308,7.353151,2019-07-07
2019-07-15,7.5939250140426315,6.48742142848294,8.835890238436997,7.579879,2019-07-07
2019-07-16,7.537350091825603,6.344654162892861,8.689361622400046,7.610537,2019-07-07
2019-07-17,7.597801502895864,6.508170436840261,8.742382054710545,7.352228,2019-07-07
2019-07-19,7.577784337741942,6.441348871429336,8.664556687476189,7.511823,2019-07-07
2019-07-20,7.513448700330072,6.350654304912841,8.630233946164665,7.547449,2019-07-07
2019-07-21,7.6469598368266585,6.4772199694689965,8.747423026607649,7.626273,2019-07-07
2019-08-05,7.668655943531583,6.5595011825079,8.824675214544316,8.449031,2019-08-04
2019-08-06,7.740139021434552,6.637020437899806,8.883794302053335,8.754782,2019-08-04
2019-08-07,7.621413338579519,6.408975714141045,8.731722418773975,7.941336,2019-08-04
2019-08-08,7.879219707217294,6.786689513953183,8.963753843927183,7.657539,2019-08-04
2019-08-09,8.029287322627589,6.9121117378304735,9.178133097446523,7.458878,2019-08-04
2019-08-10,8.08036971543717,7.002513346951563,9.220122860114422,7.548861,2019-08-04
2019-08-11,8.174161462798379,7.002495600267481,9.349805419765204,7.229379,2019-08-04
2019-08-12,8.060675315249046,6.955445923345151,9.220127249779996,6.673821,2019-08-04
2019-08-13,8.067842533112943,6.960113482890073,9.249562384067264,6.63159,2019-08-04
2019-08-14,7.898464701998412,6.741139310905899,8.977798776861881,6.193895,2019-08-04
2019-08-15,7.792371382601564,6.653896535765104,8.990966579219823,6.227785,2019-08-04
2019-08-16,7.98843855023877,6.861312099028974,9.146504268886144,6.096993,2019-08-04
2019-08-17,7.880149193100211,6.916176818363168,9.113973497617042,7.213764,2019-08-04
2019-08-18,7.743643467587864,6.570667699045473,8.95956883203503,6.487372,2019-08-04
2019-09-02,7.506942579565401,6.403225704895376,8.629065120563071,7.632094,2019-09-01
2019-09-03,7.50337383135313,6.341544622870274,8.605944436030912,6.995983,2019-09-01
2019-09-04,7.781058569464522,6.665319711399365,8.915716324911415,7.559366,2019-09-01
2019-09-05,7.8236319634657425,6.697722999584214,8.959494782029125,7.381013,2019-09-01
2019-09-06,7.842813038924087,6.718498357288701,9.009121877816584,7.689835,2019-09-01
2019-09-07,7.619418575830818,6.4877907884436805,8.837921260563858,7.603467,2019-09-01
2019-09-08,7.688822211376888,6.497948998585195,8.819287574104903,7.171209,2019-09-01
2019-09-09,7.866128894717106,6.782880636625067,9.00118186713751,7.003579,2019-09-01
2019-09-10,7.801833332947373,6.594944791593173,8.990425279301832,7.407581,2019-09-01
2019-09-11,7.649734893501266,6.6241938802631655,8.809201512096447,6.729327,2019-09-01
2019-09-12,8.009417392124675,6.835827723277677,9.095504018626295,6.782062,2019-09-01
2019-09-13,8.006156743813055,6.874807018273689,9.034420379436858,6.523549,2019-09-01
2019-09-14,7.933025251729003,6.837580932869542,9.095755320443327,7.031985,2019-09-01
2019-09-15,7.746673883837266,6.623320074915502,8.79351680193147,7.164979,2019-09-01
2019-09-30,7.924081098741403,6.735409596836132,9.03308006320428,8.429049,2019-09-29
2019-10-01,8.027243559641855,6.934447986388462,9.213128892512925,7.995687,2019-09-29
2019-10-02,7.94274699982891,6.747074433773707,9.123743197698916,8.497146,2019-09-29
2019-10-03,8.151393381617991,7.054796330431362,9.302524169879359,8.617734,2019-09-29
2019-10-05,8.172348262024242,6.988810610252298,9.229857291882842,8.348632,2019-09-29
2019-10-06,8.248366963258784,7.155110005849117,9.33938945212059,9.722367,2019-09-29
2019-10-07,8.381600859923184,7.233601783911874,9.46478246617198,9.632666,2019-09-29
2019-10-08,8.393635858178502,7.174338950336719,9.549872180889931,8.769756,2019-09-29
2019-10-10,8.252473122860588,7.094892443805568,9.425027617567368,8.429356,2019-09-29
2019-10-11,8.20863874598805,6.9608781380915135,9.324317673445785,8.412933,2019-09-29
2019-10-12,8.046924782360005,6.884098588051373,9.142331276006143,8.255226,2019-09-29
2019-10-13,8.081263947195245,7.040659817472392,9.269362548475225,8.826558,2019-09-29
2019-10-28,9.170776094690229,8.051679451385565,10.321534648144793,9.171392,2019-10-27
2019-10-29,9.11362578945913,7.893394161562214,10.354558787451232,9.237684,2019-10-27
2019-10-30,9.010195759086919,7.9041640824288955,10.289931983778812,9.087314,2019-10-27
2019-10-31,9.181273769669588,8.003975815546406,10.294617356156465,9.056158,2019-10-27
2019-11-01,9.487228915018306,8.365943683930329,10.773793735903867,8.48797,2019-10-27
2019-11-02,9.319644180635114,8.185092155802037,10.526117625935532,8.888916,2019-10-27
2019-11-03,9.330416296355034,8.177563979517393,10.456709569006643,8.446337,2019-10-27
2019-11-04,9.259945937213464,8.187801305112712,10.468304694539395,8.158707,2019-10-27
2019-11-05,9.21163326052333,8.042890675326039,10.407813874677233,8.309943,2019-10-27
2019-11-06,8.986770242022,7.8999116950018395,10.197513771101843,8.316359,2019-10-27
2019-11-07,8.859053706359276,7.646003699461999,9.913182642398818,8.217021,2019-10-27
2019-11-08,8.997343130750068,7.958215683263913,10.152812549437648,8.8142,2019-10-27
2019-11-09,9.041881437144415,7.917275709802459,10.223345018453713,8.524381,2019-10-27
2019-11-10,8.918787119447801,7.827624998580793,10.09779713008889,8.277005,2019-10-27
2019-11-25,9.711061409078066,8.577900547948698,10.848220642823117,9.48783,2019-11-24
2019-11-26,9.895096749988273,8.60412752805222,11.157245000235028,9.260247,2019-11-24
2019-11-27,9.670644933147704,8.600708740541775,10.856382018442082,9.096863,2019-11-24
2019-11-28,9.941390055438125,8.80178864068351,11.151817047092994,9.957804,2019-11-24
2019-11-29,9.985349038321196,8.975996193390142,11.185883798057192,9.821026,2019-11-24
2019-11-30,10.27517298505259,9.22957644087046,11.436839548713348,9.907761,2019-11-24
2019-12-01,10.210663249361797,9.072654751210676,11.425746210006533,10.289381,2019-11-24
2019-12-02,9.881906919933773,8.780751197116729,11.021097191397125,10.106702,2019-11-24
2019-12-03,10.14583061987752,8.948407126926606,11.233057623684248,11.429692,2019-11-24
2019-12-04,10.194695916575455,9.069402858355112,11.358336604330319,11.350063,2019-11-24
2019-12-05,10.123839638364553,9.00964110893554,11.31056002530891,10.87678,2019-11-24
2019-12-06,10.206772987777397,9.047254227053651,11.279060530198327,11.518348,2019-11-24
2019-12-07,10.242332291837988,9.207437890336188,11.482185282396685,12.109461,2019-11-24
2019-12-08,10.174541637495121,8.95774341598115,11.406857500781381,11.451624,2019-11-24
2019-12-23,10.367985801604513,9.299469514962242,11.609247567807826,10.01415,2019-12-22
2019-12-24,10.186521515664802,9.136306983815217,11.32762938535866,10.068046,2019-12-22
2019-12-25,10.098670987350058,8.980998997218501,11.27348649407521,9.130246,2019-12-22
2019-12-27,9.957742491693754,8.698391069706995,11.028634228588281,8.625337,2019-12-22
2019-12-28,9.859380508031538,8.806424965842778,10.949799608401205,8.724237,2019-12-22
2019-12-29,10.023694009977334,8.84780873600016,11.14853371034885,8.783379,2019-12-22
2019-12-31,10.082173116996735,8.915063241666711,11.177993529727797,9.329906,2019-12-22
2020-01-01,10.11592959235123,8.988630894874563,11.220869584205325,10.29968,2019-12-22
2020-01-02,10.390476313900798,9.320358263143065,11.571855440144336,10.228273,2019-12-22
2020-01-03,10.539964608107168,9.387781369992997,11.6610811862042,10.855673,2019-12-22
2020-01-04,10.619737456339703,9.526334370091565,11.71314898927189,10.657959,2019-12-22
2020-01-05,10.741056362526786,9.662526476639215,11.758311793523804,9.955758,2019-12-22
2020-01-21,10.75225149224254,9.639322960069263,11.87400429689428,8.902278,2020-01-19
2020-01-22,10.63783744672352,9.499148337995265,11.915979104044036,9.901692,2020-01-19
2020-01-23,10.696089640474321,9.705398011492461,11.864728295246035,10.691942,2020-01-19
2020-01-24,10.805396057887442,9.612760193906203,11.898250327436049,10.271897,2020-01-19
2020-01-25,10.665753985460693,9.45199608516974,11.79921648093629,10.855557,2020-01-19
2020-01-26,10.644008649303952,9.494132129024493,11.68240573463889,10.795866,2020-01-19
2020-01-27,10.711757689937427,9.546540653589581,11.804391617008575,11.847193,2020-01-19
2020-01-28,10.52759173516888,9.425480721031173,11.631720608476066,11.363536,2020-01-19
2020-01-29,10.56404155632117,9.425786932258998,11.719513462756039,11.059676,2020-01-19
2020-02-20,10.3590168218777,9.192849283447538,11.437158955223403,10.866723,2020-02-16
2020-02-21,10.524770244268652,9.374525734748934,11.667838381843374,11.920339,2020-02-16
2020-02-22,10.547854886698511,9.450891302364298,11.664925230087029,12.864846,2020-02-16
2020-02-23,10.496185645827946,9.30801276335082,11.71187289464618,12.754279,2020-02-16
2020-02-24,10.784951144513714,9.659964337714968,11.831339829485515,13.080026,2020-02-16
2020-03-17,10.359739479049635,9.231553223660098,11.438991154873131,11.920952,2020-03-15
2020-03-18,10.290226281309096,9.085656446720478,11.524746218653057,11.351563,2020-03-15
2020-03-19,10.263123839028479,9.148275836369919,11.376435187874112,10.785727,2020-03-15
2020-03-20,10.370026557077338,9.294481399067449,11.520612859185503,12.332964,2020-03-15
2020-03-21,10.419384807621741,9.288573695021524,11.444870341488619,12.45763,2020-03-15
2020-03-22,10.427069092778359,9.331021325173866,11.578882658765918,12.122814,2020-03-15
2020-03-23,10.194355469253379,9.039391298711697,11.308272119129331,12.040565,2020-03-15
2020-03-24,10.19626610761122,9.150380383025327,11.306451587448297,12.68673,2020-03-15
2020-03-25,10.243088569856509,9.16694621091599,11.407868034804826,11.935755,2020-03-15
2020-03-26,9.97307667479015,8.873721814429326,11.200743490889295,11.121875,2020-03-15
2020-03-27,9.946423730982659,8.800983935924862,11.076628359708293,10.86233,2020-03-15
2020-03-28,10.061076822394716,8.941284476361378,11.175628422545877,11.308636,2020-03-15
2020-03-29,9.983245148918488,8.848275293771486,11.062238336606702,11.597282,2020-03-15
2020-04-13,8.533596787665513,7.446561170680053,9.716229493791815,8.798584,2020-04-12
2020-04-14,8.453529953875968,7.306440292500124,9.562212520134427,8.348989,2020-04-12
2020-04-15,8.392670735485774,7.277665624629802,9.590276743877263,7.159258,2020-04-12
2020-04-16,8.472207292211362,7.342156111407936,9.61051424400332,7.892305,2020-04-12
2020-04-17,8.781864475007177,7.6224271740515155,9.840724073268671,8.796012,2020-04-12
2020-04-18,8.754401037729611,7.667973773729027,9.872754664100068,9.068575,2020-04-12
2020-04-19,8.678493499571063,7.536629489821637,9.84360364096931,8.256381,2020-04-12
2020-04-20,8.588784660650006,7.439313050840929,9.671293178605747,8.096401,2020-04-12
2020-04-21,8.619246993814944,7.397622475342542,9.629056352944708,8.303903,2020-04-12
2020-04-22,8.412978181794807,7.205886964954388,9.543986374359296,7.959651,2020-04-12
2020-04-23,8.570026446896032,7.437769821326625,9.70122897321084,8.473318,2020-04-12
2020-04-24,8.533835035844035,7.398955046837859,9.652654241150351,8.08222,2020-04-12
2020-04-25,8.435999111947945,7.321978781364648,9.57620726278727,8.024927,2020-04-12
2020-04-26,8.48337308644612,7.327346607671103,9.667617378930382,7.698067,2020-04-12
2020-05-11,8.16376055336574,7.073494021550846,9.308164747346579,9.176608,2020-05-10
2020-05-12,8.192243012033206,7.005354158971387,9.432687020468359,8.498777,2020-05-10
2020-05-13,7.997965340221472,6.8176474146337025,9.076869648693325,8.345368,2020-05-10
2020-05-14,7.85479293590115,6.758293961679433,8.948870908344636,7.491607,2020-05-10
2020-05-15,7.955462479928981,6.80925528955379,9.086249083222583,7.786813,2020-05-10
2020-05-16,7.954030802059379,6.761528238342371,9.045308023578004,8.459802,2020-05-10
2020-05-17,7.971611462469823,6.935264727033668,9.1988277506041,7.348869,2020-05-10
2020-05-18,7.959030375740296,6.897239651367546,9.056052478587981,7.62768,2020-05-10
2020-05-19,7.887747187915345,6.700459777520776,9.121831252423666,8.250198,2020-05-10
2020-05-20,7.89570973287421,6.714139964819786,9.081407136014578,7.52958,2020-05-10
2020-05-21,7.652565260773283,6.4976910973558555,8.782154659574985,7.331571,2020-05-10
2020-05-22,7.696300081337488,6.547538091291055,8.758088927802524,7.395686,2020-05-10
2020-05-23,7.6130533293875295,6.452033386518301,8.711467936979817,6.396224,2020-05-10
2020-05-24,7.497821571237936,6.422136715295579,8.610506595840945,7.24415,2020-05-10
2020-06-08,7.987151181660805,6.846448065131165,9.089390568374295,7.457676,2020-06-07
2020-06-09,7.800873920332557,6.62693717315942,8.981218868700413,7.42507,2020-06-07
2020-06-10,7.35862647010586,6.213354522381828,8.480822988557549,7.170443,2020-06-07
2020-06-11,7.244779901997848,6.187831683946003,8.389181743254554,7.333028,2020-06-07
2020-06-12,7.337461040373194,6.210219228363352,8.40431503238258,7.637207,2020-06-07
2020-06-13,7.442981584362067,6.24928951117452,8.606417190976979,7.813926,2020-06-07
2020-06-14,7.350727094336619,6.227071176238371,8.415803736166168,7.87984,2020-06-07
2020-06-15,7.46499913614539,6.217874327475567,8.518216275233126,7.849473,2020-06-07
2020-06-16,7.287832207134752,6.1114130851225426,8.43228947649759,7.879098,2020-06-07
2020-06-17,7.3721950986314315,6.298415294710189,8.588978389247867,8.432153,2020-06-07
2020-06-18,7.15399403206136,6.027616308471958,8.29085749676272,8.768986,2020-06-07
2020-06-19,7.1459651064676954,5.954160106889312,8.266968966862635,8.945054,2020-06-07
2020-06-20,7.232407390163158,6.107832331994021,8.42045661701709,9.431507,2020-06-07
2020-06-21,7.155673261728545,6.0236047406917725,8.303521838916355,8.234184,2020-06-07
2020-07-06,7.263699421304474,6.159322353430278,8.385705193537001,7.16877,2020-07-05
2020-07-07,7.148865486019743,5.978930049480427,8.314145330556402,6.401332,2020-07-05
2020-07-08,6.994321677235895,5.8301723452786645,8.074421553429874,6.669051,2020-07-05
2020-07-09,7.108321441130769,6.018947698544853,8.224281096384702,6.930394,2020-07-05
2020-07-10,7.470957445641913,6.395378374111438,8.572206513665579,6.978159,2020-07-05
2020-07-11,7.558340088555397,6.515202812543956,8.746840328190078,6.812612,2020-07-05
2020-07-12,7.606449882257874,6.37749514272324,8.72887913818839,6.395801,2020-07-05
2020-07-13,7.646277247651339,6.537486957979204,8.72728457367878,6.443658,2020-07-05
2020-07-14,7.668009897446756,6.483520477496771,8.756386864773317,5.936911,2020-07-05
2020-07-15,7.647687700777112,6.51812664688341,8.81392382950166,6.656589,2020-07-05
2020-07-16,7.731492651700451,6.554055811069484,8.862818439437708,7.033792,2020-07-05
2020-07-17,7.6009771668072865,6.517643137805396,8.720349309117037,6.922048,2020-07-05
2020-07-18,7.59090206612389,6.430320127804562,8.788188124049332,7.123294,2020-07-05
2020-07-19,7.604307071680873,6.462666734310167,8.728060910077714,7.383972,2020-07-05
2020-08-03,8.051516192143103,6.839657945648581,9.104009411047265,7.924144,2020-08-02
2020-08-04,7.940998481877244,6.844994130054901,9.060271458194276,7.465221,2020-08-02
2020-08-05,7.890075520565033,6.680517663299532,9.012417611253552,7.162263,2020-08-02
2020-08-06,7.842788594054071,6.681133077706239,8.964674630704245,7.539579,2020-08-02
2020-08-07,7.695219472522334,6.573126640649925,8.860082258733328,7.984022,2020-08-02
2020-08-08,7.550770043419261,6.374828539392032,8.658716832848183,8.187642,2020-08-02
2020-08-09,7.52008805214693,6.382813641551579,8.798416178585265,7.70228,2020-08-02
2020-08-10,7.40861393228134,6.249680148174831,8.506311918805732,8.048352,2020-08-02
2020-08-11,7.2708046643035615,6.035781885272073,8.417087875220703,7.881923,2020-08-02
2020-08-12,7.494124910209633,6.318542179727024,8.63198971241553,8.267718,2020-08-02
2020-08-13,7.274829875633626,6.094961619904159,8.393503072043568,7.726922,2020-08-02
2020-08-14,7.329203405013795,6.194339605624897,8.427167385493982,7.777853,2020-08-02
2020-08-15,7.548364462965847,6.497337339402348,8.716599077789422,7.432498,2020-08-02
2020-08-16,7.692231542756821,6.501583785568239,8.766040871328398,7.550544,2020-08-02
2020-08-31,7.810853435134983,6.7259083745508965,8.962687559604314,7.671954,2020-08-30
2020-09-01,7.790802892437895,6.6463148316511225,8.91648989837679,7.729087,2020-08-30
2020-09-02,7.980285000681532,6.865710083373946,9.1728846492214,8.087056,2020-08-30
2020-09-04,7.940617406801156,6.892821275198001,9.016477690204848,7.840687,2020-08-30
2020-09-05,8.005598610874317,6.938630270515611,9.18261549356517,7.742128,2020-08-30
2020-09-06,7.874055610118696,6.686887272485824,9.063864458746398,7.843302,2020-08-30
2020-09-07,7.845688299367032,6.720438760327718,9.020641600574413,7.738524,2020-08-30
2020-09-08,8.010683908427586,6.823444521016297,9.111592566691247,8.087995,2020-08-30
2020-09-09,7.957732170347883,6.814750014049868,9.079735510558509,8.662165,2020-08-30
2020-09-10,7.971288802161273,6.900923936920738,9.079125814645867,8.802489,2020-08-30
2020-09-11,8.031163002457165,6.859014414252747,9.123551733050705,9.426622,2020-08-30
2020-09-12,7.713103707746717,6.652909438516184,8.855178511413525,8.9186,2020-08-30
2020-09-13,8.080787477246679,6.881323278312537,9.196943997706006,9.358383,2020-08-30
2020-09-28,7.677016347717398,6.551071492597752,8.779126676398397,7.377925,2020-09-27
2020-09-29,7.929866743130269,6.834247222055387,9.04160184317026,7.483829,2020-09-27
2020-09-30,8.003358000013606,6.8142316293014344,9.113888635571728,7.730759,2020-09-27
2020-10-01,7.928577666928436,6.855092229879641,9.048686840197252,7.935921,2020-09-27
2020-10-02,7.724580051592014,6.660363736889819,8.776564173569101,8.265218,2020-09-27
2020-10-03,7.93296291883242,6.817119861952625,9.080411545933307,8.405556,2020-09-27
2020-10-04,7.866340765680338,6.739598767311965,9.026331494371165,8.050395,2020-09-27
2020-10-05,7.998780855318322,6.873836285388537,9.061738477127772,8.00998,2020-09-27
2020-10-06,7.932317385481124,6.81085178794581,9.128772022831061,8.382577,2020-09-27
2020-10-07,7.733684893679836,6.567398069740361,8.837045961306636,8.001815,2020-09-27
2020-10-08,7.862898029486251,6.724000904784663,8.925240719414484,8.053421,2020-09-27
2020-10-09,7.8945729439268035,6.699686104608465,9.050773120757158,8.369811,2020-09-27
2020-10-10,7.935573425067364,6.732929536290813,9.032518456410072,8.329877,2020-09-27
2020-10-11,8.031328443514907,6.84367365774739,9.155201058282065,8.09281,2020-09-27
2020-10-26,9.036321204188932,7.889371946407084,10.15132292794539,8.734515,2020-10-25
2020-10-27,9.115010901869638,7.896004711592996,10.262278858366226,9.325004,2020-10-25
2020-10-28,9.191608058399739,8.06424892183665,10.279983838947855,9.645025,2020-10-25
2020-10-29,9.272607560346977,8.093343251498057,10.442917999730243,9.891776,2020-10-25
2020-10-30,9.55696975702562,8.450115977515257,10.726629845332669,11.109622,2020-10-25
2020-10-31,9.453539420850435,8.240747499041124,10.609401663916259,10.339816,2020-10-25
2020-11-01,9.359096592162185,8.090521043052881,10.537371680278243,9.433715,2020-10-25
2020-11-02,9.147845564283159,7.983061844921817,10.317168452343713,9.593156,2020-10-25
2020-11-03,9.260450556961752,8.188069077390075,10.48606502144673,9.971841,2020-10-25
2020-11-04,9.306388662607402,8.16571778993295,10.530531876280545,9.748056,2020-10-25
2020-11-05,9.029230168581707,7.879509429481197,10.140951429627817,9.652643,2020-10-25
2020-11-06,8.91595956623587,7.789827121365272,10.122890663811276,10.502635,2020-10-25
2020-11-07,8.89170497890513,7.78055930956602,10.083136057545328,10.733089,2020-10-25
2020-11-08,9.012431963406904,7.930180647131644,10.198152496924614,11.019101,2020-10-25
2020-11-23,9.066428421338529,7.968268058850261,10.186131287293785,9.238691,2020-11-22
2020-11-24,9.200060445504262,8.051936239700046,10.342651934706444,9.152305,2020-11-22
2020-11-25,9.253517046136984,8.042312219878271,10.464163727611417,9.031621,2020-11-22
2020-11-26,9.24137559513752,8.144887052375784,10.415090428983257,9.369096,2020-11-22
2020-11-27,9.35443209426166,8.162471150873358,10.485309182046961,9.500677,2020-11-22
2020-11-28,9.608846515911221,8.511550203473835,10.706484636524113,9.826443,2020-11-22
2020-11-29,9.52154278775201,8.29159789556249,10.606006567374651,9.823579,2020-11-22
2020-11-30,9.602739620007975,8.541600561639642,10.77595745110465,10.464167,2020-11-22
2020-12-01,9.722008004934803,8.522949220554818,10.860936800022339,10.298823,2020-11-22
2020-12-02,9.722163592952299,8.65502787418636,10.814226730591187,11.556032,2020-11-22
2020-12-03,9.787269732821263,8.657495699152674,10.853486106586908,11.722167,2020-11-22
2020-12-04,9.752741262905984,8.55140706182696,10.818831375082963,11.557665,2020-11-22
2020-12-05,9.787676940197564,8.66774737561407,10.93062226183166,10.857164,2020-11-22
2020-12-06,9.840387019684751,8.74413249296078,10.989367803093623,10.334944,2020-11-22
2020-12-21,9.042661066559802,7.889526516427716,10.167131497885583,9.998726,2020-12-20
2020-12-22,9.188771327872596,8.023625678941059,10.342623142234311,10.476295,2020-12-20
2020-12-23,9.349929438366011,8.281376742753201,10.486148984025316,9.675059,2020-12-20
2020-12-24,9.420614832107137,8.2484335680733,10.515895607534024,9.180926,2020-12-20
2020-12-25,9.32433595469809,8.174081459658224,10.465991338699263,9.770821,2020-12-20
2020-12-26,9.623657193691972,8.516995850186591,10.719182287149774,10.126685,2020-12-20
2020-12-27,9.866700786438901,8.692113191453437,10.91006976426102,9.929172,2020-12-20
2020-12-28,9.944242022236008,8.794218407984438,11.111753366628689,9.044359,2020-12-20
2020-12-29,9.927040844778379,8.831125546610819,11.058359574765873,8.804357,2020-12-20
2020-12-30,10.07337878199996,9.025048802658613,11.25274789273031,8.771356,2020-12-20
2020-12-31,10.095660117266574,9.058765744612236,11.240720657720228,9.688435,2020-12-20
2021-01-01,10.135610344042647,8.98530329088349,11.322874175406696,8.341908,2020-12-20
2021-01-02,10.086318288355045,8.99060160874956,11.191912520081706,9.084548,2020-12-20
2021-01-03,10.133328787909084,8.994155146938754,11.321424860618228,8.433713,2020-12-20
2021-01-18,10.810003929505475,9.676146663121873,12.002949901826119,11.082828,2021-01-17
2021-01-19,10.916532797781365,9.782359871970241,12.054370470948852,10.864817,2021-01-17
2021-01-20,10.660075342848316,9.580453200605254,11.82611862438977,9.640249,2021-01-17
2021-01-21,10.504843624717193,9.290656806831606,11.730294254510838,9.707165,2021-01-17
2021-01-22,10.446785122382058,9.296137721591679,11.640102603065031,10.002353,2021-01-17
2021-01-24,10.620210950148131,9.511390493030909,11.746437633339587,10.074363,2021-01-17
2021-01-25,10.808630566839375,9.670710238783215,11.90352223346823,9.890476,2021-01-17
2021-01-26,10.82727009587423,9.69510469610867,11.99837680249542,10.665479,2021-01-17
2021-01-27,10.762177715760332,9.61143721013824,11.993864505812766,10.384328,2021-01-17
2021-01-28,10.72630367337583,9.619992802074687,11.898224617335096,11.087531,2021-01-17
2021-01-29,10.958700927179851,9.809356148966517,12.067782634477224,11.060608,2021-01-17
2021-01-30,11.107340801622788,10.044027814632933,12.194534458612411,10.921439,2021-01-17
2021-01-31,11.018120955635919,9.86915832953676,12.243031139096049,10.941809,2021-01-17
2021-02-15,10.64906321534116,9.522214365773044,11.765772920274129,12.025792,2021-02-14
2021-02-16,10.654372435343529,9.56494939619793,11.827984136044607,12.126698,2021-02-14
2021-02-17,10.642535076596353,9.461125677471006,11.831481411478213,12.117017,2021-02-14
2021-02-18,10.552197483770193,9.43025322061781,11.630405046106082,11.918851,2021-02-14
2021-02-19,10.88452192753036,9.748760138091454,12.024650250498754,11.947981,2021-02-14
2021-02-20,10.910373424205023,9.743264741076366,12.021314332270782,11.760788,2021-02-14
2021-02-21,10.892888459582672,9.706776471640357,12.024400539944118,11.240053,2021-02-14
2021-02-23,10.842502398877292,9.745385907065623,11.982580484068961,10.286187,2021-02-14
2021-02-24,10.796211840121291,9.674173535346174,11.944714847261238,10.718714,2021-02-14
2021-02-25,10.752653515199182,9.60455267005411,11.915961438396959,9.777077,2021-02-14
2021-02-26,10.798841516238447,9.64452431733848,11.954215936268653,9.598858,2021-02-14
2021-02-28,10.752886368783596,9.573084363027844,11.920832566093493,9.695948,2021-02-14
2021-03-15,10.024533942550248,8.819567631209855,11.218411512722811,9.201837,2021-03-14
2021-03-16,9.963821557355997,8.766324326408395,11.188658126931287,9.498803,2021-03-14
2021-03-17,10.123731144624127,9.017294667806523,11.222426674650066,10.279502,2021-03-14
2021-03-18,9.838771503923915,8.726828321900303,11.093527060873221,10.472479,2021-03-14
2021-03-19,10.07015698050162,8.953513273679633,11.248597142311548,10.903482,2021-03-14
2021-03-20,10.033280134246107,8.869034537526424,11.253361985156477,11.349338,2021-03-14
2021-03-21,10.270333723443365,9.099561923875367,11.362911488845366,11.447181,2021-03-14
2021-03-22,10.50098834918684,9.37699874461461,11.729803412257354,10.835824,2021-03-14
2021-03-23,10.470975904569737,9.288409319610174,11.621446002366984,9.685909,2021-03-14
2021-03-24,10.321036731790132,9.231758163237549,11.475558146776923,9.929161,2021-03-14
2021-03-25,10.2083748064991,9.056316619272545,11.414853333179375,9.355291,2021-03-14
2021-03-26,10.125837965888865,9.027744744885311,11.307479195492933,9.623947,2021-03-14
2021-03-27,10.094932853957067,9.017286194033874,11.26483294449082,9.042276,2021-03-14
2021-03-28,10.021620232751253,8.851027476624083,11.20311538121389,8.495116,2021-03-14
2021-04-12,9.61522254828473,8.472417954314176,10.774771765142228,11.276583,2021-04-11
2021-04-13,9.409161749036175,8.329350837563101,10.476805194614444,11.155112,2021-04-11
2021-04-14,9.418698854566365,8.237029971776874,10.563829237485145,10.830989,2021-04-11
2021-04-15,9.363405863434771,8.2539647405047,10.487139834742143,10.458373,2021-04-11
2021-04-16,9.308283872674748,8.118103297806531,10.498591284719405,9.40679,2021-04-11
2021-04-17,9.459826993479338,8.364826201791448,10.571718373484641,9.508923,2021-04-11
2021-04-18,9.425229346283604,8.308686970379975,10.5606982312048,9.970748,2021-04-11
2021-04-19,9.374914758405756,8.217011177640567,10.535538774917235,9.169782,2021-04-11
2021-04-20,9.740393638483068,8.691893083795222,10.921863982063236,9.480944,2021-04-11
2021-04-21,9.672353766089575,8.497711551044745,10.82377465721173,10.11697,2021-04-11
2021-04-22,9.568395771836297,8.483470407315647,10.829167405633562,10.904311,2021-04-11
2021-04-23,9.284468724982242,8.058695751600796,10.521021586187905,10.4816,2021-04-11
2021-04-24,9.19552383776337,7.990585537104058,10.347502814235888,10.348081,2021-04-11
2021-04-25,9.21432500838044,8.027609383693383,10.336254853531928,10.254364,2021-04-11
2021-05-10,8.034464575824698,6.914592511209839,9.11987364005587,8.906231,2021-05-09
2021-05-11,8.174650326429726,7.130620730942878,9.331803185359213,9.2364,2021-05-09
2021-05-12,8.221065790352942,7.104756059264196,9.314994440642772,8.38258,2021-05-09
2021-05-13,8.218072073086297,7.02816396376396,9.342604219377266,8.262174,2021-05-09
2021-05-14,8.266190225861939,7.1415900229516325,9.447132027922988,8.131872,2021-05-09
2021-05-15,8.379409115412315,7.226480342033439,9.494502089296311,8.342308,2021-05-09
2021-05-16,8.372351217984455,7.206340163383574,9.382767270002885,8.712983,2021-05-09
2021-05-17,8.110532952972033,7.090892200848132,9.275251717329676,9.096132,2021-05-09
2021-05-18,8.190921318066064,7.04068686043239,9.304908890590522,8.981594,2021-05-09
2021-05-19,8.240895110860574,7.189735940351429,9.380535637065845,9.633793,2021-05-09
2021-05-20,8.225052384205256,7.09863441022862,9.278777600966421,8.611227,2021-05-09
2021-05-22,8.125200775053322,7.036803368431556,9.313508342415346,8.3429,2021-05-09
2021-05-23,8.203548628874952,6.956202092698295,9.270655122731911,7.765379,2021-05-09
2021-06-07,8.137951799910352,7.047103316960696,9.282628568409882,9.306338,2021-06-06
2021-06-08,8.092376831049831,7.055002308021652,9.201496956736271,8.952519,2021-06-06
2021-06-09,8.064582273386552,6.885162667750604,9.189882875274325,9.061458,2021-06-06
2021-06-10,8.289465317080015,7.276086261729774,9.443777801028084,8.796684,2021-06-06
2021-06-11,8.464705805953713,7.316717224193347,9.608539358502313,8.1666,2021-06-06
2021-06-12,8.060773581501095,6.9519560477323825,9.103256346780327,7.669829,2021-06-06
2021-06-13,8.051267915172454,6.894381978493588,9.10431732804444,7.442207,2021-06-06
2021-06-14,8.084186539258505,6.917119971630007,9.246737629495133,7.93838,2021-06-06
2021-07-06,8.334431492866376,7.1676700572768475,9.468094820908863,7.326674,2021-07-04
2021-07-07,8.172608704743281,7.067283821981125,9.310938496151296,7.497854,2021-07-04
2021-07-08,7.927951006221411,6.767826401458776,9.052577939029453,7.081805,2021-07-04
2021-07-09,7.86333629231391,6.772525517948613,9.07555897023607,7.783172,2021-07-04
2021-07-10,7.897491790640946,6.644984800061691,9.167646281264737,7.240674,2021-07-04
2021-07-11,7.923505663154441,6.725079494884173,9.026199402539739,7.586614,2021-07-04
2021-07-12,7.946172197128465,6.807182821176848,9.12319028863955,7.852774,2021-07-04
2021-07-13,8.001646855192572,6.903327696047416,9.130054508545753,8.463521,2021-07-04
2021-07-14,8.050614346190416,6.9123162854783695,9.176730150309696,8.478812,2021-07-04
2021-07-15,7.9877628355535695,6.89005655985578,9.226715907686602,8.436559,2021-07-04
2021-07-16,7.91618605924228,6.787827934837458,9.02343472659037,7.825487,2021-07-04
2021-07-17,7.842953982819312,6.754678383539695,8.898484541049104,8.029075,2021-07-04
2021-07-18,7.819083438924113,6.66695119820801,8.896703701784283,8.02073,2021-07-04
2021-08-02,7.0481551966647515,6.001901907205968,8.228620320051506,6.272379,2021-08-01
2021-08-03,7.112671991062065,6.053334094695829,8.258956328212086,6.638583,2021-08-01
2021-08-04,7.149853824089955,6.041418449823542,8.235869035808918,6.586623,2021-08-01
2021-08-05,7.112011596501409,5.977847380599642,8.223082615191748,6.390692,2021-08-01
2021-08-06,7.242746831102967,6.170986332389028,8.358434856910744,6.010681,2021-08-01
2021-08-07,7.211089338747282,6.085976922670117,8.36532293532483,5.421332,2021-08-01
2021-08-08,7.185940087611363,6.119776983010145,8.348181635963432,5.860517,2021-08-01
2021-08-09,7.044392140756553,5.901613511833003,8.203088047094825,6.505473,2021-08-01
2021-08-10,7.05926557017037,5.895995936025829,8.2409782250993,5.792273,2021-08-01
2021-08-11,7.062690619849197,5.912733498874935,8.17807043067946,6.264882,2021-08-01
2021-08-12,7.263065297772994,6.116034074229737,8.409810641845043,6.495593,2021-08-01
2021-08-13,7.298865765280624,6.1665090041277715,8.507211204355421,6.352782,2021-08-01
2021-08-14,7.391079144511688,6.333734821956596,8.452597291319156,6.295312,2021-08-01
2021-08-15,7.302479707776908,6.145543393182987,8.363133545360059,6.061279,2021-08-01
2021-08-30,7.711251271289962,6.509921469658785,8.802077832290436,8.31505,2021-08-29
2021-08-31,7.749465355286571,6.7233137089813075,8.88585135216138,8.324199,2021-08-29
2021-09-01,7.8093599271461205,6.6805285042711,8.994992113735092,8.871972,2021-08-29
2021-09-02,7.69056834979923,6.5564170442523,8.868359385630479,8.468302,2021-08-29
2021-09-03,7.789158087650916,6.714732430933318,8.970521045703393,8.76533,2021-08-29
2021-09-04,7.825771522177867,6.78501621031361,9.001341803198137,8.65579,2021-08-29
2021-09-05,7.964663441663336,6.831229737076926,9.201466843442404,8.266741,2021-08-29
2021-09-06,7.7862268192808575,6.596688628432498,9.003420883996206,7.908678,2021-08-29
2021-09-07,7.861750046297077,6.680312356929803,9.034063898830635,7.533965,2021-08-29
2021-09-08,7.81035810337176,6.616879865352101,8.928361791633906,7.115091,2021-08-29
2021-09-09,7.80569197394361,6.808535615007076,8.936966788724337,6.605697,2021-08-29
2021-09-10,7.875614557632412,6.806809850645122,9.045934129047703,6.940804,2021-08-29
2021-09-11,8.072516020382052,6.8911367639873005,9.123668753699238,7.71719,2021-08-29
2021-09-12,8.151929525000519,6.99924760166009,9.337150544220034,7.887095,2021-08-29
2021-09-27,8.285412381809973,7.20020248262544,9.41530918218339,8.366335,2021-09-26
2021-09-28,8.298593620250502,7.083257980337743,9.384048671585905,8.282116,2021-09-26
2021-09-29,8.401805734457,7.31851649347154,9.630846423237902,8.765231,2021-09-26
2021-09-30,8.516744712484096,7.40165439760777,9.720737478996883,8.96949,2021-09-26
2021-10-01,8.389335970427863,7.26422319693605,9.539283482945942,8.797325,2021-09-26
2021-10-02,8.449056417243003,7.401110163429894,9.60241474305877,8.908744,2021-09-26
2021-10-03,8.399034339832172,7.353100774228755,9.527655045129084,9.791668,2021-09-26
2021-10-04,8.254717441274146,7.132109732342759,9.422950328634686,9.457571,2021-09-26
2021-10-05,8.381269030309152,7.170243126331482,9.521685225078203,9.905487,2021-09-26
2021-10-07,8.197073838336893,7.013308002292658,9.31207848220875,9.204706,2021-09-26
2021-10-08,8.231308053270462,7.1700068934412755,9.453227916683623,9.024519,2021-09-26
2021-10-09,8.00682330418229,6.8933575272100995,9.132900766140272,9.499407,2021-09-26
2021-10-10,8.018366687201198,6.8641976874416795,9.074848621841674,9.562829,2021-09-26
2021-10-25,9.05838815975972,7.968004561944008,10.161010235765671,10.386988,2021-10-24
2021-10-26,9.198990726592344,8.172465652136099,10.338110334462957,10.558198,2021-10-24
2021-10-27,9.07504311261351,7.959259131550386,10.194393879882305,10.487834,2021-10-24
2021-10-28,9.031334492215043,7.922622776017522,10.113921142945964,10.548855,2021-10-24
2021-10-29,8.946952416497734,7.803314511182681,10.048179019553986,10.237753,2021-10-24
2021-10-30,8.918123689552937,7.85492565760245,10.024188950106069,9.729056,2021-10-24
2021-10-31,9.010122489310579,7.89471163719633,10.07662440398277,9.175182,2021-10-24
2021-11-01,9.119113655329889,8.00181832103636,10.167343458440385,9.722389,2021-10-24
2021-11-02,9.152510322384778,8.078002548134124,10.202876359043866,9.566744,2021-10-24
2021-11-03,9.027807719424706,7.923597333540685,10.097907683723637,9.303879,2021-10-24
2021-11-04,9.111367075878547,8.0543206541235,10.212588841389978,9.907321,2021-10-24
2021-11-05,9.063012660472493,7.950832091987412,10.221060478391776,10.05704,2021-10-24
2021-11-06,9.09849006576084,7.952092064566876,10.234098076662624,10.126415,2021-10-24
2021-11-07,9.101445820952678,8.003990492182606,10.208107139819777,10.290422,2021-10-24
2021-11-22,9.181088974331432,8.042934541738395,10.313776257827303,8.893202,2021-11-21
2021-11-23,9.422902967045207,8.260098405647895,10.54015512773874,9.760776,2021-11-21
2021-11-24,9.419841829005557,8.335589589265592,10.549633883764265,9.706288,2021-11-21
2021-11-25,9.42892556513613,8.257522728403687,10.534904302004175,10.506496,2021-11-21
2021-11-26,9.440531171787208,8.320008736056089,10.525319192626275,10.374047,2021-11-21
2021-11-27,9.57057427835041,8.428124952587881,10.70998708273456,10.507348,2021-11-21
2021-11-28,9.71395490500668,8.57965130571485,10.816420157719916,10.499046,2021-11-21
2021-11-29,10.000277121144043,8.918962896310573,11.175934652277551,10.5304,2021-11-21
2021-12-01,9.85282638865591,8.77514750694847,10.929683858116002,10.171829,2021-11-21
2021-12-02,9.917730340707944,8.850466129135942,11.06654956600639,10.520538,2021-11-21
2021-12-04,9.795999306164425,8.615730484832117,10.91157395252229,10.199151,2021-11-21
2021-12-05,9.82553424516653,8.676910135478757,10.954210906974351,9.450993,2021-11-21
2021-12-20,10.49091568385132,9.36986143596259,11.682015611025193,9.647958,2021-12-19
2021-12-21,10.599846434535852,9.461404663494264,11.610469257800231,9.589758,2021-12-19
2021-12-22,10.217679155367254,9.174218528786332,11.337531282686175,8.979385,2021-12-19
2021-12-23,10.314492863136916,9.204040989868522,11.499939326276671,9.660057,2021-12-19
2021-12-24,10.310775949819142,9.07049272365807,11.387215618809932,9.751489,2021-12-19
2021-12-25,10.365373077163852,9.246459169185027,11.484508199184699,9.341317,2021-12-19
2021-12-26,10.235579905236515,9.123745895601939,11.37927234923077,9.20319,2021-12-19
2021-12-27,10.409436366996044,9.362531064045607,11.621934033277332,9.353073,2021-12-19
2021-12-28,10.470551727375172,9.308258075928384,11.643344046719717,9.673481,2021-12-19
2021-12-29,10.452898605568205,9.310176830985522,11.5838175972705,9.301142,2021-12-19
2021-12-30,10.388673229593943,9.234948975258762,11.592319299513377,10.102729,2021-12-19
2021-12-31,10.551049771998407,9.463266621483802,11.737912349175351,10.133735,2021-12-19
2022-01-01,10.710832094695153,9.550822542521097,11.842816356599677,11.461588,2021-12-19
2022-01-02,10.80490998961812,9.637375787897613,11.86577693163426,10.659341,2021-12-19
2022-01-17,10.913619544646108,9.758035386325716,12.016856576180807,11.705916,2022-01-16
2022-01-18,10.968206187465091,9.795295438394243,12.018032557245752,13.164743,2022-01-16
2022-01-19,10.908472244850888,9.771847785736615,11.974772337720173,13.538631,2022-01-16
2022-01-20,11.2354050759244,10.209685227403593,12.36160752899051,13.671214,2022-01-16
2022-01-21,11.077159590823157,9.96877008394036,12.09801572080938,13.113946,2022-01-16
2022-01-22,10.944904741406575,9.797487335044572,12.064067688161286,12.636723,2022-01-16
2022-01-23,11.003331560932647,9.902966519719264,12.1007041467768,12.441289,2022-01-16
2022-01-24,10.882650722257917,9.77400772450757,12.040269802302182,11.739417,2022-01-16
2022-01-25,11.095234186851014,9.973121619834172,12.279279369069934,11.718815,2022-01-16
2022-01-26,10.98114221551208,9.898271181296897,12.130881874275982,12.042641,2022-01-16
2022-01-27,11.17720180894887,10.006089446503433,12.296606747234176,12.487635,2022-01-16
2022-01-28,11.06680638994932,9.870105080218297,12.126112935398886,12.493133,2022-01-16
2022-01-29,10.898473710822282,9.72606746683049,12.058404337817798,12.120767,2022-01-16
2022-01-30,10.95438155196651,9.86139673772678,12.032500466453339,12.124836,2022-01-16
2022-02-14,10.57066846818142,9.362693062784075,11.805931661683125,10.532449,2022-02-13
2022-02-15,10.391583665289483,9.143311615704713,11.459401822885157,10.516871,2022-02-13
2022-02-16,10.227147581136094,9.069145944175085,11.370115940438213,10.498637,2022-02-13
2022-02-17,10.190029831233275,9.003393692309995,11.201395436643955,10.624619,2022-02-13
2022-02-18,10.110563161648912,8.947406348999703,11.264392454295015,9.630504,2022-02-13
2022-02-19,9.906686004335983,8.771066720799759,11.039658098461793,9.235914,2022-02-13
2022-02-20,9.886127776913227,8.752092523364986,11.034731680363745,10.119153,2022-02-13
2022-02-21,10.125945310668712,8.928784938029228,11.332771130374427,11.037638,2022-02-13
2022-02-23,9.981115367774347,8.874340246696248,11.140461379911743,10.215081,2022-02-13
2022-02-24,10.157784539518214,9.011527969086496,11.20717843649766,10.504361,2022-02-13
2022-02-25,10.178861775539232,9.117278421800481,11.353513144222095,9.885181,2022-02-13
2022-02-26,10.187213148323877,9.013903151771766,11.328161588651609,10.583354,2022-02-13
2022-02-27,10.310753016950002,9.1985354170196,11.40116327328252,9.941138,2022-02-13
2022-03-14,10.1933278382179,9.138940742228916,11.260629269413172,11.004194,2022-03-13
2022-03-15,10.109583110728643,8.9632009132207,11.24715360019831,11.124961,2022-03-13
2022-03-16,9.806898855612754,8.748891430453934,11.01419230827209,10.560891,2022-03-13
2022-03-18,9.787513633640817,8.721687408805241,10.89347907436558,10.187398,2022-03-13
2022-03-19,9.790407385536,8.63597537079009,10.940457746684643,9.067234,2022-03-13
2022-03-20,9.836072401179656,8.69804763658521,10.98407244522734,9.057471,2022-03-13
2022-03-21,9.68608479061089,8.569002099984054,10.794021402159036,9.466898,2022-03-13
2022-03-22,9.799354939653025,8.68798243732766,10.840111869060419,8.924062,2022-03-13
2022-03-23,9.790307622056957,8.67997523180192,10.873942121446204,8.679886,2022-03-13
2022-03-24,9.881975457953647,8.683878068061441,11.016540137198,8.061832,2022-03-13
2022-03-25,9.901762636322378,8.802153661433891,11.030287874505587,8.650388,2022-03-13
2022-03-26,9.847562465302488,8.684178087075905,11.068070535177885,8.29022,2022-03-13
2022-03-27,10.028978413757951,8.943953367927156,11.115030094975051,8.181008,2022-03-13
2022-04-11,9.827244776537839,8.711703876097303,10.998325290445106,8.990718,2022-04-10
2022-04-12,9.500221004519481,8.40968115718489,10.703190729300264,9.389388,2022-04-10
2022-04-13,9.438112756583868,8.327235803061878,10.519731425161556,8.877361,2022-04-10
2022-04-14,9.485058982417893,8.331917866544364,10.658843431298914,8.672735,2022-04-10
2022-04-15,9.680373605162199,8.57013457782107,10.801320812264239,9.623322,2022-04-10
2022-04-16,9.48488372773132,8.333297620790194,10.585307858927788,8.934809,2022-04-10
2022-04-17,9.40797906146411,8.28215984999381,10.538643441941728,8.935709,2022-04-10
2022-04-18,9.474187719306007,8.223289734934834,10.578985263497149,8.714391,2022-04-10
2022-04-19,9.345376092678755,8.253691782679581,10.473797256746144,8.47738,2022-04-10
2022-04-20,9.374087453349487,8.320926146255813,10.53645886365461,8.739669,2022-04-10
2022-04-21,9.252379637127497,8.124212328534393,10.43976929593602,8.501677,2022-04-10
2022-04-22,9.309474634980644,8.139663495714162,10.464635933271829,8.942985,2022-04-10
2022-04-24,9.036622002425114,7.83329462628344,10.155613352204297,8.777932,2022-04-10
2022-05-09,8.131293285810202,6.927800392337531,9.2899756046741,7.629162,2022-05-08
2022-05-10,8.193163330334269,7.006073796578371,9.466785386631232,6.236236,2022-05-08
2022-05-11,8.011306472699042,6.816289559462766,9.268144046909919,6.031468,2022-05-08
2022-05-12,7.891726312786085,6.747523091521513,9.027390276315721,6.643018,2022-05-08
2022-05-13,7.704445772387396,6.572775885340428,8.849505555188832,6.892466,2022-05-08
2022-05-14,7.638088746031656,6.504713211022902,8.756375414361544,7.23507,2022-05-08
2022-05-15,7.710619427219923,6.594899747379489,8.872124851831877,6.721373,2022-05-08
2022-05-16,7.774647003911646,6.6076606677912935,8.997487563329885,6.301963,2022-05-08
2022-05-17,7.603419027508803,6.455224961323542,8.764738562378382,7.054356,2022-05-08
2022-05-18,7.613495005760548,6.393753791919927,8.773526510119828,7.315927,2022-05-08
2022-05-19,7.416065487854403,6.208008713340084,8.65831540284252,7.91749,2022-05-08
2022-05-20,7.024028847023039,5.765163017834606,8.211173204817364,7.701773,2022-05-08
2022-05-21,7.202778323423735,6.012200104871685,8.369325345367246,7.021685,2022-05-08
2022-05-22,7.22867424695175,6.143175366240143,8.437132443431121,6.573108,2022-05-08
2022-06-06,7.38045970750526,6.229294680032809,8.49204051580363,8.076026,2022-06-05
2022-06-07,7.208341496016574,6.081749042653748,8.38888581674394,7.274143,2022-06-05
2022-06-08,6.99691833734347,5.832381800755871,8.101965265338645,6.471439,2022-06-05
2022-06-09,7.025025749349766,5.909530799157381,8.160634238838565,6.491732,2022-06-05
2022-06-10,7.142042106150008,6.005540979590847,8.368326975966704,6.671471,2022-06-05
2022-06-11,7.201966004547771,6.012321437733855,8.417998698652731,6.766073,2022-06-05
2022-06-12,7.104730595863569,5.967640441995565,8.214153783872854,6.930236,2022-06-05
2022-06-13,6.825870885817748,5.67157164719223,7.962987571455937,6.874477,2022-06-05
2022-06-14,6.8503617086932165,5.771219634538135,7.970002976320564,7.10586,2022-06-05
2022-06-15,6.638350337140615,5.504898057216077,7.807459671217795,7.351066,2022-06-05
2022-06-16,6.703344456010817,5.476759560669841,7.8068334939508315,7.545531,2022-06-05
2022-06-17,6.700510818383711,5.565877893276189,7.9307370618187,7.457844,2022-06-05
2022-06-18,6.732487535301418,5.626116169595402,7.896425930193837,7.067336,2022-06-05
2022-06-19,7.04572891298281,5.849508159768942,8.21563109191805,7.529877,2022-06-05
2022-07-04,7.221125332658589,5.997243872323384,8.414526053942321,8.163702,2022-07-03
2022-07-05,7.06138844848109,5.925514152556136,8.186063938686711,7.454253,2022-07-03
2022-07-06,6.902882150777121,5.816318726735732,8.063398649898668,6.791299,2022-07-03
2022-07-07,7.056165657204223,5.925532687957756,8.165602740452597,7.071012,2022-07-03
2022-07-08,7.256384248023656,6.0912657275372375,8.415845071519243,7.266352,2022-07-03
2022-07-09,7.014055243449003,5.8516703938848575,8.215582078438826,6.247172,2022-07-03
2022-07-10,6.975479686307161,5.827174934126918,8.137770221875513,6.633768,2022-07-03
2022-07-11,7.297144120175105,6.113311348570946,8.515418282159274,7.122052,2022-07-03
2022-07-12,7.134150931995235,5.998884851484949,8.274841367981743,7.125609,2022-07-03
2022-07-13,7.0563201782572635,5.948378462635273,8.183880143197483,7.351816,2022-07-03
2022-07-14,7.0340144943612914,5.9430404905549885,8.162952842953263,7.591887,2022-07-03
2022-07-15,7.274214075022871,6.147957147087897,8.441590672013758,7.456575,2022-07-03
2022-07-16,7.123890486573993,5.915576517408815,8.27225394161228,7.613196,2022-07-03
2022-07-17,7.075137076677523,5.832225766850124,8.280512631062074,8.028893,2022-07-03
2022-08-01,7.6514104280090836,6.462574774049712,8.852351064843305,7.865499,2022-07-31
2022-08-02,7.738050641626081,6.5647922582801845,8.887903189147385,7.88572,2022-07-31
2022-08-03,7.963031016527454,6.763469303861303,9.161020902368044,7.969388,2022-07-31
2022-08-04,8.11915640400005,6.9460087041702945,9.307615700974035,8.482105,2022-07-31
2022-08-05,8.103889966032652,6.9371612311263515,9.351906435335993,8.566213,2022-07-31
2022-08-06,8.072560675099481,6.975089258491283,9.125223147569837,8.26658,2022-07-31
2022-08-07,7.972071836726722,6.7765085905726785,9.17612094916925,7.798257,2022-07-31
2022-08-08,7.843502199290131,6.70921891128346,9.003781422218928,7.450188,2022-07-31
2022-08-09,7.901826237024334,6.707444430099133,9.058906457122944,7.742778,2022-07-31
2022-08-10,7.761866852118882,6.614896812676689,8.827076804578137,8.596178,2022-07-31
2022-08-11,7.730831246351041,6.557693916216433,8.880405920064659,7.495788,2022-07-31
2022-08-12,7.537705883017584,6.453221077700983,8.710612767921397,7.279623,2022-07-31
2022-08-13,7.40090199086401,6.322069298591663,8.495842555520968,7.344931,2022-07-31
2022-08-14,7.432925863046939,6.276738600962509,8.618034525880782,7.413922,2022-07-31
2022-08-29,7.300791858642235,6.161218958835476,8.472560847571623,7.822096,2022-08-28
2022-08-30,7.583859364527638,6.405861961948388,8.803645062788549,8.338715,2022-08-28
2022-08-31,7.501151801935105,6.405814197458725,8.63685543047292,8.05805,2022-08-28
2022-09-01,7.476666527978708,6.31473323951856,8.584498780904164,7.607142,2022-08-28
2022-09-02,7.5470619527016485,6.310583748884337,8.66799929152002,8.005517,2022-08-28
2022-09-03,7.753594023676686,6.598375844276139,8.943124320685433,8.013409,2022-08-28
2022-09-04,7.860394310971146,6.715356308083722,9.042501898488847,7.628643,2022-08-28
2022-09-05,8.01746043228522,6.814396570145137,9.13093167174939,7.834208,2022-08-28
2022-09-06,7.8356098813982715,6.644676192064952,8.964775402917093,8.263891,2022-08-28
2022-09-07,7.866637223368736,6.714393256958091,9.028252264190302,8.1141,2022-08-28
2022-09-08,7.851570518119297,6.7506102100165775,9.049048188448133,8.036874,2022-08-28
2022-09-09,7.73849162054894,6.613121412113224,8.946751454785511,8.23507,2022-08-28
2022-09-10,7.49688585070921,6.340673548658568,8.514964520269295,7.302276,2022-08-28
2022-09-11,7.724760679934806,6.6062957064777725,8.881352252488552,7.947726,2022-08-28
2022-09-26,7.378473113124662,6.282353795259657,8.544637019351876,7.55865,2022-09-25
2022-09-27,7.306820549614319,6.101788001890027,8.50950158328137,7.584473,2022-09-25
2022-09-28,7.3429853665644025,6.228123851739971,8.497708363479536,7.534973,2022-09-25
2022-09-29,7.443773415714226,6.23755338109208,8.551779685126778,8.136659,2022-09-25
2022-09-30,7.633360456065416,6.512509782693441,8.73426101150641,8.374692,2022-09-25
2022-10-01,7.689262387735076,6.583864118031724,8.857702025102139,8.412132,2022-09-25
2022-10-02,7.800020061136947,6.589610519961184,8.899410753272507,9.003962,2022-09-25
2022-10-03,7.6779241841265735,6.570752724847788,8.8307634714446,8.454793,2022-09-25
2022-10-04,7.717844381851162,6.584967779207893,8.82243823671045,8.233857,2022-09-25
2022-10-05,7.609757444733735,6.559196579528433,8.807610763406718,8.630904,2022-09-25
2022-10-06,7.473877148959491,6.29565039714446,8.613056300652888,7.873298,2022-09-25
2022-10-07,7.527143883093304,6.34695464547204,8.632441440801017,7.624541,2022-09-25
2022-10-08,7.675571531420021,6.581347657244211,8.871140013154813,8.025613,2022-09-25
2022-10-09,7.8038296609539,6.696959708982591,8.960021563988015,8.281325,2022-09-25
2022-10-24,8.201342332359477,7.080229284999741,9.331162661765559,7.403481,2022-10-23
2022-10-25,8.26221495513898,7.079457160478123,9.41637992156033,7.57,2022-10-23
2022-10-26,8.104230661190012,7.041231926067265,9.267293716060303,7.188762,2022-10-23
2022-10-27,8.286548161750146,7.144061018192051,9.391944134322133,7.410678,2022-10-23
2022-10-28,8.570270063548675,7.387489957902494,9.78414291902234,7.453534,2022-10-23
2022-10-29,8.579449941385434,7.454412642239186,9.73876620497777,7.027873,2022-10-23
2022-10-30,8.56467037397736,7.432751149608444,9.563410079866186,6.502284,2022-10-23
2022-10-31,8.664825701946471,7.423228949335932,9.848165040872026,6.876648,2022-10-23
2022-11-01,8.809045128158653,7.686555887647583,9.960978465504173,6.530486,2022-10-23
2022-11-02,8.775655218043076,7.681025377290876,9.88784864419427,7.091951,2022-10-23
2022-11-03,8.86104577267059,7.798943788521257,9.990616129380472,7.938173,2022-10-23
2022-11-04,8.910046522436712,7.763290958640517,9.97842026381079,8.36545,2022-10-23
2022-11-05,8.972511978156907,7.815845046466625,10.10306591448121,8.323515,2022-10-23
2022-11-06,9.135421184359222,7.9535101367033825,10.34235737275518,9.049679,2022-10-23
2022-11-21,9.541860883155337,8.415884751895327,10.703950232777725,8.713415,2022-11-20
2022-11-22,9.26914667512858,8.09380750006995,10.397551035135109,9.007733,2022-11-20
2022-11-23,9.114273405907392,7.919931596679787,10.259010566678977,7.946566,2022-11-20
2022-11-24,9.057578002151416,7.91168705618228,10.28504817700919,9.013196,2022-11-20
2022-11-25,9.298890299396414,8.147323746434939,10.496074649203964,8.829771,2022-11-20
2022-11-26,9.366056446489434,8.294425813548665,10.480133927963099,9.454338,2022-11-20
2022-11-27,9.194027735175244,8.031617606385268,10.354795462670303,9.215834,2022-11-20
2022-11-28,8.995231653520035,7.854737170165215,10.216197041811807,9.154689,2022-11-20
2022-11-29,9.151158807172303,7.997756869626483,10.249221427074906,10.284093,2022-11-20
2022-11-30,9.144847897506883,7.961728286138815,10.254157018856855,10.2462,2022-11-20
2022-12-01,9.229224091027689,7.968261190595221,10.34702126438794,10.870585,2022-11-20
2022-12-02,9.579542725049269,8.476166978760418,10.70896516914431,11.411692,2022-11-20
2022-12-03,9.716814829744383,8.567412187438952,10.873530753811737,11.698159,2022-11-20
2022-12-04,9.90606537349693,8.735985541331651,11.07418359581699,11.364119,2022-11-20
2022-12-19,10.237898937104337,9.109640445454318,11.336806611427628,11.434549,2022-12-18
2022-12-20,10.143167294384662,9.046502980987981,11.206371030820824,11.525858,2022-12-18
2022-12-21,10.122976840726906,9.073909457149213,11.272628604346504,10.514301,2022-12-18
2022-12-22,10.030877714849392,8.85904254145503,11.07760338620466,10.867046,2022-12-18
2022-12-23,9.995528330429487,8.870878237149634,11.104982028476202,11.25024,2022-12-18
2022-12-24,10.086979854800209,9.023821057023575,11.177832563238793,12.343612,2022-12-18
2022-12-25,9.985319084133772,8.96235788358956,11.10644508228638,13.07942,2022-12-18
2022-12-26,10.090235935158288,9.01345932658576,11.143823652812673,12.713362,2022-12-18
2022-12-27,9.935478414108404,8.799952782861675,11.000085119974418,12.561959,2022-12-18
2022-12-28,10.122568125605442,9.034736646238317,11.253829141828867,12.01937,2022-12-18
2022-12-29,10.213410153111553,9.155148412216219,11.315554478545925,11.628168,2022-12-18
2022-12-30,10.352033415519028,9.309564016165755,11.45495957118806,12.335255,2022-12-18
2022-12-31,10.459108955722613,9.408222214499709,11.612610738095364,11.920143,2022-12-18
2023-01-01,10.381053855357047,9.276010998250014,11.476577607129652,11.982079,2022-12-18
2023-01-16,10.434247631561792,9.389233777121385,11.534154802129716,9.261355,2023-01-15
2023-01-18,10.318798598184268,9.116436422319147,11.442388671527272,9.413435,2023-01-15
2023-01-20,10.41860860517591,9.32543181175597,11.498083339723475,9.283196,2023-01-15
2023-01-21,10.679853910077679,9.470601789508475,11.822953870333976,10.022071,2023-01-15
2023-01-22,10.544414499061109,9.366873546469193,11.704188238640924,9.478224,2023-01-15
2023-01-23,10.401248003625852,9.275542563549097,11.606676294815086,9.923639,2023-01-15
2023-01-24,10.441392441048606,9.361275065558575,11.607773688051934,9.921468,2023-01-15
2023-01-25,10.618759292293042,9.502552973592756,11.805751170526321,10.207064,2023-01-15
2023-01-26,10.709071290827467,9.635754299314401,11.925331277355614,10.07105,2023-01-15
2023-01-27,10.999312841897254,9.895536108952466,12.131887459777108,9.330586,2023-01-15
2023-01-28,11.05487066357907,9.882812636792853,12.293018573081776,8.847089,2023-01-15
2023-01-29,11.283139474903615,10.212092151861068,12.510073981766554,10.766178,2023-01-15
2023-02-13,10.993817506144563,9.848392672510274,12.065132781199544,11.585124,2023-02-12
2023-02-14,10.961774384242608,9.75871359857878,12.151028154602836,10.867687,2023-02-12
2023-02-15,10.752275129880703,9.680568302686643,11.860865948869737,10.493329,2023-02-12
2023-02-16,10.812120431600563,9.700658068843278,11.93157130248874,11.579825,2023-02-12
2023-02-17,10.931835432452743,9.761252680627072,12.069987107416418,11.437261,2023-02-12
2023-02-18,10.72751727119888,9.602042555934801,11.839569669030016,11.350783,2023-02-12
2023-02-19,11.007649690979932,9.873082499598182,12.108316636431116,12.103808,2023-02-12
2023-02-20,10.784749713888296,9.666246064035176,11.952899341449646,11.95928,2023-02-12
2023-02-21,10.733586371758392,9.573275455670206,11.891877061632428,11.350318,2023-02-12
2023-02-22,10.716745140999304,9.50752559869653,11.873268367885256,10.76083,2023-02-12
2023-02-23,10.661353128243128,9.499295725015818,11.751028575046416,11.082801,2023-02-12
2023-02-24,10.551086954954735,9.417522607522658,11.693551391966079,9.969719,2023-02-12
2023-02-25,10.468371593659068,9.398687818574894,11.583748051662942,10.054536,2023-02-12
2023-02-26,10.480460077382812,9.305647172302193,11.57835634740349,9.896434,2023-02-12
2023-03-13,10.396032351431149,9.190175306747172,11.483422450333606,10.277733,2023-03-12
2023-03-14,10.399835756425315,9.310030558343232,11.579335208152022,9.543379,2023-03-12
2023-03-15,10.423657788921478,9.289043092189809,11.587583523715988,10.371905,2023-03-12
2023-03-16,10.395620046479468,9.27923860874545,11.530457306824548,11.381483,2023-03-12
2023-03-17,10.344741256628053,9.225328807237286,11.430313535752777,11.101946,2023-03-12
2023-03-18,10.231376094160307,9.141336516618601,11.307646392261288,10.466485,2023-03-12
2023-03-19,10.252136987561137,9.09880332168299,11.386732999002577,10.215952,2023-03-12
2023-03-20,10.335079919982427,9.202235691553092,11.50097642438737,10.451544,2023-03-12
2023-03-21,10.125218705657472,9.007118672825754,11.232646608245657,9.45344,2023-03-12
2023-03-22,10.003453203435484,8.822993502371832,11.186225321815114,9.495306,2023-03-12
2023-03-23,10.210650304684336,9.031763955372925,11.354880969996097,10.493358,2023-03-12
2023-03-25,10.211029844240784,9.097528731701127,11.331629184620231,9.308358,2023-03-12
2023-03-26,9.99771005864479,8.883112092651633,11.140862579954595,8.757948,2023-03-12
2023-04-10,9.920161052503605,8.802291673196477,11.016844575466225,9.647932,2023-04-09
2023-04-11,9.942096663485309,8.750464154224089,11.108439723030848,8.981209,2023-04-09
2023-04-12,9.87781020263374,8.794437498074785,10.97230670800605,8.103313,2023-04-09
2023-04-13,9.705179063948616,8.596570345057517,10.889040966991496,8.963246,2023-04-09
2023-04-14,9.856861101419316,8.706966875436917,10.944515697820208,9.379924,2023-04-09
2023-04-15,9.611551586334873,8.46170613601101,10.794361699726329,9.817906,2023-04-09
2023-04-16,9.47314361117846,8.379337949161254,10.573182858030137,10.421459,2023-04-09
2023-04-17,9.52881021697249,8.371018567494461,10.761683555598129,11.309253,2023-04-09
2023-04-18,9.384996104277473,8.222945272146424,10.51883378786477,10.966568,2023-04-09
2023-04-19,9.145368127576337,8.071113822323182,10.328278565521034,10.41,2023-04-09
2023-04-21,8.978531521943315,7.862829097520266,10.067524473270538,9.66134,2023-04-09
2023-04-22,9.156124624807177,8.070648191257389,10.292029333598855,9.539253,2023-04-09
2023-04-23,8.777850957302634,7.630890482569708,9.943874989682842,9.657889,2023-04-09
2023-05-08,7.832207960308585,6.67742717738538,8.957957782552509,9.230259,2023-05-07
2023-05-09,7.916088684409095,6.668016563106542,9.018608882555133,9.274992,2023-05-07
2023-05-10,7.829419660135998,6.739049310827133,8.970298470617797,9.308653,2023-05-07
2023-05-11,7.66960041641037,6.606444226414902,8.820782913509165,8.997272,2023-05-07
2023-05-12,7.583383545361102,6.4206407711468705,8.771349654882746,8.204414,2023-05-07
2023-05-13,7.618860462547687,6.48078554349538,8.829015231194365,8.033635,2023-05-07
2023-05-14,7.707455150576224,6.57496934186741,8.773524481309963,8.254751,2023-05-07
2023-05-15,7.874204313069026,6.760495411956477,9.111715673133002,7.594394,2023-05-07
2023-05-16,7.847775435331162,6.659842865075625,8.96128757758996,8.081511,2023-05-07
2023-05-17,7.595765112667005,6.402402579363723,8.677379982779973,7.450683,2023-05-07
2023-05-18,7.629438803575309,6.506565580223462,8.811254707742997,8.120022,2023-05-07
2023-05-20,7.616798299708332,6.504400591399449,8.742548426380939,8.036236,2023-05-07
2023-05-21,7.49544186863278,6.4348878706371,8.676170215154643,7.815539,2023-05-07
2023-06-05,7.675180293554944,6.58559162108852,8.782392879872907,7.387846,2023-06-04
2023-06-06,7.647441839917347,6.545503417957986,8.767118607677519,8.186456,2023-06-04
2023-06-07,7.6859997006714575,6.600968787384652,8.791605584482284,8.412626,2023-06-04
2023-06-08,7.500605512895904,6.390286033138104,8.663153718546313,8.621783,2023-06-04
2023-06-09,7.6073446247654095,6.516731393948509,8.748997319036073,8.276927,2023-06-04
2023-06-10,7.5529064855356225,6.480731285253907,8.60759049409208,8.299383,2023-06-04
2023-06-11,7.482950873468297,6.325268122271134,8.580832943746799,8.989718,2023-06-04
2023-06-12,7.590340993952106,6.450709698594303,8.70138654993798,8.692498,2023-06-04
2023-06-13,7.375858062862465,6.253110122250756,8.42231565005829,8.231793,2023-06-04
2023-06-14,7.346087405760723,6.221734002395774,8.440894943288813,7.739893,2023-06-04
2023-06-15,7.369502945970525,6.251030577344016,8.530089338728569,8.09252,2023-06-04
2023-06-16,7.38458017275809,6.292684493247763,8.47879068629211,8.133655,2023-06-04
2023-06-17,7.3618345970077534,6.246119287612892,8.402732463534624,8.352365,2023-06-04
2023-06-18,7.4975839714849855,6.380225822743602,8.67206386033443,7.667951,2023-06-04
2023-07-03,7.466440931153409,6.406881999480241,8.560390124841307,8.849253,2023-07-02
2023-07-04,7.4453497765492855,6.3088559435911025,8.609688045299839,8.120048,2023-07-02
2023-07-05,7.2160316374597695,6.155858688209857,8.39642429955621,8.146751,2023-07-02
2023-07-06,7.118060910104807,5.979794512655712,8.253977724280853,7.496934,2023-07-02
2023-07-07,7.1747092875712495,6.014242799511905,8.324292728818905,7.820655,2023-07-02
2023-07-08,7.199759890099292,6.027064071493121,8.317064771042865,7.599791,2023-07-02
2023-07-09,7.277834761134295,6.2028404323159165,8.394574417705995,6.829512,2023-07-02
2023-07-10,7.399014231946337,6.32810335532148,8.527621675202955,6.931477,2023-07-02
2023-07-11,7.479751426623434,6.345121726292475,8.594595419187183,6.659673,2023-07-02
2023-07-12,7.442228158761714,6.330433702497229,8.576394221172935,6.65598,2023-07-02
2023-07-13,7.426616770930066,6.255891524488961,8.572339690111928,7.186557,2023-07-02
2023-07-14,7.338581394127294,6.288412154340354,8.425860075825593,8.141653,2023-07-02
2023-07-15,7.248500143867059,6.1082281147923245,8.273666918784306,8.569531,2023-07-02
2023-07-16,7.276760304557893,6.0989131554767635,8.433876589789817,7.650679,2023-07-02
2023-07-31,7.391878699519351,6.220604145720946,8.518122197692435,7.705405,2023-07-30
2023-08-01,7.3480207447246055,6.1883455149238085,8.471508852103588,7.603977,2023-07-30
2023-08-02,7.317778513386223,6.169801803330716,8.498832747046958,7.466355,2023-07-30
2023-08-03,7.479330314705194,6.28814683847211,8.692844551750529,7.174903,2023-07-30
2023-08-04,7.39687671195524,6.254382893678647,8.574349413975723,7.442788,2023-07-30
2023-08-05,7.390147688064765,6.219437729801811,8.473901914949609,7.716772,2023-07-30
2023-08-06,7.5647007627319045,6.466876335137459,8.689946340726939,7.676444,2023-07-30
2023-08-07,7.669971615294346,6.545052142252322,8.818089340844876,8.216368,2023-07-30
2023-08-08,7.589471909857219,6.436895375642766,8.725844418137164,8.443041,2023-07-30
2023-08-09,7.624596698705619,6.53949086529334,8.804970650975447,8.484646,2023-07-30
2023-08-10,7.539867159894726,6.382576490318279,8.698802914443933,8.765861,2023-07-30
2023-08-11,7.404853968354299,6.255628463849988,8.53987294962308,8.236484,2023-07-30
2023-08-12,7.3915827407415025,6.260823575954405,8.583298101311398,7.673251,2023-07-30
2023-08-13,7.375856895005192,6.2013978184261305,8.460097393319613,7.521566,2023-07-30
2023-08-28,7.270977494287704,6.064869141736726,8.365054252787823,7.289533,2023-08-27
2023-08-29,7.307289113988325,6.1585880711602865,8.421895490611561,7.590831,2023-08-27
2023-08-30,7.334140245069582,6.214753804244833,8.51703407090895,7.436223,2023-08-27
2023-08-31,7.32941177301281,6.169542772619216,8.549283645386064,6.878062,2023-08-27
2023-09-01,7.371496489564402,6.2340641234639005,8.52235722654752,7.41147,2023-08-27
2023-09-02,7.075878614137444,5.961272285340011,8.19587822090412,6.948003,2023-08-27
2023-09-03,7.174126285335745,6.052206480340461,8.29113605452134,6.789665,2023-08-27
2023-09-04,7.429326062632978,6.215225531096821,8.509518294236686,6.865573,2023-08-27
2023-09-05,7.4217489513493975,6.283908893660379,8.639485838886634,6.878848,2023-08-27
2023-09-06,7.460637384868313,6.253018935893263,8.543975961612865,6.293207,2023-08-27
2023-09-07,7.467702134503565,6.355203408619203,8.597939596572344,6.292793,2023-08-27
2023-09-08,7.560908640678616,6.466968327147029,8.757179831400792,6.774416,2023-08-27
2023-09-09,7.585102497324168,6.4664629170212695,8.750724423582891,6.9311,2023-08-27
2023-09-10,7.7776847979945245,6.651608371716212,8.858890117110041,6.935346,2023-08-27
2023-09-25,8.157529610488574,6.959495987955434,9.287322242578783,8.099911,2023-09-24
2023-09-26,8.183985906688171,7.006250475791575,9.338994478425722,8.886306,2023-09-24
2023-09-27,7.932825282691896,6.809292332141982,9.083713142307134,8.457804,2023-09-24
2023-09-28,8.105151152428563,7.034898786412331,9.250140133765134,7.697583,2023-09-24
2023-09-29,8.267590491080867,7.155090678339061,9.435548619793781,7.127865,2023-09-24
2023-09-30,8.161578413296334,7.000711634450013,9.335230854276464,6.711125,2023-09-24
2023-10-01,7.854967388243808,6.692132577398831,9.021563718505268,7.46215,2023-09-24
2023-10-02,7.610215622167899,6.4510051181700065,8.73257733300841,7.148668,2023-09-24
2023-10-03,7.426358421691359,6.361851263576029,8.596826785274834,7.036819,2023-09-24
2023-10-04,7.621237534042059,6.4363635982444185,8.77214222933716,7.568122,2023-09-24
2023-10-05,7.573771238140699,6.433050053286168,8.749665143021748,7.172077,2023-09-24
2023-10-06,7.728942833249308,6.52763865443822,8.90943185352164,7.585957,2023-09-24
2023-10-07,7.931044335529794,6.722356438892079,8.98792620492657,7.536698,2023-09-24
2023-10-08,8.258959696699899,7.137827741098754,9.378217915314512,7.747246,2023-09-24
2023-10-23,8.613378713609714,7.542177423220214,9.734741715895517,8.528824,2023-10-22
2023-10-24,8.628987965798148,7.551670369570466,9.862166738792022,8.858229,2023-10-22
2023-10-25,8.511719184824415,7.314770832524911,9.64738673677803,8.656781,2023-10-22
2023-10-26,8.48133636692377,7.3071936029653015,9.596243669801408,9.074123,2023-10-22
2023-10-27,8.652320467586817,7.455830350362733,9.826911029089404,9.326349,2023-10-22
2023-10-28,8.478358318789331,7.297216708099781,9.505917766966556,8.127447,2023-10-22
2023-10-29,8.459544905994274,7.279358449142469,9.565170028247394,8.081873,2023-10-22
2023-10-30,8.483448740884509,7.337536475476177,9.748834984896012,8.15386,2023-10-22
2023-10-31,8.42604586910969,7.30010349817244,9.575207742877126,8.766011,2023-10-22
2023-11-01,8.398224247880808,7.227487957228949,9.611264885610193,8.163825,2023-10-22
2023-11-02,8.33595440379899,7.191651638717322,9.508808216742505,7.743656,2023-10-22
2023-11-03,8.246701436081715,7.181087760821283,9.397346923709998,7.414282,2023-10-22
2023-11-04,8.223442246685941,7.041845756027671,9.376291091450899,7.012733,2023-10-22
2023-11-05,8.33335533264762,7.234436359664727,9.478552726158194,6.997544,2023-10-22
2023-11-20,9.024515053820231,7.9702560058720415,10.171155673349773,9.916298,2023-11-19
2023-11-21,9.043642509879387,7.933605079261274,10.232228302215555,10.609515,2023-11-19
2023-11-22,9.16322832426662,8.021012300691796,10.300651836056126,10.545167,2023-11-19
2023-11-23,9.021929387538597,7.869727970562685,10.217229119439736,9.223678,2023-11-19
2023-11-24,9.018861116937394,7.8077735977765315,10.165665859178901,9.231163,2023-11-19
2023-11-25,9.005475752562784,7.919455455531257,10.131651943916593,9.441692,2023-11-19
2023-11-26,9.23911741376114,8.029615765080887,10.40043472437998,9.284154,2023-11-19
2023-11-27,9.616830692432492,8.475894365598258,10.70563831871085,9.922167,2023-11-19
2023-11-28,9.795937946807598,8.629030832664768,10.954886108153945,10.304614,2023-11-19
2023-11-29,9.688203173808006,8.518655813262093,10.800488463394629,10.127721,2023-11-19
2023-11-30,10.004803906233725,8.944411955950454,11.186718075866697,9.907555,2023-11-19
2023-12-01,10.169915264106514,9.0085088070326,11.275593111173736,10.000243,2023-11-19
2023-12-02,10.10398427055158,9.025916236856999,11.224733955199719,10.223463,2023-11-19
2023-12-03,10.062053701162675,8.94603112880174,11.105130906733248,10.904144,2023-11-19
2023-12-18,9.7148800268741,8.58177851404126,10.930203810460265,8.208093,2023-12-17
2023-12-19,9.80584418843594,8.649823044032482,10.958260751653418,8.497824,2023-12-17
2023-12-20,9.91872709685263,8.897271742624808,11.02253811945326,8.901685,2023-12-17
2023-12-21,10.104419135911291,9.003663054523486,11.290325771057047,9.648406,2023-12-17
2023-12-22,9.938323852545551,8.800290071347362,11.078306734195996,8.550906,2023-12-17
2023-12-23,9.713014806767898,8.593885430271577,10.784457484922001,7.398652,2023-12-17
2023-12-24,9.695855030340113,8.510494731082563,10.780421125276378,7.343751,2023-12-17
2023-12-25,9.693341954841522,8.547065413285491,10.850918956860662,7.00049,2023-12-17
2023-12-26,9.837362765853308,8.738373428269668,10.982330384648929,8.582598,2023-12-17
2023-12-27,9.89669023381404,8.797862915211741,10.966096756455434,8.469591,2023-12-17
2023-12-28,9.887812863653075,8.792998652437607,11.012526794524685,8.010498,2023-12-17
2023-12-29,9.987242605597974,8.888168754280738,11.16928355819484,7.893741,2023-12-17
2023-12-30,9.843245014553318,8.634980644500281,10.992836414275388,8.519924,2023-12-17
2023-12-31,10.06036098412962,8.984809217241237,11.223538020541062,9.824505,2023-12-17
